caption,emotion,confidence
"He's the upgrade on Fernando Erento this season, isn't he? Erento has gone back to Spain and Mandzukic just come here from Athletico Madrid.",curiosity,0.1488
There was room that he vacated that Carvajal was trying to exploit. Arda Turan. Gabi.,anger,0.0717
"I'm not sure he would have ever got there, but he does block the run. Some referees might have given that.",confusion,0.1032
The need is urgent now. Three of mid fields gone. Matuidi and Cabaye look like they're going to play as.,desire,0.1249
"Thank Unai Emery would have wanted to have brought on Gameiro around about now, but with the score at 2-1 or 2-2 just a little bit more in the game for Sevilla because he can score late on and he's got a great combination with Banega. It might be too little too late though for the home side.",gratitude,0.3101
Here's Busquets now. Mathieu. Mascherano.,curiosity,0.0831
Comfortable so far for Milan. They have. It only takes 1.,relief,0.143
"So the yellow card, for Navas. And Graham Poll had a look at that and said that's a fair yellow card.",curiosity,0.1333
Tonight's who's who of world football. Who's been skippering Brazil?,curiosity,0.1578
"Pogba, Furthest forward from Manchester United and still so. That's from a. Great winning goal for.",excitement,0.0927
 It's been a fair few months now at the club. It's that time he makes an impact and it's a good start from him.,optimism,0.1332
"Midfield player who loves to push forward. It's going to be a little bit restricted in the way Liverpool have set up here. More doing that sort of thing, getting in the way and intercepting and allowing Klavan to clear. Lovren.",desire,0.1006
Lose concentration. Make a mistake like that. Levandowski was on side now that his Giroud to turn onto his favoured left foot.,nervousness,0.1
Probably need that united just a little bit of respite at 5 minutes of pressure and defending allows David De Gea to get his team up the pitch. No thought of playing short.,relief,0.1122
The team concede they would need to score 2 to go through. Hernandez. Here's Arda Turan. Juanfran. Arda Turan again.,excitement,0.0688
"Aguero very, very nearly cut out that pass from Chiellini and had he done so, he could have turned and would have been straight in on goal. Inches in that.",excitement,0.104
Went across Milner. Lovren is secured by the near post. Good defending. Ivanovic.,caring,0.1042
Manchester United are pressing them apart. Can trying to not make Firmino flipping it inside. They having the basics right at the moment. Fellaini,nervousness,0.0794
"Yeah, Sergio Ramos, Illaramendi and the back four all will be in charge of just shutting out Sevilla. I think that's gonna be the tactic for the final five minutes or so. But you've actually got a back six more or less there. You've got six very much defensive minded players with the Kroos holding them together and being the connection with the three forwards. We've also got Gareth Bale, who's still fairly fresh in this game. If they just want to knock the ball up to him. : Kolodziejczak pushes it back to Rico.",desire,0.0862
"Here's the attempts answered. Manchester City, just shading it. They've certainly had the better chances this evening.",curiosity,0.0957
There was once that six in at [stadium]Old Trafford[stadium] nonetheless. Sagna can deal with that.,caring,0.084
"Fed in towards Kane. It's Alli! who's first to the second ball, just couldn't get hold of it.",excitement,0.1696
"Picking up the ball for the throw and it wasn't, camera says. To get really, it was clearly a royal ball and he's not made much of that.",confusion,0.1062
Good save by Courtois. Chelsea fast asleep?,curiosity,0.1274
"The little bones around the top of the foot and always a risk with the footwear not being as substantial as it used to be. Damaged, right? Serious.",embarrassment,0.098
David Luiz has been in majestic form of late.,pride,0.1369
De Bruyne is offside. Way offside. He makes a really good run De Bruyne.,curiosity,0.0794
"It's ideal now for Arsenal, isn't it? Chelsea now gotta come out. They've got to come out and play a little bit and they've got the pace.",optimism,0.1689
"And losing his footing through his own momentum, in the mind of the official, anyway.",confusion,0.1402
Rakitic with some workspace. To the right hand side.,caring,0.1131
"Whether there was a deflection on the ball, he thought he was saving a corner. I don't know. Anyway, it is a corner now.",confusion,0.2352
"They did only beat three of the other nine teams that finished in the top half here at White Hart Lane last season. That is a statistic that they will be hoping and expecting to prove this time around, starting today.",desire,0.1578
This marks his147th appearance in the Champions League. I wonder if you will get the opportunity to.,curiosity,0.3486
To get the ball and the angle behind the back 4.,desire,0.1082
"He's a great defender, but he looks as if he's got his shoes on the wrong feet this evening, doesn't he? He's looking down at his boot just now.",confusion,0.1804
"Into the hands of Rico. His best effort, though of the game, they're not really Tony Kroos is night so far in terms of shots on goal.",desire,0.0744
"But he was up to the task then, as Manchester United were caught out by a bulldozing piece of play from Emry Can and here's Coutinho. Looking for a one-two with Firrmino. Looked like he was passed, David De Gea Such a strong hand. Now Mane.",excitement,0.1106
"It's Rakitic, Iniesta came over to discuss.",realization,0.0856
Starting to consolidate all the lead Luis Suarez has given them.,realization,0.2149
"Not the sort of game that either manager would have wanted ahead of a European semifinal. I am sure Carlo Ancelotti would have loved to killed the game off at half time extended the lead to three nil rather than allowed a goal to be pulled back by Sevilla, and he must have thought that was going to happen when Ronaldo got two goals in almost a minute.",disappointment,0.1736
"Mandžukić for the most part, has been confined to that, just to. Click on clearances. Real start again.",realization,0.0985
That's gonna be Sterling for Markovic.,admiration,0.1651
Manchester City haven't hit the ball over the top of the back four of Barcelona once yet.,curiosity,0.0742
"For instance, who's going to play right back? Is he going to take Ivanovic or is he going to take Azpilicueta. He'll be making mental notes about this game.",curiosity,0.2267
A glorious return to the camp. Zlatan Ibrahimovic. Good goal. A good finish. The pressures on Luis Enrique.,excitement,0.125
A little bit of joy caused a little bit of danger at that last set piece from the corner this time as a wide free kick.,excitement,0.2325
On side and just wide. It really was.,realization,0.1376
Here's Van der Wiel. Lavezzi.,curiosity,0.0692
Maxwell. Ibrahimovic beaten to that one by Morel. Morel has got the free kick.,curiosity,0.0718
Marcelo. Varane goes low. Under.,disappointment,0.221
And now they've hit their straps in the last 15. What noise for Xavi He was good Rakitic.,curiosity,0.0985
"Well the whistle was blown it in any case. It looked for all the world as though OM were going to equalise there, let's have a look. The flicked header from Gignac.",excitement,0.173
And they will begin to think about what that Pep Guardiola was thinking that first 15 minutes just to shock tactic. The game settled down for a bit now.,surprise,0.1114
Curled in Otamendi was attacking it. Delph played it in again.,anger,0.2186
"Mane, he's so elusive, so determined. Getting into the penalty area and he was going to say the Chelsea, what are you gonna do to stop me? How you gonna stop me? They did stop him fairly enough.",excitement,0.1319
Thiago's gonna be a bit lucky to get away with that.,relief,0.108
"Good closing from Liverpool. It might have been a foul, but the three players gone to the ball at the same time, put Navas under pressure.",caring,0.0961
Navs with the ball in and it almost found its way through to Aguero.,excitement,0.1338
" Its been a disapointment. Fletch, regardless of the score or whether City equaliser even go on to win the game, it's been a disappointing night performance wise.",disappointment,0.3406
"Can, crowd wanting him to go the other way, but he hasn't got eyes in the back of his head.",desire,0.1715
"That he might be the new Carlos Tevez. Manuel Pellegrini stonewalling all questions, really at the press conference last night. It's a lovely ball by Paul Pogba, he set Dybala free just came off the outside with his left foot slightly away from Joe Hart.",excitement,0.1008
May be a problem late into a half. He's works so hard. Manchester United are going,caring,0.0976
"Cazorla. They're not quite completed. [commentor] Experience with the two young centrebacks and argue not a good one, but.",disappointment,0.1575
Possibly the most appreciated players amongst the regular Barcelona supporters.,admiration,0.2785
"And of course, it's a real setback, isn't it? For Manchester City and Manuel Pellegrini.",disappointment,0.1161
Thiago Silva clearing. Throwing to Marseille Gignac  Cleverly switching the play to Payet.,realization,0.1007
"Right, with de Jong, Poli in front of him, points where he wants, it receives the ball. Bonaventura. The overlap Bonaventura able to come in field.",caring,0.1379
I think Aleix Vidal was looking forward as well. He almost apologetically shot that one.,desire,0.0883
Combination of Pique and Pedro do enough. This is Mathieu on this left side.,neutral,0.0686
Banega floats it over. There's no flag. It's an opportunity.  For Sevilla,excitement,0.0997
"There is one league table that Liverpool are top of, it's the distance covered in the Premier League going into this weekend. They have run 500 miles.",caring,0.1051
"Huge relief around this stadium, but.",relief,0.432
"Chelsea thinking having set up the goal down that side, that might be the area to approach within this meeting out here on the opposite flank. Ivanovic.",curiosity,0.0987
Certainly tells you a lot about what Klopps thinking about Moreno in terms of his trust and faith in him.,caring,0.1597
It's a lot more difficult game for United Defenders all of a sudden. You can see the complexity for Jurgen Klopp. Daniel Sturridge is a fine talent and a fantastic finisher and certainly one who's always pushing to start and doesn't always.,approval,0.095
"With James playing on the right, Isco on the left.",caring,0.0874
Lallana fell by Arbeloa.,realization,0.0654
"[inaudible] foot again, but in the penalty area. So he's to give his. Sergio Ramos on the burst, on the spin.",excitement,0.1267
"I think the big criticism of Allegri in the early weeks of the season there is the fact that tactically they've got it wrong, didn't have a number 10 and natural number 10 before Hernanes arrived. They're missing Vidal's energy in midfield as well, but.",disapproval,0.1658
"Curled a long way for a moment. Cech was a little bit worried about where it might end up. Well, I'm sure he's wearing Peter Cech. Only one side of this game so far.",nervousness,0.2977
"I suppose that's the halfways on If it stays like this, the change would be coming if you want to turn the draw into a win. Or risk losing. He'll wait.",desire,0.1304
Mike Oliver promising a free kick in a promising position.,optimism,0.2267
"Mane, nice spin round the back of Rose. Advantage play by the referee. Clyne just on his heels as Lallana played the pass. Wasn't expecting it there. It's allowed FRose to come back and. Get the ball away.",surprise,0.1227
They've got Mane and Sturridge at the moment. Liverpool.,excitement,0.1477
"Started the second half capably and really had the chance to take the lead, Manchester United but Adam Lallana sent on to try and make the difference. These moments don't help.",disappointment,0.1181
Should a discontent at what Milan are putting on for them.,disapproval,0.2117
Not many teams can when you play against Barcelona at the new camp.,realization,0.0883
Got his rewards with the goal. Looks very dangerous. Pogba's ball.,excitement,0.1414
"From our side, Giannelli Imbula is suspended today. He's played every single game this season for Marseille up until today and he gives them stability in the heart of the midfield. Lemina is going to have a tough job. Thauvin Payet.",disapproval,0.0702
"A good prospect, the pair of them. They they did some good things together. You know Janssen, yes, played as the nine. and Kane is the 10. But there were times when they swapped that about both bright players. There was promising signs last week against Crystal Palace.",optimism,0.1136
He made a goal for Ronaldo at the same end of the stadium.,caring,0.0948
Ibrahimovic. Thiago Silva.,realization,0.0737
"Neymar to Suarez to Neymar, Neymar running across David Luiz with their head uncertain of its destination, the goalkeeper.",confusion,0.1851
"I don't think Jose Mourinho's ever going to come here tonight and be expansive. At the moment if you shake down 80 minutes, you got the Ibrahimovic header and two great David De Gea saves. And here's Matip",disapproval,0.0654
Particularly when it's the right back that's got a problem with the striker Eriksen finding Janssen.,annoyance,0.1276
It goes out of play. Nothing to do for Sturaro.,disappointment,0.2912
They have to restrict the clearcut opportunities that Spurs have had in the opening 15 minutes of this one. Coutinho,excitement,0.077
And I do seem to have. A real edge in this fixture.,curiosity,0.1109
"Get the ball to him but one thing you can't do with him is go sleep. It doesn't matter how they're playing, they're always look to score goals, but Liverpool tonight have been magnificent. They really have been both aspects of the game closing down and use of ball.",caring,0.0736
"First for Real Madrid and last year for Juventus, he scored in the final. He scored in both legs of the semis. In fact he scored five.",approval,0.1068
"If you look at the quality on that bench, Navarro, seasoned pro, Iborra, Gameiro, Coke, Vitolo Dennis Suarez. Always like to see Suarez come on.",desire,0.1386
"Clichy, replaced by Kolarov. The last change for Pellegrini.",realization,0.0648
"Really has been back to his very best since the turn of the year, since Cristiano Ronaldo was voted World Player of the Year.",excitement,0.1085
"[commentor] Just to finish that point, you were making, Gary, of course you're in the Liverpool dressing room, you haven't done very well and suddenly it's 1:1 you think you're coming in at one mil down. [commentor] Sort of the sort of things that would have been said. There is. We can't play any worse. And if we do start playing well and imagine what's going to happen and they've come out in the second half with real confidence. [commentor] I don't think they imagine what actually happened could happen though.",confusion,0.1231
Oh and Rakitic who made a run into the middle there and wasn't tracked.,confusion,0.1047
I think the Real Madrid have Tony Cruz and Luka Modric just controlling the tempo of the game as a full back. You can gallop forward. It will because you know they're not really going to give the ball away very often. You're not going to get caught up. Field is Marcelo again. Kroos. Benzema . On the lower up with him.,approval,0.0751
Won by Ibrahimovic and now for Pogba. Rashford,anger,0.0912
Gary Cahill. Here's a stat of three corners for Arsenal. Very dominant display.,approval,0.0991
"You know when he makes those runs and the second one comes in behind it, which has happened so many times for Liverpool this season. There's clear space.",realization,0.1594
"It's late, isn't it? He's caught him. Yeah, just leaves his foot in it and his Mustafi giving Costa a little bit there, just bringing him down.",disappointment,0.0772
The exit signs forward. He's was going to play,excitement,0.1758
Unable to make the most of the rare opportunity for Spurs so far today.,disappointment,0.1531
"Combining with Cristiano Ronaldo and the ball into the hands of Rico halfway through the first half, still 0-0",approval,0.0923
"Wasn't involved in the first game, previously been sent off against by labour queues. The first leg of the round of 16 Arda Turan round nearly bit. Then. Well, Pepe just saw the opportunity to maybe leave a little bit on his opponent now.",curiosity,0.0752
Into number 10s there into Coutinho and then round the corner.,curiosity,0.0858
"Celebrated the club have made today's match programme, which last season cost £3.50 a time, free gift to all spectators. So nice touch. Hey. Hey.",admiration,0.1318
James Rodriguez. Just trying to roll his man.,annoyance,0.0862
"And then Everton, from 7:45, both of those on ITV 4.",curiosity,0.0842
"Arbeloa. Kroos wants it again, but. Modric takes another option, Sergio Ramos. Moving up into Liverpool territory. James Rodriguez. It's a strong red line at the moment.",desire,0.1265
"Clicked in towards Zabaleta. Jordi Alba did pretty well actually, and Zavaleta fouled him. And did well after following his.",realization,0.0887
Contrasting onside offside decisions.,realization,0.1571
"When they do get in these two, Fellaini and Herrera, They've got control. Herrera again.  Valencia's pushed on from Right back.",realization,0.1096
"Failed to score in the match that he missed last week at Burnley. Well, he's very dynamic, isn't he? He's got that. Great pace. Dribbling ability that.",caring,0.0885
The best ball through that middle 3rd for Liverpool. So many unforced errors from Liverpool.,excitement,0.0905
"There has been an element of brinksmanship about this entire Champions League campaign for Manchester City. They looked down and out in the group phase, particularly going into the last 10 minutes against Bayern Munich here. Sergio Agüero.",desire,0.0804
"He is on the Manchester City bench, as is Kevin De Bruyne, who might also be a player who could pick things up for Manchester City. But it's been a very comfortable so far for Juventus, who had a goal of their own disallowed in the first half, and here they are with Sturaro looking to threaten early and Alexander Kolarov clearing away from Manchester City. Yeah, I wouldn't expect Pellegrini to wait too long, but if the tempo ahead, the lads in the studio there talking about agency, talking about tempo and that's what it's all about this evening. If it doesn't pick up.",curiosity,0.0891
"It really was wonderful passer, Maxwell. He's gotta carry on going. He's gotta leave. Montoya. As soon as he steps on him. He's got a yard. And on Marquis knows it's just a case of whether he could bend it into that far corner. So close.",caring,0.1136
"Hazard, always offers them hope.",optimism,0.2525
Competitive Palleta it's a corner which Empoli are. Something of. The experts.,pride,0.102
Took it on the first given to Aaron Ramsey. There wasn't too much of an angle. It's a great little combination of always passes fantastic. Exactly where he wants to receive it Sanchez. And Ramsey with those little runs off the centre forward. Here's Jordan Henderson. We know is an athletic.,caring,0.107
"And again, he's positive. Takes on his man now. He's just knocked into the side, but Demichelis gets beaten far too easily here.",optimism,0.22
Speaking to fans before the game certainly work coming into the ground inspired know he felt the same thing. Martin.,realization,0.1697
"But what he did, he flicked Firmino's heel, wasn't it? Heel.",excitement,0.1178
Sergio Ramos. Kroos. Played off by.,amusement,0.0751
Agüero looking fit and sharp again. Neymar through to Suarez. Busquets with time again Iniesta. Rakitic.,desire,0.0825
See the number of. Blue shirts around Sadio Mane Anthony Taylor's letting everything go. Coutinho. Firmino. Can. Henderson. Now Clyne has got forward. Filled by Sturridge. Mane,nervousness,0.0735
"The celebration tells you how hard Real Madrid have worked. That's just the night, let alone over the other sevens, against Atletico this season.",pride,0.1789
"These balls can be dangerous.Need a delivery from Willian. Disappointing in the last two or three. A goal for Chelsea now, could really change the half Time Team talks. In both dressing rooms.",disappointment,0.2189
"Earlier today. Of course, Chelsea against West Ham to come tomorrow.",realization,0.1146
Matic Hazard,embarrassment,0.0984
Rakitic. Messi. Now Jordi Alba.,confusion,0.0895
"Raheem Sterling, such a strong player himself. Low center of gravity. Firmino going in, it looked like shoulders and that's certainly what Firmino's talking about. But I think it was just into the back of Sterling.",confusion,0.1115
"Kane battling with Lovren and winning that battle. Now he's got Christian Eriksen in support. Alli, making his way forward as well. Red shirts back in the nick of time. Rose.",excitement,0.1419
"And the flag was up anyway against the Brazilian, but a really enterprising passage of play from Liverpool. Yeah. Fabulous passage after just going one nil up. Really got the crowds out of their seats.. You just see them holding the line and Firmino's just got to time his run better. If they time their runs better Liverpool, they can pick city up on the edge of that box if they set the ball up. And that was an unfortunate ball. Adam Lallana's fifth goal of the season and he's been in good form. It's his third goal in his last four Premier League appearances but.",excitement,0.0897
Payet dispossessing Verratti Lemina. Dja Djédjé,disapproval,0.0881
"Here's David Silva. Is often the player who can inspire City and just find that little bit of moments of magic from somewhere for them. But even he's been relatively ineffective so far. Sturaro to Cuadrada. Now Pogba. Morata is available too, and Mandzukic is waiting for a cross. Sagna gets a block on that. Here's Hernanes. Now Evra.",caring,0.0759
Valdifiori. Zieliński.,amusement,0.0651
Great save it was as well. From the young German goalkeeper.,caring,0.1149
Mané wants that just rolled in behind the Nacho Monreal. They've been in that position of couple of times. And In goes Firmino.,desire,0.2753
" Kompany did really well. Their message made it absolutely sublime, run off the back of him, picked out by Suarez just enough on it. The centre back. Look at that run. Just off the back of his number. Well played Kompany in the end.",admiration,0.1158
I think he's a little embarrassed. [commentor] Something's happened. [commentor] [inaudible] The goalkeeper.,embarrassment,0.4099
"For the first time, Mario Rui tried to catch Diego Lopez off guard.",surprise,0.1231
The glittering array of talent that he's got at his disposal.,excitement,0.1462
"Godín is captaining the team tonight, with Gabby having been left out.",approval,0.0782
"Well, that was very nearly the moment. Some fantastic pass by Suarez.",excitement,0.1564
The ball was probably only in play for a a couple of minutes because.,excitement,0.0721
Janssen trying to run the channels. Lovren stuck to his task well. Lallana.,caring,0.0854
Lingard helping United out with a late challenge on Lingard. Michael Oliver produces the yellow card.,curiosity,0.0718
Here's Mathieu. Mascherano.,realization,0.0748
"Real Madrid, only down to Ten for a moment or so. Carlos Bacca",curiosity,0.0629
Company with C and Kompany with a K and I'd love to have a bit of. It's going to be missing for a month.,desire,0.2259
Be careful what you say in the press. See if you know the managers sometimes don't like it. You go against.,disapproval,0.2272
"Don't forget Champions League highlights of all the games tonight 10:00 o'clock on BT Sport Europe HD. And right now going on the goal show great Way to watch the action with all the goals as they go in from all the games around Europe are special shirt show on BT Sport, ESPN.",excitement,0.1048
"You just wonder, Gary, generally where the ruthless, brutal defenders are.",curiosity,0.4298
Obviously coming to Spain on the back of a fantastic World Cup Golden Boot winner in Brazil.,excitement,0.178
"There isn't an obvious one, no Martial.They are so deep look Rashford is, which is his own 18 yard box. Ashley Young on the opposite side so far away from the counterattack at the moment. Clyne Lallana, Henderson.",confusion,0.0712
Most of any club in the top 4 English divisions. Not too much to show for it.,neutral,0.1068
"So on comes 31 year old. Bastian Schweinsteiger, who wears Number 31 and today makes his 31st appearance for Manchester United. He will Replace Juan Mata.",realization,0.0871
But I have seen worse contests.,realization,0.1211
Moses getting another chance here at Chelsea.,desire,0.0771
"Coutinho nudging it down for Milner, not had so many chances to get forward in the second half. Room for Wijnaldum. Henderson. Coutinho, from a standing start. Good strength from Origi. Played in by Milner, out by David Luiz, then Henderson. Milner again.",curiosity,0.0875
Ivanovic couldn't get this cross in.,confusion,0.2439
Arsenal on the move here. It's Klavan.,excitement,0.0921
"It comes in towards Matic who has never scored for Chelsea at Stamford Bridge. David Luiz has, not for a while.",annoyance,0.0753
"Won back by Coutinho, a little Untidily but looked in the direction of a red shirt which belonged to Nathaniel Clyne.",surprise,0.0896
Employed him as a right back in the preparations for the match.,caring,0.1135
"Eriksen just can't keep the ball low enough, but that's better trying to get in behind Liverpool and get some crosses in, which we said earlier in the first half, is crucial when you've got two guys who want to get in the box and finish.",desire,0.111
"They don't play close to the edge at that game, Madrid, but they haven't had many players sent off in their Champions League time.",desire,0.0738
"A couple of minutes to go to halftime. What were your thoughts on the first half, Alan?",curiosity,0.2339
Suarez. Ah he's gone all the way through.,disappointment,0.0917
"Jurgen Klopp is absolutely mad at Emry Can To be fair, talking about the changes of the options were a bit limited for him. Wijnaldum out. Lallana not quite ready to come back into the starting lineup. We wonder how long he's got in him and whether he will be needed sooner rather than later.",anger,0.2723
"Such a shame, because it's just building up that. Pressure on Barcelona?",sadness,0.2884
"Hi return's come in the nick of time, Martin Skrtel on the bench as well tonight, which is a welcome sight. For Jurgen Klopp",excitement,0.1148
Firmino. Clichy there there for Manchester City.,approval,0.1056
Alaixys Romao. Thauvin first chance really to run at Maxwell. Thauvin comes inside instead and a harmless shot. I think it was probably intended as a cross.,surprise,0.0829
"BusquetsSure, James Milner relish playing left back against Messi now. And his third position of the night.",excitement,0.159
"Aguero assuming hostilities with Blind It's a count back up again,Sergio Aguero.",anger,0.1309
Belittled his strike partner earlier when he didn't square it. Just played the ball blind that.,annoyance,0.0972
He and Kolo Touré really dealing with the the brunt of the attacking. Skrtel was part of the side. That one here in 2009.,excitement,0.0804
"He's got to keep it on the floor there, isn't he? How, he's allowed it to lift and go, I do not know, but great break again from Arsenal.",relief,0.1038
It's five in all competitions now.,realization,0.1746
"Now Mendy. Mendy thinking it in, headed away by Maxwell bit of Marseille pressure now.",realization,0.0994
What a night for him even just being on the bench here as well. And Bersant Celina the Kosovo born midfield player. Yeah. Listen to the boys in the studio there. I can tell them.,excitement,0.1405
Wouldn't have been much he could have done to stop that going inside the post had Mbia been a bit more accurate. Casilla nowhere near getting to that ball as you say. It was a real opportunity for Secilla. Aleix Vidal clashing with Marcelo.,excitement,0.0928
Just a little glimpse of the third bench. It's a.,curiosity,0.1711
"couple of minutes of the first half, which changed the complexion of that game and it didn't cost them the win. Checked it out.",caring,0.1091
"Because they went over 2 legs 2/2 in the Copa del Rey, a couple of goals from Fernando Torres on the bench tonight. They got through in the coppertail rate as well, and the two one to Atletico in La Liga.",approval,0.1152
"This is a fixture that hasn't been kind to Spurs in recent times, dominated by Liverpool. Over the last few years.",disappointment,0.2496
A great save again for Morata to keep them into the game.,relief,0.1235
"Actually, for me look a little bit leggy, Spurs not the.",confusion,0.1423
What a remarkable goal from Blaise Matuidi,surprise,0.2694
Coming up on Super Sunday Crystal Palace at home to Stoke on 30 Sky Sports One.,excitement,0.1238
" touch by the defender, but actually his initial shot was going wide with his left foot.",surprise,0.1484
Mignolet as he has to be close to his goal in case it goes directly towards it.,annoyance,0.0818
"Here's more good work from Lallana, although he runs into Clichy.",curiosity,0.0719
Looking for the referee to see what corner. It's going to be taken from.,curiosity,0.2008
"Busquets, he was a real Guardiola product from the B team when they were both at that level, the Bayern coach. Right at the hub of way.",excitement,0.099
There's no doubt you see Costa there at the top of your picture in the centre screen. He's further up the field. Coutinho Pulling him is Ivanovic.,realization,0.0865
"A little bit of danger there for Marquinhos, with Suarez snapping away as far as he can. Suarez he's the one that's trying to address, trying to get the ball quickly.",nervousness,0.1179
"He did, but it was interesting that they had seven players in zonal along that 6 yard line, Liverpool and gets a run on him and just gets the header. Really got to do a little bit better.",curiosity,0.32
And these wide areas left and right fullbacks are causing problems. Both wingers are causing problems. Boateng.,disappointment,0.1211
Covered though by David Luiz. Or was he know he's lost out. Suarez. Tries to bend one.,confusion,0.1747
"Over here on the left side, just Pastore playing anything but his position is wandering everywhere. On the left. Messi, now Neymar. This is Iniesta.",confusion,0.1649
Searching ball. That almost finds Ibrahimovic well defended there by Alaixys Romao.,curiosity,0.0983
"Liverpool haven't won here at Anfield in the Premier League since Boxing Day when they beat Leicester and they start the night 9 points off the top four. Of course, the team that they're shooting at for that top four place is Manchester City. Here's Navas.",desire,0.0757
[commentor] Half time was a killer. Just thinking about how you going to change your half time as a player when you're doing quite well. The one they look. Goal goes in against you.,disappointment,0.1538
Henderson has to show now that he's got the qualities.,realization,0.3064
"Now, Sterling. Nasri. Sagna getting forward to join in.",excitement,0.1231
"Messi. Headed by Zabaleta is rather perilous, with some Kompany reacted. It is a corner- cheap corner.",annoyance,0.1473
"The biggest game of his Real Madrid career, which is seemingly coming to an end after this season, but it might end, of course, in Berlin. The Champions League final takes place. Sergio Ramos.",excitement,0.1011
"There other time was this fixture last season, it was Callum Chambers and Gabrielle and Gabrielle is out injured at the moment. Would have been",confusion,0.0833
[commentor] Liverpool were 4:1 up.,realization,0.0921
Kroos. Modric.,pride,0.0879
"Yeah, I mean, it is just about on the line. He's going into the box. So it's a penalty.",realization,0.0797
[announcer]Substittuion for Alex Iwobi for Alex Oxlade-Chamberlain. [commentor]Chamberlain on his 23rd birthday [commentor]Couldn't shell it have done anything about those two goals. They were absolutely brilliant. Team goals from Liverpool. Precision.,caring,0.1102
Kompany challenged unfairly this time by Lallana.,anger,0.0984
"And system Manuel Pellegrini opts for. Three centre forwards on at once so early in the game needs most, I suppose.",desire,0.0981
Rafinha is the younger brother.,realization,0.0841
It's a really good finish. Sirigu going to his left. Gignac,excitement,0.1402
"But another goal has gone in that may well affect the title picture Arsenal 1-1 Swansea, Wayne Routledge with the equaliser, Joel Campbell had the early goal in that one. Swansea of course needing goals and points at the bottom of the Barclays Premier League table. 0-0 here 18.5 minutes gone or there about at anfield and Liverpool have made the better start.",confusion,0.0788
necesscity obviously of the club is that they've got to win games straight away. I think that they do lose today would come under some pressure Arsene Wenger.,desire,0.0757
Snap shot. By Ivan Rakitic,excitement,0.1217
Pepe. Varane.,approval,0.0783
Here's Pique. He's one of those who according,pride,0.0767
Good piece of play by Emry Can. Took off Anthony Taylor for Coutinho. Milner had a chance to win it back and he's just buying into a mistake and Coutinho. He will get it again here. Possibilities now for Liverpool.,excitement,0.1236
"Certainly, Luis Enrique will be scanning it just like you just see what it might mean, but it might. The plan might be under threat straight away, but the flag is up for offside.",curiosity,0.125
Montoya. Rakitic.,approval,0.0852
"There's a bit of discussion before the Teamsheets came out today as to whether Olivier Giroud might be on it from the start, bearing in mind he was given a rest in midweek in the League Cup At Forest?",curiosity,0.2247
Just trying to pick out Marcus Rashford in the middle.,curiosity,0.1282
A lot of screwed up papers being thrown on and. While the choreography. Displayed.,confusion,0.1482
Frustration for Pastore. Wait. He given a foul away that.,annoyance,0.2741
What challenge there the follow up challenge by Fernandinho was as important as the challenge we saw from Chiellini in the opening moments of the first half.,curiosity,0.1194
"Coleman, again looking to bend one.",curiosity,0.1709
"Mesut Ozil turns Kante rarely, rarely comfortably. This is a great shot. Turns Kante, Look at Ivanovic. Look at Azpilicueta. They're not bothered about getting back. Really are they? And then it's two on two movements on side. Clear as you like. Where's Ozil? Well, nobody's picking him up for the one-two, gets a bit fortunate banging into the goal, but when you're breaking forward, that pace and nobody's picking it up, you'll get your fortune. 3-0 Absolutely walk in the park this 40 minutes of this game. That's the danger as well.",excitement,0.1018
Some inspiration and a lot of injuries. Maybe this is crap. Sagna is diagnosed.,disappointment,0.1372
"Much has been made of Daniel Sturridge's role this season, of course is on the bench again today and it's Firmino who is playing is the most central of the three. Sturridge has talked about his frustration and Spurs wins free kick here given Dele Alli's way.",annoyance,0.0818
"Still, he's put in a good shift. Javier Pastore who was in action against El Salvador and Ecuador for Argentina during the international break. Rabiot will help to. Add numbers to PSG's midfield.",optimism,0.1224
"Bad news for Barcelona. Good news for Valencia, of course.",sadness,0.1751
To change you see Michael Essien and Alessio Cerci drop out of the Milan team.,disappointment,0.0808
"Courtois, easy enough, but far too deep.",relief,0.0697
What is the referee going to give? Arsenal celebrations are broken up and I think that the referee is going to rule it out as give method using the yellow card.,confusion,0.2117
It's close enough deflection and Ter Stegen's in trouble.,embarrassment,0.0989
"Here's Mangala, now Kolarov. Yaya Toure brushes Mandzukic decide and gives it to Wilfried Bony and carries on running. It was a good fullback play there from Lichsteiner, who covered across to make the challenge despite the fact that Chiellini was all over, Touré like a rat. Now Nasri. Silva.",excitement,0.1011
Here's Ibe Silva it on Henderson.,caring,0.0788
Slot in for Firmino. Silva then played it straight into Kolo Toure.,caring,0.0832
"Well, nice to sit here dropping off in numbers, but actually they're just dropping off and they're not picking up any Juventus players in between the lines. They just have to be a little bit more aware of what's in and around them. Here's Morata, who scored the winner in the first game/",confusion,0.1077
"And there's an incident here, which is left.",disappointment,0.0971
Shot by Suarez is blocked. Now Real Madrid will counter.,anger,0.0861
"David Silva with the free kick in towards Fernandinho, who got something on it, but not enough on it.",curiosity,0.101
"[commentor] there will still be some serious work ahead for Liverpool, cause Arsenal in that.",realization,0.0965
"He should do better with that pass, Henderson. It's not a difficult ball. You've got quality like he has.",caring,0.1197
"And there's some fine movement from Reyes, started the game brightly. Jose Antonio Reyes. And he's.",excitement,0.1245
This time he can find David Silva and now Sergio Aguero. Aguero rides the challenge of Can,desire,0.0984
"Full blooded challenges. Demichelis' passed has been picked up by Messi, here is Suarez.",curiosity,0.0877
Ocampos. The pass doesn't,disappointment,0.1252
Some space for Barcelona to exploit in the Paris Saint German defence. If he's up there. Suarez. Xavi gets his first touch.,excitement,0.1118
"Can to Milner and swept out first time here to Lallana, defending for Sterling to do, Flanagan supporting. Liverpool with plenty forward and Lallana on side and with some time in space to float one in. Liverpool, have to settle for the corner but they just switched off a little bit. They did at the back Manchester City. They played that high line. Look, they're all try coming out and they hold that 18 yard line. Lallana is just probably maybe just off sides. Once you get in there, you gotta pick a red shirt out.",caring,0.0927
Gets a little bit lucky. Müller. That's a terrific save from Peter. Check keeps Arsenal in this game.,relief,0.1019
United aren't going to win that one. Just gets the crowd up. Herrera gives the foul away. Ibrahimovic getting involved. Smalling.,excitement,0.1021
Both sides waiting to make a change.,nervousness,0.1596
"No, it's been a slow start from the home team. With the absentees.",disappointment,0.1812
"Watching each round, Madrid players is how much they're enjoying the occasion, how much they're enjoying this season, enjoying the management of Carlo Ancelotti? Not so much fun to play against them.",confusion,0.0772
"We've got a great goalkeeper though. Bayern Munich, they have to work hard to beat him, but they will get chances. There's too much space out there as the legs start to go by Munich, they can't keep this up. Now Boateng is in trouble. Suarez. Outdone by Xabi Alonso.",confusion,0.0699
"Barcelona have a clean sheet of five home games now. They do have the best defense in the league statistically. Yep, three goals is all conceded at home this season.",approval,0.111
Mario. In a wall.,realization,0.0621
"Look, that's okay. I don't mind that. He is trying to be inventive and creative.",approval,0.116
Agüero. Slipped away from Mascherano Sergio Agüero.,confusion,0.0547
"And he's a like for like replacement. Might ultimately be the first choice here in that position, Glenn, when he's settled down into life at Arsenal. Yeah, I think eventually, I think he's shown that he can get forward and he can be a threat. He keeps the ball. We've now got two players in that central midfield that really can keep the ball. And I think there's always been one that's been on the ball constantly. I think this lad will get on it even more maybe. So Chelsea have got their problems but they gotta get tighter in that midfield, Chelsea. They are giving them too much space.",caring,0.0988
"Maccarone and Pucciarelli waiting in the middle. Mario Rui, and he almost beats the goalkeeper is near post.",excitement,0.1521
"Marseille fans. Will be keen to see Michy Batshuayi on the pitch soon, but. 20 to go. No sign of him as of yet. Lemina finds Mendy.",desire,0.0918
Vidal closing Varane down. They're looking for a handball.,disapproval,0.0847
As a very disappointed Vincent Kompany. Borussia Munchen Gladbach away is the next game for Manchester City before the back to the back home and away fixtures against Sevia.,disappointment,0.3235
And Kolo Toure into the Manchester City penalty area. In it goes from Henderson.,excitement,0.0795
It's really hard to challenge for anything in the air either.,confusion,0.0802
"Here's Touré. Silva gliding away from 59 Hernanes, then Nasri through towards Bony, Bonucci, gets across body. Still got the shot away.",excitement,0.1305
Tony Kroos' shot broke the deadlock last weekend from a similar kind of distance. He hasn't scored too many goals this season. Just a couple to his name in La Liga.,approval,0.0828
Marseille will be slightly concerned about the manner in which Ibahimovic shook off Jeremy Morel on the back. Marseille lining up effectively with two full backs at centre half. Even though Morel and Fanni have done well in the middle of this season.,nervousness,0.1369
"Decides not to, plays it back to Isco. Isco inside to Kroos.",disapproval,0.1048
Or the area beyond the final defender.,curiosity,0.0995
They will try and keep the ball for a while. It's been really positive start from City.,optimism,0.4189
The man who was once a colleague of Luis Suarez at an Axe.,anger,0.1531
Plenty of sideways passes from Milan. Rami sends one forward. [inaudible] and Rami probably not. Familiar partnership on the far side. Just watched the run of Ménez.,confusion,0.0833
"He's offered it. He's a very hard, demanding task master.",desire,0.1091
Caught by Lucas. Lucas says no. But Martin Atkinson says free kick Chelsea. He lost out of 5050. Lucas in the box just before that. And then he plays it Hazard. He sticks his left boot out there.,confusion,0.1211
"You know what? I don't think Joe Hart actually wanted to pass it to Demichelis, he had to think about it and then thought that's my only option and then the back pass. Bit of a hospital back pass this one. It's going to move quickly, Joe Hart.",disappointment,0.133
"All of a sudden Manchester City finding it easy to keep the possession and knock it around, which they were struggling with early on with Liverpool really pressing",surprise,0.2896
Sharing a joke there. Serious business in the center. Ibrahimović [inaudible] hit the ball,amusement,0.1952
Monreal sticking to it here for Arsenal. Now Ivanovic And away by Laurent Koscielny.,approval,0.094
"Nasri onto David Silva, much better from Manchester City. Slick combination. Very good move for 1-2, one in the box. Aguero.",excitement,0.1088
"And this run off 11 straight wins for Real Madrid, only four have actually been here.",desire,0.1037
They sat him. City will see this is another opportunity to try.,curiosity,0.1294
"Happy to get the free kick. The last couple of minutes has been good for Liverpool. At this point, just need to slow the game down. It's a welcome free kick.",gratitude,0.1213
"One man through the middle is Ashley Young. He took it down cleverly. Others arriving to the left if Young can put in a cross from the right towards Ibrahimovic, Goalkeeper's flapping.",curiosity,0.0902
And Bacca's managed to get in behind him on a couple of occasions.,curiosity,0.0925
So it's gonna be Rabiot on for Pastore.,realization,0.1001
"An eerie silence. In the Stade Velodrome, it's not the prettiest goal. Ibrahimovic slipped as he took the free kick.",confusion,0.1311
"Marineo back in the spotlight, Chelsea against Maccabi Tel Aviv at 7 O'clock on BT Sport two. And on Saturday in the Barclays Premier League. Chelsea against Arsenal. The build up starts at midday. That's on BT Sport One HD and Ultra HD as well.",excitement,0.1039
"Not quite sure why he's chosen that one, if you look at it again, looked a little awkward. He's shaking his head.",confusion,0.4463
Jurgen Klopp's 34th game in charge tonight. He beat Manuel Pellegrini's Malaga on route to the Champions League final with Borussia Dortmund back in 2013.,excitement,0.0937
"He just needs to be patient and wait, get a run at him. Herrera.",nervousness,0.1464
the ball.Ges it away. Brilliant from the full back.,excitement,0.111
Wishing his teammate Michy Batshuayi the best of luck. He's just broken into the Belgian.,caring,0.0817
Sacrificed himself for his teammates.,sadness,0.1119
"Coming together, he's back in position and Real Madrid are back on the ball again. As they have been for most of the event. Isco. Ronaldo.",excitement,0.1162
"It suits Ivanovic as a right centre back doesn't it in the three? He's going to come out on the ball at times, but just find the midfield player. He hasn't got to get forward and get crosses in.",curiosity,0.1198
Marquinhos. Morel clears,realization,0.2005
"without committing a foul, which would have been pretty costly for Liverpool.",desire,0.0725
Cut Liverpool open.,anger,0.0952
"Just going back to David Luiz, John Terry's shot, we know those two can't play together. It's been proven before. I don't think this pair, Cahill was particularly good last time. So you have to improve and Conte's got his work cut out in terms of molding them into pairs.",disappointment,0.2121
Kante had to foul him because Coutinho had a little pass through. I think it was Mane making the run.,excitement,0.1242
James losing it to Trémoulinas.,disappointment,0.1557
Here's Matuidi. Pastore.,approval,0.1012
Short coner. Some of these short corners seem to. The ball delivered now to a Iborra. Flips it over.,curiosity,0.0807
Milan looking to double their lead. 90 seconds to go. That hasn't go in from Giacomo Bonaventura.,desire,0.1072
"He has got to get in front of Mascherano, then reason why he gives a free kick away because he allows the centre back in front of him and then he wrestles. It's a free kick, but he should be stronger than that. Hold the ball up, bring your midfield players into play. Suarez.",confusion,0.0781
Alex Sandro. He's got a very good cross on him. Look at this.,admiration,0.1293
Probably the overriding thought from the visiting neutrals was it's about time for Real Madrid to win one this season home advantage.,desire,0.1136
"Well, I said at the top of the game that it was how Chelsea were going to defend. Whether they're gonna get anything out of this game without John Terry my word, you know, they look all over the place, they really do. He never booked David Luiz there.",excitement,0.1031
"Such a great athlete, Kyle Walker, very difficult to beat.",admiration,0.089
Mascherano to Batra. Busquets.,excitement,0.0986
"Just watch Ivanovic when the ball's around him, he's finding it difficult to get near anybody. Matic. Diego Costa.",nervousness,0.0885
"It's the first time we've seen Navas get himself into a crossing position so far, neatly done by Lallana to Firmino. Kompany with the challenge.",curiosity,0.1195
He'd love to [inaudible] with me for the weekend would be ideal if he didn't have to use them this evening.,desire,0.347
Firmino to Henderson and now Can? Nathaniel Clyne.,curiosity,0.1045
Zabaleta with some defending to do. He's been brought back in tonight by Pellegirni.,excitement,0.0797
"Thiago's almost playing the right wing back, they are playing three at the back. Raginha left center back Boateng central, Benatia to the right.",approval,0.0884
"Here's Rakitic, Suarez, Montoya. That Xavi.",realization,0.0733
Super start for Spurs against Bournemouth who have a very good away record.,excitement,0.1272
Northwest rivals. They have won the last two games here.,desire,0.1169
"He's always looking to go on the shoulder. Those two centre halves, isn't he? And I don't think really David Silva's had enough possession of the ball with his head up to find him at the moment. That's what City have got to do.",excitement,0.1013
Now the player with the black eye has put one in the eye for Chelsea.,realization,0.1085
There's not a game you want to be replaced in if you're Griezmann it's a game you want to settle with your skill.,desire,0.1185
Early statistics show the complete domination that we've seen so far. From Arsenal,realization,0.229
Preventive Francesco Tavano. He's put a bit of spark into this Empoli attack still Tavano.,excitement,0.1267
"Here's James Milner, who has very much in store in his locker and Marcus Rashford roaring into him and Anthony Taylor's got an early decision to make here, but I think if you're united, there's no doubt, Jose Mourinho, some of his best performances at this ground of where he's been disruptive, where he's broken up the game, given fouls away. He goes a little bit too far there,Marcus Rashford, you'll not get away with another one.",excitement,0.1724
"Sirigu, thought he was gonna get there, but didn't Marquinhos was very alert.",nervousness,0.151
The match a little bit better than some of their understudies.,caring,0.0902
It's Leicester's night so far without kicking a ball.,curiosity,0.0791
"Moreno. It's probably a foul the referee saying, well, Liverpool got the ball. They haven't got the ball to any great advantage but. Still kept it. Not for that long and.",confusion,0.0706
Sterling has a very little impact so far.,neutral,0.0894
Here is Xavi. Alba. And Neymar pulls it across.,caring,0.0977
"They skipped between it. It's Clyne and Lallana just jumps through that gap and then powers into the box through Jordon Henderson. And he's inside to Mignolet . Deflection, I think.",excitement,0.1166
Round of 16 via penalty shootout.,realization,0.1334
Into the last 16 for the first time last year.,realization,0.1464
"Kill the atmosphere and they've done that in the first half, United frustrated Liverpool.",annoyance,0.1857
Getting into these sort of areas in the last 10 minutes or so. Fellaini breaks up the play. Liverpool making some ground. Winning the ball back and. Lifting the crowd.,excitement,0.1817
"Certainly not quite. Roberto Carlos as he would have shot the moment he got the ball, really seeing the Liverpool have to do better than that. They've done well up to this point, but you can't allow the fall back just to waltz forward. Will let that get a shot where you have to close him down much, much quicker. So it's another corner. Variation on the theme. Tony Kroos. Playing.",confusion,0.0866
"They've been, they've been told to calm down a bit now, Aguero, De Bruyne and Navas.",nervousness,0.1022
"Black shirts with the ball now. Cristiano Ronaldo, Marcelo. Marcelo taking on Diogo.",excitement,0.088
You got that one correct [inaudible] But fortunately it's been a.,relief,0.2655
"But since they got the third goal, Rob, they really have looked a lot more assured.",optimism,0.1853
The Monday night main man to have their name in the headlines of the Tuesday newspapers.,excitement,0.1075
Here's Xavi. Messi aiming one for Neymar that time he was offside. Stuck his right hand up Van der Wiel.,excitement,0.1273
"What have you made, Alan, of this experiment, if you can call it that of Sergio Ramos playing in midfield.",curiosity,0.4278
And was occasionally wasteful as well.,disappointment,0.1036
Got to round it in the way that he would have liked to find that top line.,desire,0.2605
"Fernandinho, for Silva, and now Aguero.",admiration,0.0699
"The advantage and pulled it back, Anthony Taylor. Man of the match, Gary Neville? Well, I think they were between two. I think De Gea made a couple of great saves, but that's been the story of the match. I thhink for me, Herrera in midfield for United has been the best player in the first half when all the second balls took the sting out of the game. Hemorrhage. No foul. And he did whack the ball away.",excitement,0.0887
"Here's Matic. Batshuayi can set off, although Petr Cech who's had a really quiet game.",excitement,0.0768
He was always struggling to get goal side Miranda. So he did the only thing available to him.,disappointment,0.1033
It's 3V2 practice these in training all the time. I'm sure it was the right pass from Firmino. I think he may we could have gone to Mane the opposite side. The chance missed. Elneny,caring,0.0837
Good challenge from Antonelli Bonaventura. Antonelli wants the ball back. He's.,desire,0.1677
"I think he's. I think he's looking for Clyne really, to make that overlap, and I think he's a little bit reluctant because he goes down in that Channel there, he's got to use his left every time he's got the ball, he's come back on his right and that's the problem Liverpool have down this left hand side. Lallana comes inside, Clyne's coming inside, Firmino, all coming inside, and I think someone's got to be brave enough to go on the outside and stretch City. Can sends it forward towards the reggae.",nervousness,0.1126
Kompany swings it forward towards Sterling. It's a Liverpool throw in.,excitement,0.0988
With the speed to get back to make the tackle. Zabaleta's had a stop-start season this season with the. Knee problems.,desire,0.1079
"And Matt Matuidi at the moment is just a drop back to cover, but it does.",relief,0.1097
"Zabaleta to Navas. Silva, Emry Can in for Liverpool and then Lallana's been effective at both ends of the pitch, can play it away.",caring,0.0823
Maybe they are trying to turn the screw. City in the second half.,confusion,0.1181
"He's got the ability now in the form they're in and from what we're seeing defensively from Chelsea to open them up like that whenever they come forward Arsenal. Je's got a problem, hasn't he Conte? Yeah, because whenever they've got the ball defensively there's so flat the full backs that don't push up at all, so they get to this position. Now is like Gary Cahill, what should I do?",curiosity,0.1403
Firmino. Clichy there there for Manchester City.,approval,0.1056
"But just one step forward, couple of steps back, it's a great finish from Ronaldo. As you say though, questions will be asked as to whether it was the right strategy to play for five minutes with ten men.",curiosity,0.1718
[inaudible] David Luiz. Martin Atkinson,confusion,0.1664
Montoya. Iniesta.,realization,0.1071
Fernandinho carries on running and then David Silva and back towards Aguero and it was alert defending again from John Flanagan.,excitement,0.1375
Without really. Troubling this man too much. Lopez. Controlling the ball that.,disappointment,0.1507
"[commentor]Rob[commentor] was looking for a bit of space that he could run at people. He's always had double cover and that occasion he was coming inside on his right foot with time to get his head up and it's a fantastic strike. It's a wonderful, wonderful strike from him.",excitement,0.1334
Milliseconds almost. Pepe robs the ball off Alex Vidal.,excitement,0.1129
The win on their CV. Ronaldo not far away from getting his head to.,excitement,0.1225
Mane battling again with Vertonghen. Fall from Wanyama. Here's Lallana.,anger,0.095
"And then an overhead attempt from Sergio famous, we know he loves the spectacular, doesn't he? It it just wouldn't be a Real Madrid game without a Sergio Ramos overhead kick. He he loves to try it.",excitement,0.176
You have to give City credit based on the fact that didn't change the system and yet they changed it to performance. Pellegrini stuck with the 4-4-2. They've been so much better in the second half.,caring,0.0909
"It's more good movement, isn't it? From Arsenal. Great movements.",approval,0.1582
"We've had chances so far for both teams. The closest coming for Real Madrid. It appears now that they're setting the pace and Sevilla are just trying to soak up the pressure a little bit more, Unai Emery's side. He's always have these spells in the game in which they just allow the other side to have possession.",caring,0.0787
"Buffon does really, really well. Live and alert.",caring,0.1333
Good to see he's back up on his feet. Gerard Piqué.,relief,0.126
"But if anything, the playing with a 4-1-3-2 formation. They're really worried about David Silva taking up.",nervousness,0.2076
Chelsea could be in trouble here. Mane's offside and Origi had the chance to take it on himself.,embarrassment,0.1097
And have that amount of time probably thinking about what it would mean to get a goal back here. Here comes Barcelona on the break.,curiosity,0.1197
"I think it stems from the pressing it really does. I think that they've come out with so much energy and when they press teams they get this confidence and once they win the ball, they're good players that can use it. I just wonder what Claudio Ranieri sat there enjoying his night off and what he's thinking about tonight. Manchester City trailing here and Swansea, have now taken the lead at the Emirates against Arsenal. Ashley Williams with the goal. Arsenal were a goal up in that one. But Swansea have come back to lead 2-1. Tottenham are losing as well. At Westham.",curiosity,0.1509
"Kill the atmosphere and they've done that in the first half, United frustrated Liverpool.",annoyance,0.1857
"The quality in the game hasn't been there, particularly in the final third.",disappointment,0.236
Chambers. With wayward. Liverpool coming into the game in the last five minutes.,approval,0.0861
"And Mangala and Zabaleta, the most recent injury victims, not quite sure what the extent is with them. We'll find out more bit later maybe. Here is Aguero. Delph couldn't make headway.",confusion,0.2327
"Well, you don't see that very often. A player failed from the penalty spot.",disappointment,0.2031
It's a clash here. Sergio Ramos again involved. He seems to have Come off the worst,disappointment,0.178
"He's taking the great number 10. From Carlos Tevez, now they do miss him.",sadness,0.1405
"Henderson's ball towards Origi. It's quite blustery here at Anfield tonight. We have seen on occasions that the ball moving around a little bit stranger than normal. It is affecting the game at the moment, but that's where you gotta get it down and be bold and pass it on the deck. But both teams are little bit wasteful in their passing, particularly City. They've gotta get a base to their game. They haven't really started yet. Here's Milner Now Lallana",annoyance,0.0893
"He was brought in to be the number one Karius, he got injured in preseason. Broken hand.",curiosity,0.0768
Very good value for their two nil half time lead. Antonio Conte would take 2-2 for the second game in a row in the Premier League and David Luiz. Scared tonight.,nervousness,0.2519
"Been in good momemts, Jesus Navas n so far. That's not quite so good, but also deflection on it. It's another City corner",caring,0.0707
On comes Morata who's actually played in the last two Champions League finals.,realization,0.1112
"Well aware of the threat of for Cristiano Ronaldo, they've always got a man on him when a ball comes into the box.",excitement,0.1171
Gignac Buying a first half hat-trick hit.,excitement,0.2229
It was Sagna who got the flick on to cause the chaos and the wrestling match with Michael Carrick. You could argue that.,excitement,0.1669
"So close to Barcelona, making the first breakthrough in the semifinal.",realization,0.1123
"With him on the pitch now, you can't allow Chelsea to go up. Sorry, Arsenal, to get on the outsides and get crosses in, they've had a couple of chances there to put crosses in, reluctantly turned them down, but now Giroud's on the pitch. It's a really good option that they've got.",remorse,0.099
"Frustration between the challenges at his foot. It's a little bit better, a little bit.",annoyance,0.3588
Colombian international Claudio Bravo is being preferred.,approval,0.1071
Morel. Colliding with his own. Teammate Lemina.,excitement,0.1329
He's a Champions League debut hat-trick now. It's better from Kompany.,realization,0.1145
Luis Suarez single handedly taking PSG apart. Those two in the crowd. That makes it difficult. So does he.,excitement,0.0777
"Returning to the side after suspension, saying fate in the last round is Mattia Destro.",curiosity,0.0673
He's slipping and Manchester City are slipping. Darmian,disappointment,0.1935
Over Bonaventura. Side drifting field. Simone Verdi. Paletta read it really well. Verdi's going to get a yellow card for winning the ball.,curiosity,0.0826
"They have thought about going on in the area, shot was deflected, then blocked Mario Rui. Behind Rami. [inaudible]",confusion,0.0914
Marcus Rashford drifting on.,curiosity,0.1172
Laurent Koscielny. Now with bellerin?,curiosity,0.163
Origi. Moreno. Two substitutes working here. Rooney tracks back He did it this time. Getting his footing in on Origi.,realization,0.0968
"To loop it over to Highlander funny just makes his move too early. The pass perhaps didn't help him, but. Fernandino.",amusement,0.1432
"Some defending for Otamendi to do, which he doesn't do and Origi's in and Origi got it in.",confusion,0.1231
Is James Rodriguez.,realization,0.0896
"So disheartening from the back four when you've done pretty much everything right, they haven't given Barcelona sniff, really.",disappointment,0.2613
"Well Pastore again losing out and his influence on this contest is fading. We saw plenty of Javier Pastore pass away in the 1st 20 minutes, not so much since. And now he's gonna get the yellow card",disappointment,0.2774
And Kolo Toure into the Manchester City penalty area. In it goes from Henderson.,excitement,0.0795
"Spurs have scored in each of their last twelve Premier League games, the last time they failed to score was in a defeat at [team]West Ham[team] back in early March. They have certainly got the attacking ammunition.",caring,0.0965
Macarone. Won a foul here in a dangerous position.,anger,0.1057
"Both teams starting the match with ten points from their first five matches, but even though it's early in the season, they'll be acutely aware that Manchester City's win at Swansea earlier means they are already eight points behind Pep Guardiola's team in this early Premier League table.",realization,0.2096
"The difference? OK, back to our commentary team.",confusion,0.1908
There's any Iniesta. Now Alba.,realization,0.0711
"I definitely wasn't. So would I say, Steve, you were. I wasn't, that's for sure.",confusion,0.1146
"And the first half that's not brought anything like the kind of domination that we've seen from Manchester City. It matches this season, just one attempt on target so far.",desire,0.0726
"Manchester City may have to almost accept little lulls in play, where Barcelona do dominate the ball, just keep the shape and keep their patience wait their moment to get involved again.",caring,0.0921
"Couldn't get it into Sturridge's feet, which is what they're trying to do but those ",disappointment,0.1332
[commentor] Was it made you and Clark [inaudible] his decision as to who he's bringing off?,curiosity,0.2424
"Van der Wiel, Verratti. David Luiz playing the ball out of his 18 yard box. Few Chelsea supporters, a bit nervous from that [inaudible] over the years. Busquets. Luiz.",nervousness,0.2503
A Chelsea goal could be a real momentum changer in a game in which Arsenal have had all the momentum for the opening 62 minutes. See whether Willian can create something to trouble Petr Cech from the free kick. Easily away by Xhaka.,curiosity,0.1431
On the plate for the predator Andre Pierre Gignac.,excitement,0.13
"Pastore. No, let up in the work right from Barcelona, Suarez just having a dig at Javier Pastore. Montoya in the way of the ball that was intended for Maxwell. And here's Messi.",annoyance,0.111
That's just a soft little drifted pass over the top. He's in trouble again.,embarrassment,0.1215
"That's how close they were. Yeah. You see, there just comes off Fernando so Yaya nearly got a touch. Buffon doesn't grab it properly. Alvaro morata. Is going to come on here.",excitement,0.1255
"Really, to be honest, threat from all over the place. Coman to Thiago slides another ball in Muller's looks to feed Levandofsky again.",nervousness,0.1255
"The concept was out area, so Milan down to 10. The goalkeeper has been sent off.",confusion,0.0953
That wins a throw for Milan. 90 seconds of the 90 minutes remain.,realization,0.1129
"I say that, but before they got the second one, Lucas I thought should have scored. Messi. Mathieu. Iniesta. Neymar must have had a call to let it go.",confusion,0.076
Can't play the ball through Liverpool player.,disappointment,0.1305
Instead towards the Nemanja Matic and defended well back there for Arsenal by Koscielny. Now Willian. Ivanovic.,desire,0.0717
"It is a very interchangeable 3, isn't it behind Wilfried Bony? But they've not been allowed to do that so far by the determination defensively, of Juventus.",confusion,0.1986
Suddenly they found their their footing in the match and found their football [commentor] There is Coutinho.,surprise,0.3062
So first opportunity. Xabi Alonso.,excitement,0.1168
"12 players, all the space in the 10 yard box.",caring,0.0776
It would really have disturbed Manchester City's. Position.,annoyance,0.1195
"Klavan. Coutinho, They're working hard Coquelin and Elneny. They're doing well.",approval,0.1131
Causing all sorts of problems in the heart of the marsette offence.,confusion,0.1208
United's done a good job for half an hour. There's quiet in this crowd. It's frustrating them.,annoyance,0.3444
"Got ahead of Can and let him run behind him. Yeah, he got free even amidst those.... That's not marking. That's not really tight. Only can around him. He blocked Can once. And he tried anf block him also. Let me ask you this question, Gary? Do you think Manchester United could have come here and been more ambitious?",curiosity,0.2026
He's got an injury during to overload in his club career. Tiago. Koke.,disappointment,0.0678
"They had a couple of decent moments, but they need to show a little bit more.",curiosity,0.0793
A chance for Liverpool to counterattack this five moving forward here for them. Firmino in the centre.,desire,0.0996
And running down the clock and getting a corner. 2 minutes of stoppage time to go.,excitement,0.1797
Here is Adam Lallana started again brightly. Firmino,excitement,0.1648
Should have headed the ball in the back of the net. It is a fantastic move.,excitement,0.1717
Sevilla of an incredibly.,excitement,0.1084
3 blue shirts in the middle. It's a good ball in. Poli decided to chest. It's only as far as Tavano. Cerci back helping.,caring,0.1187
He's fortunate to be able to do it at nil nil.,gratitude,0.1379
There not about outside. There was no flag. Saw him late Bellerin. Just enough in the end.,confusion,0.086
"Also coming up for next week, Tuesday 6:30, the build up starts Hull City against Arsenal. That's a seven o'clock kick off in the FA Cup. BT Sport 1HD",excitement,0.1319
Put the result to bed against this much altered Liverpool lineup.,disapproval,0.3293
"Referee does stop play this time. He's given the free kick Liverpool's way and the Spurs faithful, increasingly frustrated with the way these decisions are going now.",annoyance,0.2513
"Kroos. Working with Benzema. Still, Tony Kroos. It comes out to Marcello. Mignolet. Showing authority where it was needed.",approval,0.0933
"Did look with the 18 yard box line that maybe his boot was ahead of play, so technically offside but very close decision.",curiosity,0.1241
Here's Wijnaldum . It's been a couple of goals.,excitement,0.0876
"Here's Willian and now we've Ivanovic, who couldn't really get forward, not at all. In the first half in towards Diego Costa, Mustafi was there again. The Arsenal central defender. Now David Luiz.",confusion,0.1217
Dzeko has found Nasri. Dzeko has found a cross and found Piqué.,curiosity,0.1018
Fabian Delph is being warmed up as well.,excitement,0.1506
I do not know what happened defensively. Here is another chance. This time Dybala. Is stopped.,confusion,0.1853
feet in around the edge of the box rather than just keep playing around the face of Liverpool.,excitement,0.1261
Lovely penetrating pass from my Mascherano great cop back from Suarez and an excellent finish from Lionel Messi gets it back on level terms. But that's only one of two chances that they really created this opening half [commentor]Rob[commentor]. They need to do better. Paris Saint Germain very well organized. Neymar towards the shoulder. Runs into Thiago Silva.,excitement,0.0868
In a variety of different positions in the first half has moved out to the left in the second half the. The position that we're used to seeing him play.,realization,0.099
Just. Tugging back at Alaixys Romao,annoyance,0.1193
"A lot of predictions, Alan from the media pack here, which is huge, incidentally. But this would go all the way.",confusion,0.1105
"Having done the hard part, I mean Oblak comes out well to close down the angle and get a touch on it.",curiosity,0.0824
Who was the first night in that big Liverpool win at the Etihad in November. Otamendi with the clearance.,excitement,0.1239
You can see Manchester United doing a good job. I think over on that left hand side Daley Blind and Ashley Young were almost man to man.,admiration,0.0947
You might look for another one here. Reyes Good overlap from Diogo.,curiosity,0.0998
"There's been a lack of quality, you'd have to say United would be the happiest. By a street with this first half.",disappointment,0.1524
Moments ago draws come against [inaudible]. Maccarone,disapproval,0.1773
"Furthest forward, he did score his first Champions League goal for the club in Seville.",realization,0.1005
Instead of Nasri but someone just stretched the game. Try and break forward.,curiosity,0.1072
"United have done the Premier League double over Liverpool in the two previous seasons, but don't forget Liverpool knocked them out of the Europa League. In the early spring. Moved on to the final, of course, in that competition. Mane Firmino again. It's not ",confusion,0.0715
Coming up to the last the minute of every regulation time before half time. The angle of three pick is probably the most dangerous. Coutinho takes and nothing in danger,caring,0.1123
"Well, it's come from nothing, really. You have to think the distance's come from.",confusion,0.222
Andre Ayew's head. It may well be kept in by Mendy who'sone well.,caring,0.0692
Will aid the defensive strength of the midfield.,realization,0.116
Lucas. Matuidi. David Luiz. Yes. Matuidi. David Luiz. Back to Sirigu.,approval,0.0874
"His 10th match in the Champions League, would you believe that we played in the competition for Liverpool. Gonna start on it with that.",curiosity,0.1213
Poor from David Luiz. You can say that he's up against the world class player. But to commit himself and not slow himself down knowing that Luis Suarez has been doing that. The last 3-4 years.,disappointment,0.1121
Runs for James Rodriguez and then. Dani Carvajal.,excitement,0.1335
Kolo Toure plays it up here towards Firmino.,approval,0.0787
"Doesn't hit him enough Raheem Sterling, but Buffon's open. How quick again, to knock that one over the bar.",excitement,0.0899
"What Mourinho wanted to do they've done in terms of their tactics, obviously they haven't scored a goal. Rashford.",disappointment,0.2141
"And Lee Hughes got an equaliser for Notts County on the night. They were halfway down League One at the time. What a lovely gesture. Yeah, it was, yeah.",caring,0.1127
And here he is again. Here he is again. That's astonishing. It's absolutely world class.,surprise,0.4466
"Yeah, the big fixtures, but they're in decent form at the moment and got a lot of their players back fit. Their important players back fit. So you know they're ever going to string a good run together. You'd think it's now.",caring,0.0955
"In a game where you expect to have your backs against the wall, take chances like that.",nervousness,0.119
"Persistent play there from Banega, but the ball goes out for throw in in favour of the All Blacks of Real Madrid.",excitement,0.0799
"I'm sure every manager's preparing that speech to the runner. No easy teams left in the Champions League. There is an early team of qualifiers who qualified through merit, and sometimes when you've got injuries and you've got key players like Aguero missing, he's a welcome return. Staggering.",surprise,0.1779
One small step in the wrong direction from that takes you to overconfidence.,confusion,0.1508
"Since that second goal, when everything that you wanted from Liverpool in the first half and now doing taking the ball on the half turn and not taking the easy pass to same pass, passing it back a lot in the first half, now they are popping it round the corner. Something about those types of players. Lovren.",curiosity,0.0816
"It was a simple one, but you would fancy him",curiosity,0.1062
That's what Martin Atkinson has. Stopped proceedings for. This is how it happened. His head in the back of my head.,realization,0.0775
Here's Zabaleta. Fernando. Emry Can was not giving him a second piece on the ball and then Navas loses it.,disappointment,0.1409
"Want to make sure the ball doesn't go the whole way over the line, couple of instances, in the first half there.",desire,0.3228
Anyone in the final third for Milan was depressing Mattia Destro.,sadness,0.2917
Just got a break on them a little bit quicker when they get the ball easier said than done. Barcelon down to 10 at the moment. Neymar's off the field receiving treatment. Aguero to Milner.,caring,0.1359
"City do have to play pretty high of necessity and take that risk, but they do get in good positions like this city, just the final ball, that's lacking again. Toure, so strong.",caring,0.0879
"Gets the bend there, but loses the ball to Kroos",disappointment,0.139
Ménez has not yet got into this game. Jeremy Ménez closed down by two blue shirts. I'm already. The sunset.,excitement,0.096
"That kind of sharpness he's gonna need in the Premier League here, already shown it. Darmian.",realization,0.1375
"On the first time these two teams met this season, it was a delayed fixture because Real Madrid were in action in the World Club Championship over Christmas, so it was delayed until back in February. Real Madrid went into a break 2-0 up, then with goals from James Rodriguez and Jesse Sevilla, pulled one back late, so don't rule them out just yet, Sevilla still with options and they can change things up on the bench. They got the likes of Gameiro.",caring,0.0881
"In our studio, who perfected that type to finish it over the years, Tieri Onry.",caring,0.0946
"So it's pretty good form prime form, you could say just recently for Arsenal.",optimism,0.113
Thiago Silva'ss clearance. Morel now.,realization,0.1532
"Lucas's 350th Liverpool appearance tonight, but not too many recently.",excitement,0.0737
"At Saint Etienne as well, Payet and Matuidi, two good friends.",caring,0.0989
"In it goes, only to a Liverpool defender. Lovren with a clearance.",curiosity,0.0793
"Pressurizing Real Madrid in the early stages here, but giving away.",disappointment,0.0902
So often the last 10 minutes. Ball played in by Suarez.,excitement,0.0804
And could the longest running home streak in European football be coming to an end? Sevilla haven't lost since February of 2014 at the Sánchez-Pizjuán,curiosity,0.3127
"They've closed the game down a bit Bayern Munich. After that most open start. They've just got an extra player at the back. They're still trying to do a lot of the same things. You see that front three there pressing up, but they just got more cover. You know, that was very similar to the flick on that were left through to the Suarez chance early on where there was.",approval,0.0857
"Couldn't really complain, no.",neutral,0.1076
3 around David De Gea Out by,excitement,0.0599
Marcelo. Benzema.,realization,0.0789
Won by Ibrahimovic and now for Pogba. Rashford,anger,0.0912
"He's got out of that press really easily. Just a simple teurn from Pogba. If they're going to go and dress, they have to press as a unit and press really tough.",annoyance,0.0746
But they asked more of a striker than just goals.,confusion,0.1264
"Gignac, Gignac going for goal and the ball bouncing up nicely. For Sirigu",excitement,0.1837
"Matip inches away from celebrating his Premier League debut with a goal. It's a really good ball in from Milner. He uses his power there, Matip.",excitement,0.1437
"And with the emphasis on the rash, I think also you look at Liverpool's quick starts to games United will not want to let them get into the game, James Milner, pointing out to the referee. Make sure you let one of our players have a free one as well. Jamess Milner's almost old enough to be his dad. But.",disapproval,0.0776
"Kinda sums up Steve, the opening half an hour from Manchester City, doesn't it? It's a real lack of options. It's completely different. The fans must be shot and they they sound shocked because they're not used to this. They're used to Manchester City coming out.",confusion,0.1555
Mane trying to slide it through for Clyne. Chelsea restricted at the moment to try to play on the break here at the bridge. When they get back all behind the ball. Chelsea just trying to push them up the pitch. They do look solid and difficult to break down.,caring,0.0751
Fabulous clears from ter Stegen. Messi here has said that he's better on the ball than he is.,approval,0.0899
Going to celebrate their 11th clean sheet of the season Paris Saint Germain..,excitement,0.193
Into where Clark can head away and Clyne boots away.,nervousness,0.0955
"Silva back to Milner, here is Nasri.",realization,0.0688
"Suarez. Still in the balance, though Rob wasn't at the games.",neutral,0.0907
"It's been a good week so far for the referee tonight, Martin Atkinson. He's been selected along with Mark Clattenburg to be the English representatives at the Euros. In the summer.",optimism,0.1143
"Speculation from the dressing room area, incidentally, is Kyle Walker has gone off because he's feeling ill, rather than because of an injury.",curiosity,0.4044
"Well, yeah. He should have scored Raheem Sterling, but to be honest it was missing anyway in his first chance and all it took a deflection, but it was missing.",disappointment,0.1353
It's a piece of try. It's more than that for Jordan Henderson? It's a sumptuous goal.,curiosity,0.1287
"His value seems to have skyrocketed in the last 12 to 18 months, doesn't it? I think it was a signing that caught everybody by surprise. And I don't mean that in a disrespectful way to Marcos Alonso. I really don't.",surprise,0.2479
"Rugani, get rid of the ball but its back with Honda now.",annoyance,0.084
"Milner delivery! Oh, it's hit the top of the bar.",excitement,0.2189
"Consistent with their side is. The ball went out. But as with Antonelli before, I'm not too sure.",confusion,0.1581
There's no better man to go in for a crunching challenge than Flanagan.,realization,0.0796
"Aguero buys himself a yard, then runs into Lovren.",anger,0.1194
"It was a pet hate of mine that referee trying to give you some sort of lecture before the yellow card given, you know, talk to the player if you're not going to give him a yellow and maybe just say calm yourself down, you're gonna give me yellow. Just give him.",annoyance,0.2121
[inaudible] passes to remain in the penalty area. Its where they really struggled.,disappointment,0.1467
Some vulnerability is important to the players react. You look at Elneny's position now and Coquelin look how close they are right in front of those two young centre backs.,realization,0.1113
"Just rephrased that about a possible change, yes.",curiosity,0.1791
Just right the way through that fear that anxiety.,fear,0.3839
"Real Madrid in all black today, Pepe, combining with Carvajal, we talked about goalkeepers, Iker Casillas had been brought back in. Keylor Navas had featured in midweek. He didn't have too much to do either in that game.",approval,0.0806
For him. That's a bit of a subplot. At the moment the real plot is can City find an equalizer?,confusion,0.1444
Here's where Manchester City Flex should really press.,excitement,0.1038
"No, he's not warm enough because he's getting stripped off and he's going to enter the field of play anytime now.",confusion,0.0838
Liverpool is the case of that concentration being worn down by.,disappointment,0.1442
I agree a Sergio Ramos hasn't done too much in this game in the midfield to really warrant his position in there. I think he's used to far better effect in his natural position as centre half rather than in the middle or at fullback where he has been played on occasion at right back and I don't think he's too much of a fan of playing it right back even though he's had such success with Spain playing there before. Trémoulinas Inside fro Kolodziejczak,annoyance,0.074
"It's not only that good football that Arsenal have been good today, they've been really good at pressing, closing down, you know, you got Ozil sticking on Kante and blocking him off, the midfield is really tight on Chelsea's midfield and they got nowhere to go. Chelsea don't throw their full backs, really high up like a lot of teams and the options are not there to play out from the back. Matic here. Yeah. Handball",confusion,0.0865
Origi ran into Otamendi who's a tough no nonsense customer back there for Manchester City.,excitement,0.1432
"In the end, you could say it was neither one thing or the other, but it was superb to watch. The skill's ridiculous.",caring,0.0765
"It's all about information, Clive. It's all about passing people on because you're not going to stop, be stuck to the same player in midfield. You're gonna have to switch from side to side when one becomes free. You've gotta move over talking to each other.",annoyance,0.1179
"Some on the scoresheet, but Batra must be a candidate for man of the match. Taking everything into account. [inaudible]Done everything that's been asked of him. It right back. His distribution's. Been good is defending's been excellent. The pick of the back 4 for me. [inaudible] Cavani wrestled by Mathieu. Mascherano pleads his innocence. This is not be a sign of his guilt. Cavani at a bigger level. Meanwhile, here. The decision kicks the ball away. Acknowledges it afterwards with the Brazilian. Well, Barcelona.",caring,0.0867
And they found it tough going so far in this one. Here's Paul Pogba.,disappointment,0.1017
"He showed too much of it to Varane. It'll be a goal kick and it was a real opportunity wasted Duncan. He was so keen to put that on his right foot. Wasn't he? He won that back tremendously. Well, he had an option in the middle as well to cut it back.",excitement,0.1224
Fernanda. Milner trying to pass it on quickly to Clichy. He was under pressure from Messi.,nervousness,0.134
Given away by Fernandinho too Lallana. And Liverpool will get the throw.,excitement,0.0795
The freekick that went over the crossbar?,curiosity,0.2235
It's a throw.,relief,0.0885
"If didn't a get the touch he would have been in trouble, Gerard Pique.",embarrassment,0.0815
"The Liverpool have had a much more commanding lead in north London than this already this season, then. made life hard for themselves. Just the one goal up in a match in which they've been comfortably the better side. They hit the woodwork, they forced the number of good saves out of the goalkeeper and come very close to doubling the lead and I think that was an excellent call there from Mark Perry.",desire,0.0934
"Özil. Skip past two challenges brilliantly there Özil, plays it in towards Giroud.",curiosity,0.1079
"Luiz who has gone forward for the free kick, is trying to do a bit of cheerleading as well. Going towards the penalty spot as well. Its what he wants isn't it? He wants it.",desire,0.2202
" Lucas, gives that free kick away and they're just pressing as well as they can pass Paris Saint German. It's still really second gear for me.",caring,0.1143
"As I said, I saw that before chasing the latter back and he was running quite well, so hopefully it's not in hindering too much.",optimism,0.1789
Rivals here in Madrid and Simeone style.,anger,0.0947
Down and low. A lot of guys in red shirts before.,curiosity,0.0903
"Assistant thought it came off a royal boot, man, all having a little drink now, down by the dugout, those players. Interesting to see whether.",curiosity,0.3583
The corner kick conceded by Javier Mascherano.,approval,0.0815
Moreno he just turns his back on the play. Away. Loses sight of where Walcott is with the passed just over hit.,confusion,0.1312
Liverpool asking one or two the same more questions. One or two questions haven't been many so far.,curiosity,0.0983
The game immediately changed. He started to take hold of the midfield.,realization,0.1538
Thiago Silva launching it towards Ibrahimovic who's been.,disapproval,0.1316
"Well, the chance to go level on points with the leaders doesn't look as though it's gonna happen.",confusion,0.1452
Now they're trying to get to the near post. We're trying to put some blocks on here. Real so that.,realization,0.0767
Here's Emry Can. That's the Barclays Premier League table as it stands and you can see those teams starting to queue up.,excitement,0.1502
"David Luiz tussling for it with Luis Suarez. Gives you a free ride, Suarez. Challenges for every ball.",excitement,0.1477
"Click towards Suarez, oh it hit Neymar almost felt kindly for Messi again.",caring,0.0954
"This is a better angle on the free kick. Look at the movement. Hard to say because Mignolet is actually dived passed it. He's moved too far to his right, has to readjust as it clipped the wall possibly.",curiosity,0.1044
"And Joachim Löw, the German coach is here.",caring,0.0926
Back in by Hazard towards David Luiz.,anger,0.1327
Quick play on that far side. A good switch that. Matuidi a good run.,caring,0.1004
"Well, won by de Jong. Ménez Bonaventura back to Jeremy Menez. Honda waits the middle as Destro.",desire,0.0759
"Mario Mandžukić, it's his second goal of the season. Superbly dispatched after a really good ball in by Paul Pogba, and Juventus back on terms and Manchester City have now made that change and they've taken off the £49 million man, Raheem Sterling and they sent on the £55 million the club record signing from Wolfsburg, Kevin De Bruyne.",excitement,0.1424
"You know that. Lallana having the shot seconds later, he's back challenging James Rodriguez falling him.",excitement,0.1272
"For every Ruud Van Nistelrooy that has made the move successfully from the area to his head of the Premier League, they've been on the Alfonso Alves along the way form that necessarily translates well from the Netherlands. But you know, we signed Bryan Ruiz at Fulham. We've been the top goal scorer in Holland and although he was a super talent and you could see why he struggled to come to grips with the physicality of the Premier League.",approval,0.1036
Really making sure Liverpool keep possession. He did very well.,caring,0.1145
"Liverpool trying to press, and Mané . has got Firmino to his right. Monreal",excitement,0.101
"There's no difference with that one, and the one he got booked for. He's lucky boy.",confusion,0.0749
"47 points represents the lowest tally after 26 matches for Manchester City since at the 2010 season, when they finished fifth and outside of the Champions League places.",disappointment,0.1701
We move forward through the through the phases now.,curiosity,0.1095
And on that last ball threatened to make the breakthrough from that far side time. Variation.,confusion,0.1181
"Manchester City One, Juventus nil. The own goal by Giorgio Chiellini and the Oscar for Best Supporting Actor for Vincent Kompany for the celebration. Yeah, very nice.",excitement,0.1344
"Toure, Silva, Aguero. Tight.",nervousness,0.0953
"That's a big task for Liverpool now, Jurgen Klopp. Suddenly he's got to get out Fearing what might happen here. Punched out by Mignolet.",nervousness,0.2266
Marseille need Payet on the ball more. This is Dja Djédjé Showed too much of it to Verratti.,desire,0.0817
"Here's Kante it was a really difficult 45 minutes at Stamford Bridge last Friday against Liverpool, and it's been equally tough here in the first half for Chelsea against Arsenal and there's going to be two additional minutes here.",disappointment,0.0967
"[commentor] So hot on the statistics. Individual players, he says. I wonder how many touches he had in the first, say, 2025 minutes, not many, I would suspect. And since then, he's [commentor] Certainly not a lot in the good areas or the key areas. The pitch where you want him to have touches.",curiosity,0.1747
"Misjudgedment by Dani Alves He's played well tonight, Lewandowski the centre forward. He's picked up the balls going into him. He's held it up well.",surprise,0.148
"It's a wonderful finish and carrying Benzema is a wonderful goal. Great move from Real Madrid, but I just wonder about color. Touré. He has to be aware of where Benzema is. He's caught ball watching that.",curiosity,0.1434
Blind. Just about.,confusion,0.1216
As you can hear from the ironic cheers for Manchester City.,pride,0.1217
Long ball from Darmian to Caballero in the end makes it easier for City.,relief,0.1237
They both had spells when they've been pretty much in a league of their own. Liverpool dominating the 70s and the 80s. United bossing the next two decades. There is. a wider competition.,approval,0.1058
"Really, off his line, quickly to close down Hernandez that previous one.",annoyance,0.0995
"[commentor] You're concerned about Liverpool in any way now they have. They got the job done, Jamie? [commentor]No, you'd never say that. Not with the with the left back that we've got.",confusion,0.1324
"No, I know Athletico.",realization,0.1228
"And when they get into those types of positions, they try and maintain the attacks, but just forward. Lavezzi.",curiosity,0.0604
"Again, out over labouring the point that's significant. Set up for Atletico. Pick the bones out of that.",annoyance,0.1034
Marcelo. Modrich.,realization,0.0837
"The schools against the club that developed it many many moons ago, almost 17 moons.",disapproval,0.2466
"How important was this Joe Hart? Great touch by Mandžukić layoff by Marata. Sturaro's onto it doesn't catch it, but goes to a set of legs. Joe Hart on the ball at least. Great save.",caring,0.122
"The new breed of goalkeeper any position you have to make a save at the moment though, is Barcelona.",realization,0.0931
"Was there occasion, actually, that James Rodriguez just got in between the lines behind that midfield to deliver a good ball.",curiosity,0.2386
Liverpool looking to finally kill them off but can they do it with this attack?,curiosity,0.1954
Show his stuff in his last 5-6 minutes.,caring,0.1138
"You need to at least get back some parity, and there's still time. It was a very taught and tense.",nervousness,0.2731
Eriksen's delivery and the header from Alderweireld may have been closer. Should have been closer.,desire,0.122
Lovely ball flipped off the outside of the boot from Thiago. He's really taking the Ike home and towards the back post.,excitement,0.1334
It would be a wonderful result for him and his players. Still quarter of an hour now to go.,optimism,0.1216
Is preparing himself for a direct shot. Five in the Paris wall.,excitement,0.1519
"To the local media benefited from the extra fitness work from. The coach, Luis Enrique. Down by Benatia's head. Alonso keeping his footing this time.",caring,0.1033
"Mascherano and Xabi Alonso, of course we're together at Liverpool for a while.",curiosity,0.0723
[commentor] And the glasses are off. And they had a good view of the goal. That was a spectacle in itself.,excitement,0.2244
Now Willian Let's see how Liverpool approach this in this situation as well.,curiosity,0.1739
Real Madrid forced back but they still maintain possession. Kroos Ramos. Finds Chicharito. Carvajal,curiosity,0.0752
Big ball from Nemanja Matic to William.,excitement,0.1011
"Well, he's coming towards the end of his Barcelona time. Dani Alves.",realization,0.0918
Sit on the edge of their own box. Invite that pressure. Fresh legs in midfield.,desire,0.1222
What a run from Coleman. That is brilliant. Run. He's got inside Debuchy here. Can he finish it? No Cech is out quickly enough.,excitement,0.1685
"Fernandinho. Now David Silva. Sterling. Playing with him, Raheem Sterling. Actually is still limping.",approval,0.0797
And that's the area where Juventus will try and attack with the Cuadrada.,excitement,0.1323
Moreno. Skrtel might scurry by Lucas and it's Touré. Get some distance to the clearance but Markovic just a little bit lazy and probably not expecting it to be boom forward like that.,nervousness,0.0906
Romao. Finds. Lemina. Mendy.,realization,0.1074
Although they come close.,realization,0.0637
Messi fires it over Iniesta. Matuidi.,anger,0.0917
"Verratti David Luiz to Verratti, PSG with a real stranglehold on the contest, certainly in terms of the possession now.",excitement,0.0992
"Say the central midfielders, Arda Turan who has been booked, remember?",curiosity,0.1082
"Mane. There were many occasions last season when Jurgen Klopp made wholesale changes for cup ties, even against Premier League opposition, but it wasn't the case this week when he named a strong side for the EFL Cup win against Championship side Burton Albion. Seems like someone made an eloquent statement about his views on the performance at Burnley last week and that will have made the flutes in the attacking display even more pleasing for him both then and today as well.",curiosity,0.0836
The City do have to take some chances. They have to get something for the remainder of this game. You feel. well you do because there's no difference between two and three nil because you feel that Barcelona at home are probably going to score.,caring,0.0855
Juventus in the black and white stripes from an original idea by Notts County.,curiosity,0.0966
"Just about all the time they've been here, they've been winning the title four years running now in Italy.",excitement,0.1115
Fine with a throw. Firmino.,approval,0.1025
And this is individual brilliance. The pace initially. Then the skill.,realization,0.2095
Left in the group between the other sides and the fact there's been no real second favorite.,disappointment,0.1485
Now for the big clubs in Europe's top leagues.,realization,0.1289
"Well to avoid the danger by Maxwell. Now, Pastore. Blaise Matuidi.",nervousness,0.094
"Matic's looking to stick it through there towards Azpilicueta, but Bellerin.",curiosity,0.0784
"Coquelin ball wide for Joel Campbell, the Costa Rican international who has scored in this competition against Manchester United in his Olympiacos days on loan and of course, at the World Cup as well against Uruguay. Sanchez, was on. If he plays that ball forward. Sanchez makes a great run from the left hand side.",caring,0.1092
"David Silva looking up, he could only have seen Aguero and then looking up he took his eye off the ball, which was taken from him.",confusion,0.1357
So Lovren and Toure have gone forward. Origi is an obvious threat too. It's in towards Lovren away by Joe Hart.,excitement,0.075
Franco Signorelli in his last match.,realization,0.0661
"To come on and change the game and potential, yes, but.",desire,0.1465
Liverpool but Marcelo's got behind them this time. On his against the bar from Ball.,excitement,0.1237
"When leading one nil at half time in Seria, Milan have just lost once since 2008, 2009.",disappointment,0.098
[commentor][inaudible] [commentor]Cramped hamstring.,annoyance,0.1423
Some respite for Arsenal in the sense that Coutinho will take no further part in the game. [commentor] Lallana move one forward. I think chance going into Jordan Henderson's position. Jordan Henderson stepped in alongside Wijnaldum and Lallana is wide on the left.,relief,0.0831
"Aging process is working against them, so it's a half decent punch from if you could see us. But really in that type of situation, giant goalkeeper here, you should be catching that fairly cleanly. Half goes, James Rodriguez. Maybe the booking?",curiosity,0.1155
They just sat back down on the bench. They've got a spare shirt for Krychowiak. I think they're going to leave this decision right until the last moment.,nervousness,0.0818
"[commentor]Liverpool , starting with their away form, certainly put to the test because of the.",curiosity,0.0866
"Midfield is held by Isco, Kroos and Sergio Ramos. Front, Chicharito, Cristiano Ronaldo and James. First corner of the second half in favour of Sevilla.",approval,0.0895
"Lovren. Coutinho, who feel has the capability to improve this a bit more than he did in the first half. Young again with that sense of discipline in the right position to clear.",caring,0.0945
Here's the touch bang inside of him. Defender can't do anything about that. That's just brilliant.,excitement,0.1054
So they've got that sandwiching the Celta game and then Almeria coming up and then the final match day.,curiosity,0.0837
"Iniesta. Skill levels are high, the concentration level is immense as well. Neymar to Messi, Suarez, Messi, Iniesta, first football from Barcelona. Pedro plays it across loose ball. Tremendous save. Suarez stopped by Sirigu.",caring,0.1425
"Two nil, the Barcelona well Suarez would get the credit for the goal, quite rightly so, but.",curiosity,0.0905
Here's Fernandinho. Now Navas? Aguero is taking up a wide position.,curiosity,0.1034
 around by Pastore and Rabiot. That wasn't a good position to shoot from. He doesn't get hold of it straight at the goalkeeper. He's down Iniesta. He's not moved. There's a good chance.,disappointment,0.2071
Now Nathaniel Clyne. Adam Lallana. Showed a bit too much of that to Pablo Zabaleta and Manchester City get the goal kick.,excitement,0.0902
Zabaleta couldn't resist. He got the ball. Here is Fernando and Dzeko can't get past Mascherano. Iniesta tidies up.,excitement,0.202
Milner's operating down the left now having been predominantly on the right side in the first half and Fernando with the tackle.,curiosity,0.0864
"and then that foot then tripped Firmino up as it made contact with his leading foot. Yes, not that it was actually deliberate, but when you get yourself too close, you're gonna call. You're gonna give yourself a problem.",realization,0.0846
"And it was heading in the right direction, but just slightly too high from the Fernandinho for Manchester City.",excitement,0.1146
Origi found by Wijnaldum. Milner Wijnaldum,curiosity,0.1006
[inaudible] Athletico are unbeaten in their last nine matches.,desire,0.0764
"Mascherano allowed to come forward, Demichelis with the interception.",curiosity,0.0851
Henderson who is to take the Captaincy from Wayne Rooney for England. Here's Firmino Six days ago.,excitement,0.094
Blind. Carrick. In for Mata to take a touch or two.,nervousness,0.0922
"Here's Mangala at the moment. It's looking like new competition, same old story for Manchester City. Miss Kevin debruyne.",excitement,0.0784
Gabi. Tiago. Isco stepping in.,realization,0.0837
Lived in Liverpool for a while or worked in Liverpool. Should I say with Everton? Flag is up on the far side.,curiosity,0.1401
Liverpool really have in the second half stuck at it and he really had that one major opportunity for Lallano when he drilled it wide of the post.,annoyance,0.0847
To be chasing look at Douglas Costa 2V1 against Montreal. Phillip Lahm with the great ball in. Get a little bit lucky. Taking deflection off Mertesacker.,excitement,0.1595
The Marseille players are furious. Andre Ayew has got to calm down. He's just been booked and he's run straight across to the referee.,anger,0.2547
"Because the quality that he's up against, particularly in that front three, want to give them.",desire,0.2796
"Tentative opening from Marseille, with the defenders dropping very deep. Ibrahimovic.",nervousness,0.1478
There'd be a goal there. Arsenal going for the offside and they paid for it. Levandofsky is the scorer left in glorious isolation to finish.,desire,0.0836
"Liverpool are so quick to spring on to them, but the middle ball really hasn't been quite right for the last few minutes for Liverpool. Azpilicueta",excitement,0.0972
"In the matchware Barcelona letter, two nil lead slip which cost them against Savia as Luis Enrique's side dropped a couple of points. Better back in the good books tonight.",disappointment,0.1018
He's been struggling to do the 90 minutes since he's returned to the options available. to Louis van Gaal.,disappointment,0.1093
Just trying to steal a march on Smalling at the near post and it's great defending because. He covers that.,pride,0.1069
Can fouled by Silva. Here is Bony who's hardly ever had touch since coming on at half time almost got it through there to Aguero.,disappointment,0.1145
"Hi return's come in the nick of time, Martin Skrtel on the bench as well tonight, which is a welcome sight. For Jurgen Klopp",excitement,0.1148
As in French football followers who just wanted to see.,desire,0.22
Funniest 5th appearance of the season Debuchywho's had an injury riddled time since he came to Arsenal?,amusement,0.3842
"Staying in your zone and playing that way because as soon as you now manhandle from the referees are looking to give him penalty, so surprised at Vertonghen there being so stupid. I don't know why the referees decided to warn him and not give a penalty.",surprise,0.2844
Here from Manchester United. Tests fans ability to catch the ball near the top of the cop stand. It was a good hit.,caring,0.1065
Dimitri Payet. His influence has faded in the second half.,disappointment,0.1151
Ibrahimovic still just one goal shy of the century of Goals for Paris Saint Germain. Now would be a good time for him and PSG two to bring up that century. Lemina,excitement,0.0834
"It has to be something a bit more special to beat Joe Hart. Doesn't it? The ball in is nice and easy, but he did beat him at the World Cup, didn't he?",excitement,0.1461
Given the opportunities he's done that so far.,optimism,0.1108
That's a long time to settle Japanese international. He's been.,realization,0.1108
"Well, technically there's that not much that they're similar setups in a way. I mean Kanes dropping in a little bit, making himself a 10.",disappointment,0.1791
This is Reyes He needed to get the ball behind Varane couldn't do so. The ball cleared. As far as James,realization,0.089
He's not had the best of months. He was one of the few senior players who was asked to play in the Copador in the Spanish FA Cup last week.,disappointment,0.0996
"Looks set to continue. They've picked up just one point from their first four games this season against the leading teams PSG, Lyon and Monaco.",optimism,0.1158
He might get a touch on the other side of the net and he doesn't even do that.,confusion,0.1474
"Played it towards Müller again and a tremendous save that time from Jack. Great reflexes to flip that over, but again Phillip Lahm is causing overloads on that side.",excitement,0.0867
"Report to be as a manager to put out the strongest possible side that you can. He hasn't done that, so it is a risk we saw in the first game at Anfield. This is a top-quality Real Madrid side collectively and individually, so if Liverpool are at it here, if they sit back and try and soak up pressure and see their way through to possibly a draw, I think they're going to come unstuck.",caring,0.0827
"Yeah, Mane's pace is amazing. He's making up ground so quickly and once he commits here, the goalkeeper, he's got to make it his own and he does. That's a sweeper keeper for you.",caring,0.1108
Giving away free kicks in dangerous areas as well. Variation on the theme from Liverpool.,excitement,0.0902
Again looking for that ball through to Bacca.,desire,0.2068
"Taking that referee tonight, of course, is the Premier League. Martin Atkinson purge with Michael Mikey on this side, fre kick to Barcelona in a tasty position. Clever play and it's a standard legs taken away. Certainly a free kick, no doubt about that. There's no arguments for me. Good position, though Messi. You know his left foot [commentor]Rob[commentor] could actually have a pop at gold. Neymar's coming across as well. Well, I would think Messi that angle. He can hit the target from there and maybe.",caring,0.1016
"Yeah, not where you want to be as a central midfielder crossing it with your left foot in the far corner of the pitch, but good move that from Tottenham. Speaking from experience there.Yeah.",caring,0.0891
"Can they drop a chance for him? That would be the general idea, wouldn't it? Her's Navas.",curiosity,0.1023
Such is the luxury of talent available to Pep Guardiola. Lovely ball again.,joy,0.0969
"They are crowding Ter Stegen again. The flick was by Muller not troublesome, but Barcelona dealt with it. They will find  A piece of Messi magic here.",excitement,0.1092
Tonelli. Pucciarelli. Scored by.,approval,0.0787
Two critical first half goals from Suarez tonight got a little bit of luck with the first got a second bite as the ball fell to him and then set up by Jordi Alba slid in from close range.,curiosity,0.0912
It was a wonderful pass from Isco.,gratitude,0.1129
"Well, the positive tactic starts look naive when you look at the space there that existed for Barcelona's front players, particularly Luis Suarez. What a chance.",optimism,0.1949
Poor challenge by Cabaye. [inaudible]. The advantage was there.,disappointment,0.2023
"Been a good five minutes for Liverpool in the game just started to get up the pitch a little bit, cause Spurs a few problems.",approval,0.0843
"Henderson in the. deep midfield position again today, the Steven Gerrard role, if you will, for Liverpool. Yeah, I actually.",approval,0.0941
Clichy to Fernandinho. Now Aguero,excitement,0.0673
"Just feel like they're on the way back again, whether they just fall a little bit short in the end. That's my assessment of them at the moment, but. With that front three, anything could happen. Certainly on the up again.",caring,0.0969
"To come on, who could maybe change the game around and steal a goal from somewhere? Marcelo unable to keep it in.",curiosity,0.1376
"Too many, isn't it? In a game where there's not been too many nasty challenges?",curiosity,0.1858
And you wouldn't expect Bayern ton get undone. Like that and Suarez wondering whether he might have made more of the header. It will be criminal for Bayern Munich of all the times that you would lose the goal is Boateng and Benatia who gets in between. It's a good chance for him.,curiosity,0.1038
In the bottom half of the table behind.,realization,0.0878
Lamela. Clyne down the line for Mane.,disappointment,0.1181
"Here's Diego Costa. They are getting better, Chelsea.There is no doubt in theses last five minutes and could hardly got worse. Azpilicueta.",optimism,0.0958
"Neuer, the goalkeeper. More than a sprinking of World Cup winners.",excitement,0.1133
He's passing it better Arsenal. His first pass out of defence into midfield isn't quick enough. It isn't good enough. For this moment in the game. Chambers. Holding Able to get their header bed in Chambers ahead of Firmino. Here's Klavan Passing back too much.,disappointment,0.1123
Take this game by the scruff of the neck. Ball with Honda.,excitement,0.1071
"Some tough tacklers there as well. This is done by Boateng, wants to get his foot in there. He doesn't want Messi to turn. Neymar starting to really.",desire,0.1761
Probably need that united just a little bit of respite at 5 minutes of pressure and defending allows David De Gea to get his team up the pitch. No thought of playing short.,relief,0.1122
"Very tidy player, Bernat. Not over phased by the occasion, He's played here plenty of times before. As often as Thiago, his team mate. Lahn Muller. Lahm, well beyond.",caring,0.1086
Rashford for the first bit of quality from the game from him.,caring,0.1072
Maccarone the lovely term reverse ball back to Rui. Here's some danger.,confusion,0.0655
How deep Arsenal are. A lot of bodies in the box Bayern Munich.,realization,0.0825
"They've got a height advantage, Ivanovic, Cotsa, Matic, Cahill, Luiz All bunching together. Sent to that mix",caring,0.0888
Can's moved away. The intention seems to be from Liverpool's captain Henderson.,confusion,0.0893
"It was a a big gap in ability, a big gap in resources. United with the big noise in town. It's not been the story of recent seasons. Given. Well now.",disappointment,0.1088
"Just shows that they've gotta prove that, though, aren't they? When it gets to the business end of this competition, I think that's the the one rider you you'd have, wouldn't you? They've gotta do it. You know, sometimes they're winning the Bundesliga by March, they've maybe just gone off the boil a lot competitively and they're getting found out, possibly in the later stages of the Champions League. Is that a problem that they dominate their league so easily? Well, I think they start the season terrifically well, but I think injuries played a massive part to Bayern Munich last season. Without that threat 1V1.",curiosity,0.1545
The theatre of the Premier League here. Diego Costa nearly put through there was a space and William who played the pass goes again.,excitement,0.2122
"Sergio Ramos, this is a little bit of what I was hinting about a few moments ago. Yeah.",curiosity,0.1022
Just over hit by Edinson. Cavani.,excitement,0.0808
Fernandinho won the ball and Bony just never set himself for the shot.,disappointment,0.0808
"Lopez, after giving a poor clearance again, I picked up in the first half.",curiosity,0.0811
"What did you make of Jamie Redknapp's point about Koscielny saying? ""Hang on a minute, I'll come and play for you. I might have only had a few few days training.""",curiosity,0.1259
"Wolves have players that Manchester City have not been able to find a way through. Yeah but Fletch when they move the ball like this. They move too slowly. It's six passes to get across to the left, the left wing.",disappointment,0.1091
"The fifth official definitely should have spotted it as far as I'm concerned, it's a foul for me, he was all over his back. It doesn't matter.",annoyance,0.1145
It's booted upfield by Mata now to find.,curiosity,0.106
"If you want to save the last time we did the classical [commentor]Rob[commentor], Mathieu as a left back and he said afterwards he didn't like playing left back.",desire,0.1214
This is where all the efforts that have gone in up to this point might start to. Take a toll on. Some of the stars out there.,realization,0.1119
"cover, the angle will say Ronaldo trying out the options. It would be a surprise if he doesn't shoot. Tonight they. Low effort how much Rodriguez. Varane knocks it down. And the.",surprise,0.0995
Ter Stegen still lining up his three man wall.Rakitic goes in instead of Alba. Xabi Alonso,excitement,0.143
"The quality in the game hasn't been there, particularly in the final third.",disappointment,0.236
"Justify their faith in him. I was a little bit surprised. He was the easy option to leave out, but I thought they showed good.",surprise,0.5026
Boateng have that spell with Manchester City just for a year he's moved on. I think it's fair to say since then he's won the Champions League and the World Cup. Since then.,approval,0.0954
Here's Silva. Fernando. Navas.,realization,0.084
It's maybe not as close as we probably first thought when he struck it.,realization,0.1142
"With the file to score in only one of the last 86 here. Well, Madrid and that was against the team the playing tonight.",desire,0.0773
Which is the intensity of the competition.,realization,0.2011
"Wow, what a start for Liverpool and what a goal that was. Quick as a flash from right down on the way into the centre. Brilliant play from the Lallana here. His first touch was just exquisite. That touch there and then the way he feeds it inside. And what about that for a first touch? Fantastic finish as well in the same corner with the first goal.",surprise,0.1678
Feature of City's players well from them wide areas when they got the ball is that Nasri and Silva will come in field.,approval,0.0996
"He's got one so far this season, which came up against Burton in the cup. Clyne.",curiosity,0.0743
And Fellaini stopping Matip Taking a quick free kick.,excitement,0.0862
It would be logical football reasons. The manager would have told the captain as to why he's not starting here.,realization,0.209
Plenty of Simeone's own qualities to the game. He's a scrapper. He's a big man.,disappointment,0.1261
"Making life difficult for Milner, Liverpool again have excluded themselves from a tight little area with ease. Matip for Clyne. Given away to Eriksen. Kane",nervousness,0.0752
"Sneaked out for David Silva, Toure. Silva. Aguero! Toure! Bony!.",excitement,0.1461
"Very surprise with Liverpool, but I don't trust them to see the game out for some reason. Maybe it's the evidence of what we have seen in the last three or four years, but when the game drifts the better when they are really proactive and on the front foot and playing like they play and say their football stopped as well.",surprise,0.2669
A little bit flat. You have to say the goal came from absolutely nowhere out of nothing.,disappointment,0.1213
Frantics wants to play as well again. Theo Walcott.,desire,0.2325
It was clearly Hart has some kind of a problem.,realization,0.2097
"There's plenty of space to drop it into, pushing up so high it's Pique who's driving them up almost with the line out. Taken by Xabi Alonso. The flick by Messi. Pursued by Suarez. Into Messi again.",excitement,0.2195
"Well, among the many controversial moments for Ever Banega in his career, one time when he's at Valencia he was pictured with a Real Madrid shirt, holding it up with his family outside the Bernabeu",anger,0.1137
Making sure that Suarez doesn't get it all his own way. Perhaps and.,confusion,0.0821
Decision making sometimes wrong went to pass when to take the shot on.,confusion,0.2478
Fosu Mensah started. Against Watford in the Premier League.,excitement,0.0883
Fernandinho playing from the back. Aguero. Far ahead of him. Sagna,excitement,0.0886
"Real opportunity in front of goal goes wide, but crowd are frustrated. They thought that Kane should have had a free kick pushed over by Henderson. Yeah, we see it here. It is about.",annoyance,0.1521
Can finds a really good ball through here towards Flanagan just saw he got away from it.,excitement,0.0992
"Get together, [inaudible].",confusion,0.144
"Schweinsteiger. Here's Lahm Who very rarely scores. and very rarely looks to score. Lahm again. Schweinsteiger, Thiago. All the Bayern midfield players. getting touches here. Thiago, he got forward. Muller. Towards Lewandowski. Seen off by Gerard Pique.",disappointment,0.1184
"As mentioned in the studio, He's more dependable, probably his defensive work, compared to Juan Mata and Martial.",caring,0.1187
"Juventus warming up Juan Cuadrado the former Chelsea man as well. He's ready for action, but not before this free kick.",excitement,0.1471
It didn't really helped PSG's cause either. They had just been starting to get that momentum snowballing.,disappointment,0.236
Zabaleta with some defending to do. He's been brought back in tonight by Pellegirni.,excitement,0.0797
"They are playing a good game United so far on the front foot but Liverpool so strong, usually in the first half of matches. Quick out of the blocks and making a lot of mistakes on the ball, Liverpool at the moment.",caring,0.0943
"Adapt to certain situations you know playing in a 9 or a 10 or a 2 too high up the pitch. We have to wait and see what suits him a little bit and I'm sure he'll tweak it as the season goes on. Right now he's had to bring him on and he's got to do better, the young man. It's Eriksen.",caring,0.1231
"Have to say is contributed to it, but you always felt they were fighting like crazy to stay in it but Barcelona always had the edge, but remember the effect if Bayern get an away goal. But they've got to go for it. Now we've got to go for it.",confusion,0.0892
"He likes those set pieces. He likes it in open play and he gets across Mascherano, the difficult one for him because he's passed the new poster to get it back across. Past Van der Wiel
 ter Stegen. Difficult.",approval,0.082
"Koscielny was there, and then Mustafi. The two Centrebacks working together. Now Azpilicueta",realization,0.0961
"Celebrations there between Ancelotti, Ronaldo and pretty much.",excitement,0.2121
Morel. Morel forward but Thiago Silva is out. Dja Djédjé's header.,excitement,0.0958
Real's version of her longish throw. Mandzukic.,realization,0.0738
"Just drop back, let Arsenal have all the ball, no pressure at all until he gets to a certain area.",nervousness,0.0963
It's got to that point where the supporters are rather expecting the Earth.,pride,0.1061
Maybe that captains armband weighing a bit heavily on him and still not got back into his position to defend. He's lost focus. Wandering back in now. To mark Lovren,confusion,0.1601
"What Manchester City's ambitions are moving forward, you've got to make your home stadium a fortress in any competition you're in.",desire,0.1741
"It's a different proposition in the first game at the Etihad when they needed the results, but they don't necessarily need to win the game tonight.",realization,0.0981
"The goal has definitely liven in this game, but.",desire,0.1218
Chiellini looking for the long ball to get Mandzukic behind. It's not a problem really.,desire,0.1419
So they're just going to touch it and just give himself a bit of a better angle to try and whip it into that far post.,excitement,0.1249
"They've got to get the ball into his body in there that, you know, he doesn't want it in the air where it's 50-50, where he's up against two defenders, slide the ball along the floor into his body like this and then work off him.",caring,0.1156
"Verratti. Luiz finds Maxwell. Back with David Luiz, who took a risk.",excitement,0.0873
"Within the Benfica side that got to the final of the Europa League last season, though he missed the the big occasion through suspension.",approval,0.0942
"Here is Coman. Well, they're absolutely on fire here. Buyern Munich.",anger,0.2881
"3:1 and there could be more as well. Arsène Wenger, furious.",anger,0.4251
"Henderson, in the way. A goal Steven Gerrard would have been proud of.",excitement,0.1319
James Rodriguez. By Kroos. Isco.,approval,0.081
Get a goalkick out of that. Chris Smalling,annoyance,0.0966
The overlapping run from Monteral. It was a very good move from Arsenal.,excitement,0.1242
Chance for Coutinho a little bit.,optimism,0.1283
"Hope to Manchester City and inevitably it's provided by Sergio Aguero, still a quarter of the first leg to go and Manchester City have arrived in the time. Barcelona and a little bit of luck with their first goal City. Just get them out of the green. Here is the ball bounces down to great little ball in there just here, little back flip and then the title doesn't come in and Aguero pounces on it. What a finish that is.",disappointment,0.2268
"So more football coming up for you next week in the Europa League, the last 16 first leg, Liverpool against Manchester United next Thursday, 7:15 BT Sport Europe and Ultra HD.",excitement,0.162
"They start tonight's fixture second in the League. Two points behind Lyon, who won their game at Guingamp yesterday.",approval,0.119
"It would have been a worthy final, Gary, wouldn't it? Sensational to watch,=. saying whatever the final is going to be won't be. But the intricacies of this.",confusion,0.2189
"Will be relishing that challenge tonight, John Flanagan.",excitement,0.1996
"They're not trying to play out from the back, Manchester United. I can see them passing from Smalling or to Valencia. They really have every time they have gone forwards, it's critical to playing here. Advantage played, as Ibrahimovic, was caught late. Fellaini.",disappointment,0.0926
"Nothing given by referee Bobby Madley, who was in the perfect position, Liverpool struggling to get out from the back of the moment, Eriksen.",curiosity,0.072
Uneventful from now until the end. If further scoreline stays the same.,annoyance,0.1459
Especially pressing as high as that. Kroos. Sterling. Yellow card.,caring,0.1084
the midweek European games. It was just really as Manchester City would have wanted it.,desire,0.1855
"Needs really to be getting minutes in, doesn't he? With an England squad to be picked for the summer championships.",desire,0.1227
He scored a 10 minute hat-trick for Denmark back in June. Christian Eriksen.,realization,0.0806
"Could easily have brought those down Daniel Sturridge, as tough as it is. He's got the ability to do it. He's got the capability to do it.",approval,0.0785
What's the appetite even more for the London Derby and Monday Night Football?,curiosity,0.2605
"It's not a good ground for them here. They haven't won a Anfield in 12 tries, 8 defeats in that sequence, and if you stretch it further back, it's two wins in 47 visits to Anfield back to 1956.",disappointment,0.3088
"And rail cutting through Chelsea's defence, comfortable as you like. He must be going crazy inside 2-0 down after 15 minutes.",nervousness,0.1324
"Well, somewhat criticized for that for not being more defensive.",disapproval,0.3977
They need a goal before half time. The non playing Captain leader legend. We have a similar mind.,desire,0.0992
"Was with the Primavera of Milan, the youth side. Again, that was only a September. Position.",curiosity,0.0888
Kolo Touré getting a a rare start these days for Liverpool.,surprise,0.1422
Rashford for the first bit of quality from the game from him.,caring,0.1072
Football hasn't always been able to be the winner has been fiercely contested.,curiosity,0.0848
"In this quest, I think for penalties.",curiosity,0.0953
"Will be a real battle. I'm looking forward to today between Aleix Vidal and Marcelo, both really pacy. Marcelo likes to get forward and Aleix Vidal has the zip to get away and expose Real Madrid on that left hand side.",excitement,0.169
Unai Emery after being left out for a few match days.,curiosity,0.0687
Messi and finally Neymar.,realization,0.13
"It was a brilliant technique, Lahm gives it away.",admiration,0.1276
"Here's Neymar now, Alba.",realization,0.0689
"Now Matic, Hazard's made a run. It's a good run as well, found by Matic And now Costa.",excitement,0.1117
That's all that's lacking at the moment. Manchester City are well in this game.,surprise,0.0769
Different Emboli last weekend against Chisena. The nine game winning streak. 7 draws and 2 defeats in that spell. [inaudible]by Milan.,desire,0.0771
"Flanagan had twenty months out with a knee problem that really consistent season, didn't he? When he got into the England squad at the end of it and then spent a long time battling back from the knee problem.",curiosity,0.142
Palletta signed this transfer window from.  Valdifiori. Antonelli rises higher. Mário Rui once more that.,excitement,0.0954
"If you're saying that he's one of the most complete centre halves I've ever seen, why then play in the midfield?",curiosity,0.2976
A lot of English clubs looking at him wonder if they might get him on loan or something like that. Marchisio. Here's Sturaro Now Lichtsteiner.,curiosity,0.237
"And it looks to press like a two up front and that's allowing Liverpool to get out easily. They've got three against two in midfield. Sterling gets a shove this time from the Flanagan. The early indications are there won't be far apart tonight, those two. Now look at the pace there of Sterling. He burst clear and Flanagan gives a silly free kick away really facing away from goal and his eagerness to actually please this Anfield faithful. I think to really give him a good.",excitement,0.1302
"With time and if he stay fit from now to the end of the season. Already look as if they're in a real good run of form with him in the side. That's the key stat, isn't it, Michael? Nine Premier League starts in seven clean sheets.",optimism,0.1481
Who has it taken off him by Matic Here's Kante Hazard. Willian,confusion,0.1129
"But I think Antonio Conte should have watched our pre match and listen to Rio Ferdinand because Hazard has got caught out yet again. Just ball watching and not doing the defensive work, not doing the dirty work.",confusion,0.1023
Space here for Andrea Poli follows [inaudible] man. This is too general arrival Antonelli crosses plot where he'll pick up the ball.,confusion,0.0767
Smalling. Unfairly on Aguero.,disappointment,0.1166
Stayed with it. Here's sterling. Speed and quick feet.,approval,0.1678
All Stanford really patient football. Great first touch from Alana to flick it round the corner.,caring,0.1117
He's got three hat tricks in the last four matches for the record.,realization,0.0973
"Fire finds Mendy. Lemina. Payet, good turn. And now Mendy.",realization,0.1187
"Frustrated this season, though, Michael. Isn't it? Where when you've got the kind of deficit to make up the Manchester City, have they can't make any more slip ups and they've got some big fixtures coming up on the Horizon too?",annoyance,0.2172
They could be entering the field of play.Marchisio in towards Lichtsteiner. This time Gael Clichy wins the header Will he last the 90 minutes? I wonder. Clichy having not played a game since April. Fernando. Here;s Sagna.,curiosity,0.2877
Martin Demichelis may well feel responsible.,caring,0.1381
Mane charging back on Oscar again. Matic who set up one. Kante getting into the box. He has the same problems as Coutinho in that respect. Wijnaldum.,excitement,0.1359
"Clyne. Yeah, too much on that. Mane.",annoyance,0.1365
Lazy offside there from the Colombian forward. Carvajal for,annoyance,0.1563
"Supporters, he came on for Evra at the weekend and set up the winner. He's set up a goal tonight and Everett.",excitement,0.1421
"Has been quite a wet 24 hours in the London area, heavy storms. Pitch is still good.",approval,0.1168
And an attacking brain as yet. David Luiz always thinking offensively.,curiosity,0.0894
Clyne supporting here from left back and Fernandinho in there to shut the door for Manchester City.,excitement,0.0941
"These days, even in their own cities, Everton and started well of course here and Merseyside and Manchester City lead the Premier League.",realization,0.0924
That was a sloppy attempt to play the ball out of defence. They got away with it this time. Hart was in a hurry. Clichy is in a hurry. City a goal down at home in the Derby. 10 minutes to go to half time.,excitement,0.0945
Thiago Silva finding Cavani. Cavani is starting this more as a right sided attacker with Pastore on the left. Verratti,approval,0.0782
Managerial debut Antonio Conte.,realization,0.1143
"The Real Madrid break back on Liverpool, very important that T and Skrtel really concentrate and show some fancy footwork.",excitement,0.1162
"Did really well because we all know how good Cristiano Ronaldo's leap is. Carriço beaten for timing, though.",caring,0.0904
"Now, too many Marseille players in that central area.",annoyance,0.1642
"And Arsenal, with a comfortable 3-0 lead. All the goals scored in the first half. They've actually struggled in London derbies here before today. They haven't won any of the last five London Derbies they played here at the Emirates. Chelsea before today were unbeaten in their last six Premier League London derbies. Here's Nacho Monreal. Away by Cahill.",approval,0.1127
"Yeah, I think if you're playing against Arsenal at the moment without Giroud in the side you showed them on the outside, wouldn't you? Make them go on the outside and if they want to play across the middle of the pitch like they are, they're not gonna hurt you.",caring,0.1435
"That was simple landing play from Barcelona still on right, and there's this, Mathieu, who's charged down by Lucas. When the play the one touch down I think Paris Saint Germany have a p[commentor]Rob[commentor]lem.",anger,0.0795
"Now the top scorers, with 30 goals to get to this stage.",realization,0.1929
Willian into Fabregas and then back wide to Willian. We've got plenty of blue to pick out. Matic was making the run and Petr Cech was there to meet it.,excitement,0.0909
"Yeah, Juanfran sneak behind Isco. There wasn't quite sure where his man was.",confusion,0.2842
And Arsene Wenger was saying last night his key seemed to be we want to attack as much as we can in this game and of course we want to win and be on the front foot as much as possible. But defensive organization. No silly yellow cards are the key. They've given the ball away in midfield here to Muller towards Levandoski.,desire,0.215
"Silva back towards De Bruyne. Still they can't prise open this Juventus rearguard. Now, Sagna.",excitement,0.0714
"Samir Nasri. Great vocal encouragement and Gaël Clichy responding here's, Sergio Aguero trying to get it back to Clichy. Busquets just got something on the ball.",approval,0.1093
"Mario didn't light off Atletico Madrid, he's got his move to .",relief,0.0885
"Few injury problems this season, notably a calf problem. And now Payet No, the whistle is blown Rod Fanni. Gignac. Doing what he can. Morel Verratti now. Well, they're not quite. Deadly enough. Verratti. Lavezzzi That's it. It's been a game.",excitement,0.0913
Passing here not too much of a problem from here on.,relief,0.1692
Barcelona have created three or four more opportunities. Can affect a Manchester City doing so well.,curiosity,0.1165
"Henderson outwards Milner, just can't quite reach it.",confusion,0.2274
"Here's Nacho Monreal for Arsenal, who have grabbed this game by the scruff of the neck early on. Now Ozil",excitement,0.1199
"Will be relishing that challenge tonight, John Flanagan.",excitement,0.1996
"Maybe set up to try and get the shot delivered a bit closer, but. It didn't work out and. Adam Lallana.",disappointment,0.184
"He gets his claim that he's been done, Cavani has gone down here as well.",annoyance,0.0666
"Now, Willian, Ivanovic.",nervousness,0.0705
"Now Liverpool, they've got the energy and they're all racing back in the end, the pass actually relief the danger. Great. Good catch. Excellent throw.",excitement,0.1755
"Ball in Real Madrid's possession, Isco",excitement,0.1283
 Oh magical. Incredible goal from Neymar.,excitement,0.264
"Here's Ronaldo going down a cul de sac, though.",excitement,0.1157
Was perhaps just behind Gignac.,curiosity,0.0901
"Sturridge is waiting on the right, Mane feeding him.",excitement,0.1308
Looking for Borini's run and Sergio Ramos.,desire,0.1522
"Move rather Peters out. Steven Gerrard. Frustrated, I'm sure.",annoyance,0.1952
We know how the British are with what they see too. Be feigning,realization,0.1079
The inability to meet the demands of the occasion. In terms of application. Schweinsteiger Here's Bernat. Teeing up Thiago!! Deflection.,disappointment,0.151
"But otherwise the other players losing possession too easily too quickly, so much space in wide areas for bar Munich.",desire,0.07
Somehow reaching it. Going with his,realization,0.1341
" Its Pogba who's got the ability to drive through midfield like this, and then he runs into Vincent Kompany that's going to be a e ventus free kick. Just one or two sides here, Steve, that the Italian champions are settling down. Very much so. Lovely turn by Pogba. Drove at the Manchester City defence. It was a simple enough foul actually. He knew he'd knocked it a little bit far, bumped into Kompany through the foul.",excitement,0.1251
Scored in their last season scores final against Chelsea from Pastore.,realization,0.1166
"Amidst the bedlam, Barcelona trying to stay cool by and trying to raise their game.",nervousness,0.1208
You want to target whether Paul Bog- Paul Pogba gave him a sufficient enough shout to leave him because you can see Morata standing offside in an position.,desire,0.152
Matip has added a real presence to the heart of that Liverpool backline. Here's the goal scorer James Milner. Wanyama. Rose.,caring,0.1041
Just gets a couple of yards on most centre halves. That's not by accident. It's a good recovery in the end from Touré. Real Madrid corner. Taken by Tony Cross.,caring,0.0976
"Could end up be Liverpool's record signing, of course, saving the money they paid for Andy Carroll. The deal structured.",caring,0.104
Here's Clyne Joe Allen.,caring,0.0697
"Yeah, there's too much space for Juventus to pick the passes. This a nice ball by Marchisio. He's just strayed offside Mandzukic. Referee, referee's assistance doesn't put his flag off.",excitement,0.0924
Space opens up. Batra. Brilliant. A big name out there.,excitement,0.1729
Nice and calm. Good experience there from James Milner.,caring,0.1978
Not the best set of results in the world against there.,disappointment,0.3377
Liverpool started well at Anfield 13 evenings ago. Then after.,realization,0.1041
"Just a correction to the information I just gave you the Everton game against Young Boys is actually on ITV, the main channel here from 7:45 on Thursday. Liverpool on ITV, four at tea Time.",confusion,0.1176
Awkward for Toure with Sergio Aguero sniffing around. Flanagan then runs into Fernandinho. Here's Aguero. City have got players forward here.,nervousness,0.2706
Stegen thought it was worth a dive and it was.,excitement,0.1344
"Great energy from England, isn't it? Late in the game, he's had a hard time on Sunday and Here he's running 30/40 yards to close Zabaleta. He just gives the foul away, but if are going to give a foul away at the final at this stage when you are 3-0 up",excitement,0.1932
"Lamela's industry was rewarded, did well to keep the ball in play and forced Liverpool to play out from the back. Forward again from Wanyama, Alli.",relief,0.1093
He knows that he's got a fairly good chance of being the one to be replaced by Gareth Bale.,realization,0.1117
"My point previously was that you've got a lot of attackers on the pitch. You should be desperate to score goals, but maybe it's been designated before the game. A lot of managers do that.",caring,0.0919
"6 miles apart, the two clubs in this Spanish capital.",realization,0.1174
"It's pretty unique to the start to the season domestically for Juventis. They lost their first two serial games for the first time ever against Udinese and Roma Saturdays. Home draw against Kiev, bringing their first point of the season. And the result was a bit misleading. They had 26 shots on the night, should have won it, really.",confusion,0.1209
"Monreal to check there were no red shirts around. There weren't, but it's back with a red shirt again now predictably enough.",confusion,0.1202
Oh look there's Patrick there. He should be doing this. He should be doing that. I'd get hold of Pogba. I'd dominate this game.,excitement,0.1305
"It's hard to defend that, isn't it? Whoever you are. Roberto Firmino with another goal. His seventh goal of the season. His sixth goal in his last seven Premier League matches. You appearing at the build up play involving the Lallana, Glen. Well, I just thought that it was the way he read the players. Well, it wasn't just his quick feet to go past two people to keep composed and then just pass that little ball into Firmino to score. It was the way he read it. He knew what was happening and he went and pressed quickly",excitement,0.0973
"Here's Can and Fernando was quickly there for Manchester City. Now Flanagan, Origi with the touch to Henderson.",excitement,0.1112
"The problem when they play the ball forward that back four, have got a charge up behind them and the midfield, but they're not. So deep, so slow getting out. Between midfield and defence.",disappointment,0.1639
Wanted to assist James but play breaks down and Sevilla bringing the ball away.,desire,0.2393
Bayern will be well aware of the perils of just concentrating on the front three as a threat to their goal. Mascherano No complaints from Muller.,realization,0.2009
"And there's Koscielny, he's been there, every time he's needed to be. Alongside Mustafi at the back today.",caring,0.1098
Modric. Kroos. In goes Modric. Sterling. Gerrard. It's just too long. Varane.,caring,0.0907
Manchester United maintained thediscipline that got them off to such a.,approval,0.0791
And it's gone from one nil up to three one down in such a quick period of play.,disappointment,0.1126
"More space for Madrid to counterattack into Ronaldo to Benzema, back to Ronaldo. Is this the moment for him? Kolo Touré was able to get a block and he just moved it a little bit too far to the right to absolutely take the maximum from the situation. The rarest situation for Ronaldo really in this game had the opportunity to really strike it with his left foot, but it never really got it under full control. Never really came down for him to make his mind up once he came back inside Touré did really well. Make the block.",curiosity,0.1569
"Well, they've only scored seven goals during that run. Something will have to get right with the game still to come. They're going to need a very strong finish, aren't they? To have any hope at all. Of catching Leicester",optimism,0.1047
"Carrick, nearly let that get away from him. But it is a corner. Really on the stretch.",annoyance,0.1069
"Card is shown if it's shown to Raúl García, he will miss the first leg. Of the semifinal. If of course they get that.",caring,0.0806
"It's a system of the used a lot during his time at Juventus and with the Italian national team as well, those three blocks of granite in the back Barzagli, Chiellini, and Bonucci , and you wondered with the arrival of David Luiz whether he'd switched to that system, it took him I think 3/4 of the season in his first season at Juventus to make the switch from 4 at the back to 3 at the back. But you wonder when he sees them, Glenn, as open as they are, whether it might make him do that a bit more quicker at Chelsea. Well, that's what he wants to do at heart, isn't it? As as you say, he's done it with the national team. He's done it at club level and.",curiosity,0.2543
And Sturridge is on to replace him.,excitement,0.0773
Just a little reaction in the side of the six yard box there between Mane and Alli.,excitement,0.1177
"Another won header this time by Matip. Again, that second ball is collected by Smalling.",excitement,0.081
Away by Lovren. And it's the goal scorer Lallana.,realization,0.0908
"Sevilla and pushing forward though, with Dennis Suarez.",excitement,0.125
"Old men back now, although it was quite slow, happening now for PSG. Yeah. Going through a bad moment.",disappointment,0.1827
And Hazard. Costa had to get back on side. Which he's managed to do.,realization,0.0737
"It will give United some encouragement, even though it's a foul.",optimism,0.2237
"We're having Pastore, the Argentinian international trying to bring some dash to the center of midfield is one of the players who scored in the quarterfinals against Barcelona a couple of seasons back. And Marco Verratti. Accepts being taken out of the firing line.",approval,0.1081
Move vetoed by Palace chairman Steve Parish.,disapproval,0.0922
"Whether Jose Mourinho thinks a point here is a good result, the chance to get level on points with Liverpool if they win the danger of being six points behind them if they lose, it's all a balancing act for the manager. Moment in the game where he will be thinking now.",caring,0.0911
See the experience there of Buffon and Chiellini not phased by the fact they were being pressed in their own penalty area. Very experienced Champions League campaigners here is Morata.,realization,0.0902
"Fernandinho out towards Navas, who just got there ahead of Clyne away by Lovren.",curiosity,0.0712
"The last away Liverpool game, it was at Arsenal. First game of the season, they started the first half poorly but they were brilliant in the second half, passing it quickly with real intent and they started off here two minutes in but they look confident.",optimism,0.0851
"Might be 1 sided, but just unless you're an Arsenal fan, you sit back and just enjoy the football because it's been terrific so far. Can Arsenal live with this or even restrict the damage. Alaba this time. Oh that's another one.",curiosity,0.0908
Very desperately difficult for goalkeepers. Courtois delighted that he wasn't called upon. And he's helpless Courtois. That's just a little sneak up one of his own players. All of them Liverpool player past him. It's Ivanovic with a really good defensive header.,excitement,0.118
The worst defense to a title you will ever see.,disappointment,0.2322
But it's the best piece of football really. Liverpool have put together.,excitement,0.13
Sepe came out from his goal line. Ball just too far in front of his sight.,excitement,0.1206
"Bonaventura flicks on, referee you're happy with that. Inzaghi though asks how. is a player meant to jump.",excitement,0.1382
Alli squeezing it through the congested midfield area. It's Lamela. Janssen was in an offside position. Not that he could find him anyway.,disappointment,0.1532
There was so many Manchester City players protesting.,anger,0.2212
"There's a corner. Daley Blind whose next job, of course, is to link up with the Dutch national team, which includes the fixture at Wembley mid-week on Tuesday.",curiosity,0.0751
Get to the 150 mark.,realization,0.0821
Alli through the legs of Henderson and caught by Firmino,excitement,0.1384
Sagna joining in once more from that right back position.,realization,0.0931
"The shots on Lallana, but he doesn't go for it. Joe Allen does.",confusion,0.0749
Messi just said wonder to Suarez. I'll just drop back a bit. And it's worked. It's how long Bayern can keep this up.,curiosity,0.1519
Easy for de Jong. 10 minutes played in the second half. We're still. You can get a one nil Milan lead.,relief,0.1178
That's brilliant play. Here's Dani Alves.,amusement,0.1359
Any potency and it's a good ball from Dier. Good pull back.,caring,0.1097
that have won their last three first fixtures in the Premier League. Ramsey down.,disappointment,0.1423
Rakitic little loose with the pass.,excitement,0.0643
"He's got food for thought, hasn't he there? He's looking at this system. He's got a whole week, as you say, Fletch.",annoyance,0.1065
The team that scores first in the Premier League derbies very rarely loses. It's something that has happened a couple of times.,approval,0.1304
"Can they win it back straight away? Can's been excellent tonight, winning the ball back for Liverpool and Bony just brings him down, but I think Liverpool, if you look right across the team, there's not been one poor performance, is there, Michael? They've been very, very consistent. Every single player is given a 9 out of 10. It's been a brilliant performance. Yeah. And it was right from the first second, wasn't it? They set the tone of this game right from the first second of tackle from Flanagan on Sterling, crowd right up for it and everybody else followed suit was a good start.",excitement,0.1256
Both put their arms out. Nothing really in it.,confusion,0.1377
"With a stumbling block, he's been okay. He's got a.",relief,0.1926
"And the keeper just keeps taking the kick. He's prepared to go long into Costa, you see a lot of teams playing out from the back even when they're pressed and they come unstopped. It's Hector Bellerin and now Alexis Sanchez, who starts off through the middle but.",excitement,0.0873
This work from your Holden. A good pass. Here's Iwobi.,approval,0.1545
"Because he's got a left foot on him, he puts an early ball in and that's probably the most threatening Chelsea have been all day. Look, they get in behind, no turning back on your right side.",nervousness,0.1124
"This is strange one. The whistled has gone. Rashford wasn't offside, it was young.",confusion,0.2012
"There's a lot of talk, particularly before the first meeting, of an interest from Round Madrid on Raheem Sterling. Borini. Puts it in but. The whistle had gone.",curiosity,0.1335
Impose themselves on united on set pieces.,annoyance,0.0906
"Yeah, that's his game. Vincent Kompany. He's a very physical centre half. One that you hate playing against. Kick me a few times, but as soon as you get the ball, he's using his body, uses his strength. Nothing wrong in that. As long as he doesn't have to shut them up. Here's Lallan",caring,0.1029
"They have earned that right. And with Manchester City leaving two or three man up front now, they've got lots more of that space.",realization,0.1747
"Of the Liverpool left back exposed again, Gary Neville. I was watching Moreno actually the balls on the far side. He ball watches. He had looked across and he's so rash. He's absolutely garbage tackle. It really is.",disappointment,0.1081
Don't think those chances are going to be coming too often for Lewandowski.,realization,0.0759
"Well, it gets from bad to worse from. Filippo Inzaghi's points of view, there's no way that if he's pulled, he can carry on.",disappointment,0.119
Needs a bit more refereeing at the moment than the. The case in the first half.,desire,0.0945
"Not taking any risks with the swerve on the ball, batters it away. It was a good policy.",caring,0.1293
If the flag had stayed down he would have been in a really good position here. That wasn't much But he was level. He was level.,realization,0.0851
"He's only 20, it's only his third appearance against Real Madrid, but he has scored a goal against them.",curiosity,0.095
Competition for places pretty fierce in an ever changing.,realization,0.1894
Combining there with Isco. Marcelo's on the overlap. Marcelo should get there and unable to do so. It'll be a goal kick in favour of Sevilla.,confusion,0.1705
"Really clear cut chance, even chance. Even form closer range which was Squeeze through bodies.",realization,0.1494
"Only his second four PSG's previous one at Toulouse, a couple of years ago.",realization,0.0922
"Well played, Verratti accelerating away from Gignac now.",admiration,0.131
Anticipate by Batra. Suarez to Neymar.,approval,0.0683
"And Juventus, get the free kick. Now, this is the view of the fifth official's feed.",excitement,0.1297
Here's Chance for their lead to be threatened again. Emre.,embarrassment,0.0988
You see him again Iniesta. Getting stripped.,embarrassment,0.1525
"You saw the Liverpool goalkeeper hesitant on crosses. Ashley Young will cut back on that right foot on swing. Those wicked crosses in, and Matic, Pogba and Fellaini will be flying in towards goal, so that will be the tactic.",nervousness,0.1983
It was a bit of frustration generally the 1st 15/16 minutes hasn't gone the way in which Liverpool fans would have expected or Jurgen Klopp And Valencia can burst onto this.,annoyance,0.298
It's intended for Silva. Neatly done by Henderson. And now Firmino. Good tracking back there by Fernando.,caring,0.1313
"There are some managers who are cool and calculated and genuinely not so emotional about it that live on results. They know that, but others kick every ball and Jurgen Klopp is in that category and you say Antonio Conte as well.",neutral,0.1065
Dier is nice and cool. What a ball that is.,excitement,0.1561
"Better from Paris Saint Germain taking a little bit of risk, but they're gonna be brave.",caring,0.0822
"Firmino can spin away there from Fernandinho and then take on Fernando. Liverpool flowing forward, Clichy in the right place. Fantastic feat from Otamendi not bad for a centre back, although Liverpool get bodies around him and then Fernandinho goes in.",excitement,0.1287
Real Madrid on the attack again with Cristiano Ronaldo.,excitement,0.138
"Mandanda, making his 183rd consecutive appearance, he hasn't missed a game since the last date of the 2009/10 season.",realization,0.0994
The sharpness of first Cristiano Ronaldo and then of course a couple of goals from Benzema that were probably a little bit untidy from the Liverpool point of view.,curiosity,0.0835
"The card is out for Xabi Alonso. You won't want to get into the sort of trouble too. There's another final should, of course, byaeen and get there.",caring,0.0733
"No Sakho tonight, no Lucas either. So Jurgen Klopp has had to change both of his central defenders. Emry Can, quickly on Fernandinho and he's won his side the free kick as well, which Henderson gets on with. Here's Flanagan.",disapproval,0.0759
"Milner rather caught in two minds. Ibrahimovic is offside. I suppose but he went too early, Ibrahimovic. It was there for him. He just holds his run.",confusion,0.1957
In the Spanish league. Marc-André ter Stegen's passing is not bad.,relief,0.0877
"That's well played by Payet, Gignac. Gignac turning but no way past Thiago Silva. First corner from Marseille.",admiration,0.124
"Andy. This might be a sign of things to come. This is the pole for Liverpool. You really have to be disciplined when you're in possession. They give the ball away so cheaply and we saw in the first game with the quality, the movement that Real Madrid have in their side.",optimism,0.149
"Real Madrid against Sevilla, Sky Sports 1 at 7:25.",excitement,0.0829
Attractive left footed dribbler caught there. Free kick.,admiration,0.1068
"There's a democracy about it that's for certain, but of course it's the Champions League that Manchester City need to be concentrating on here.",realization,0.0967
"Danny Rose's first touch, has forced him wider than he wanted to go, but retreating Mane has given away a free kick.",surprise,0.0697
Vertonghen Eriksen losing out in a potentially dangerous area. It's an intelligent pass from Mane and Coutinho thwarted by Vorm when the odds looked very much against the Tottenham goalkeeper. How big a moment could that prove to be?,curiosity,0.1836
Contesting those loose balls.,anger,0.1366
Lucas has a committee of three trying to take care of him. He's done well to keep it out. ,caring,0.1685
Bony. Aguero.,annoyance,0.0705
"Benzema way beyond the fast post tried to return it goalwards with interest. It's a wonderful ball in from Marcelo, but so difficult for a striker to judge the bounce of this ball. He did it brilliantly for the for the opening goal.",curiosity,0.2022
"Well, it's come from nothing, really. You have to think the distance's come from.",confusion,0.222
"Ronaldo has scored in his last three appearances against Liverpool. Of course, a lot of headlines made by the fact he hadn't scored at Anfield.",excitement,0.137
"Expectative first shot from Lallana, not one of his best, but I'll take it.",nervousness,0.1601
"And this is quite a new team. Ohh yes, with no Pirlo, no Tevez, no Vidal anymore. Yeah, as Owen Hagreaves said before, Ian, this is a much more difficult task this year. Yes they brought 10 in, but they lost three great players and great characters as well of the team last year. It's going to be very difficult to replicate that as we've seen already.",disappointment,0.1527
"Just left in that, Matic, but they won a couple of headers.",excitement,0.0906
Xavi's Corner and Neymar. Struck by Rakitic. Blaise Matuidi,anger,0.0771
Look back here from Silva. Agüero.,curiosity,0.0721
Azpilicueta has it taken off him by Walcott. He's got the presence of mind to find Bellerin. Kante was in there quickly.,excitement,0.0847
They can't afford to get Paul Pogba talk to plenty of time in midfield. He showed what he could do.,desire,0.0904
Because two magic strikes to turn that game around.,excitement,0.1019
Earlier round Madrid great Raul.,excitement,0.1007
"Diogo plays the ball into Cristiano Ronaldo, he keeps it in.Isco is crowded out.",excitement,0.0926
Never felt that Liverpool slid home and start playing.,surprise,0.1849
Here's Oscar. Going for goal?,curiosity,0.1484
Jesus Navas. An early cross. Darmian on the cover.,curiosity,0.09
"Weaker clearance from Pique. You can hear from the crowd's reaction, they were not expecting that. No. And you know the goalkeeper could have came and collected it. And again, he's probably showed it. Pique swings the left foot up and gives away an unnecessary corner kick.",surprise,0.1123
It did catch Pique and Mascherano by surprise.,surprise,0.3495
"Yaya Touré has the ball there. Reflection. He's got 11 Juventus shirts to get back. Allegri down here on the touchline, he'll be thrilled. David Silva picking the ball up there.",excitement,0.1232
"Particularly from Messi. What are we seeing already, Gary Neville? Well, incredibly set up. Rafinha is a left centre back. We were imagining he would play as a right back. PepGuardiola has gone to shock us all.",surprise,0.1233
"So coming back, as you can see that really concentrating in his court offside, look, all the trying to play their way out from the back, they want it to be nice and comfortable and play under no pressure but well, Madrid are committing bodies into the Liverpool half and are working that Liverpool back 4.",desire,0.2158
took just a fraction of a second too long and it's just another Chelsea corner.,annoyance,0.088
It was a great stop by David De Gea. Who has hardly had anything to do tonight.,caring,0.0823
"Coman so quick draws 2 defenders in. Look at the space where Thiago. Levandoski's on side, Gabriel just plays him on side, knows exactly where he is, levandoski nice cushioned header.",caring,0.1271
"Loads of space. Take your time outside of the left foot, curling away from the goal two wonderful chances. What would he have done for this man?",curiosity,0.1381
United win a lot of second balls when balls are being cleared out there. Again Ashley Young in. Again throw in going United's way. They are the better in this 1st 15 minutes.,excitement,0.0943
Important they don't get sucked Real Madrid. The petty spats they've just started. The second half pretty well.,annoyance,0.1585
They have won it back again here Arsenal. There's danger as Alexis Sanchez could bring it forward. There's a lot of space for Iwobi down the left. Instead he went towards Walcott from this side.,excitement,0.0921
"I haven't got enough problems already, having just lost that goal. They've now lost their skipper.",disappointment,0.221
"Henderson. Even for the best players, concentration.",realization,0.144
And Suarez just couldn't put it back to Neymar. He's done Rafinha on the one-two.,disappointment,0.1409
Sagna's little flick on there didn't fall to a luminous shirt. Now Aguero.,excitement,0.0735
Varane jumbping with Iborra And listen to that. The stadium.,excitement,0.0908
Iniesta. Pedro.,realization,0.0861
Able to find a lot of. Between the. Midfield three of Milan. Defensive. Mr Gariani squad.,caring,0.1063
And their resistance is broken here in the Nou Camp.,disappointment,0.169
It's free on the back and plenty of targets in Manchester United Blue. The flag has gone up.,excitement,0.1662
They won't get bored of watching it. Rakitic.,relief,0.0815
Isco's ball goes beyond Marcelo. It will be a throw in in favour of Sevilla.,excitement,0.0802
"And it's interesting to see Pepe at the back and as we thought, Sergio Ramos in midfield, Alan, this 18 months, I think since he last player played there for Carlo Ancelotti. Yeah, I think it's his aggression. He's combativeness and he'll when Carvajal goes forward as he is now, he'll just slot across and and filling on that side. Here's Tony Kroos.",curiosity,0.3126
Spiced up between Coutinho and the Spaniard.,excitement,0.2086
"Raheem Sterling, such a strong player himself. Low center of gravity. Firmino going in, it looked like shoulders and that's certainly what Firmino's talking about. But I think it was just into the back of Sterling.",confusion,0.1115
"Really cranked up now, then Toure. No way City are resting on their laurels, having already qualified. They want something out of this game. They want to be the bosses of this group.",excitement,0.1864
Wasn't able to put any power into the head of that.,disappointment,0.1675
"without committing a foul, which would have been pretty costly for Liverpool.",desire,0.0725
"Pretty strong temperament. Not only did in the only 15 minutes or so came off understanding to turn on him, he's wanted the ball still and. Trying to influence the game a bit more. Matip.",desire,0.1031
"Henderson, back to Lallana way, again, you can't blame.",neutral,0.0689
"He goes towards both Raheem Sterling and Wilfried Bony, David Silva with the chase.",excitement,0.1048
"That's what Koscielny dealt with so well at the Emirates. Every time those crosses came in, Arsenal dealt with an incredibly well. Gabrielle makes the wrong decision. Tries to play outside. Santiago Cazorla.",approval,0.0803
Taking on Barzagli can he find the space to get away? It's a disappointment there in the end from the Belgian. City win it back again.,disappointment,0.3145
Not quite able to get the corner out of that that possibly. Lewandowski was looking for.,confusion,0.1512
"This game being played out in front of a record crowd, more than 65,000 tickets had been sold. By Friday night.",excitement,0.1533
Knock it momentarily out of harm's way. United on the receiving end of it more at the moment.,relief,0.0834
"I said early on in the game that he's played with Cahill before and it hasn't worked that well. He's played with Terry before and they don't seem to get on that well and play together. So I thought that now Conte brought him back and I can't believe he's a Conte type of player. It's his ball that Diego Costa's chasing now. Beautifully delivered from the back and the on rushing forward. In terms of double Luiz, there is definitely a place. He's a big character and personality just doesn't seem to fit. What's here",confusion,0.228
So used to managing teams who have a greater share of possession.,realization,0.1867
"Here's Azpilicueta, Matic. Chelsea looking to open up Arsenal. Eden Hazard.",excitement,0.138
"I think so. Well, Sevilla creating the scrambles, which is where they had two opportunities. To pull back level. For Valencia. It's just going to run down the clock yet further. Ball recovered by Banega And he should",caring,0.0911
Here's Kroos. Marcello.,approval,0.0728
"Will look to work the ball onto his right foot there, Can then lifts it in towards Milner.",excitement,0.1006
There we see again. Bale's ball. It's a perfect ball for Cristiano Ronaldo and it comes after having to hold off the challenge from Reyes. Some fine work by Gareth Bale. Sergio Ramos is down.,curiosity,0.0943
"Yeah, Isco. They moved the ball quite cleverly to get the crossing quickly.",caring,0.1015
"If anything, he's the first choice scored two in the first three Seriah games young Argentine, Tinian. Really, really talented boy.",caring,0.1034
"Scored a beautiful goal in that match referred to at Arsenal. He scored against Leicester, also got the winner for Sam Allardyce. Here is Milner, forward again down the flanks. The flag. was up. It was good from Liverpool.",excitement,0.1144
He's been on the bench for Argentina in the recent internationals. They do have one or two strikers. You might have noticed Argentina.,caring,0.0974
"How far away is he? He just goes to see if he can touch it, and then he wonders whether he was offside.",curiosity,0.3455
For Juventus against the holders Real Madrid last night. Off goes Suarez. Boateng. First to get close to him.,excitement,0.1259
"And you just can't afford to do that against Bayern Munich. Obviously they need to attack, but they need to defend as well. Support the fullbacks, don't thinkthey have done a good enough job of that so far. Here is Debuchy. Now, Campbell.",disappointment,0.1696
Messi puts it back in and David Luiz charges. 40 yards. Concedes the corner.,excitement,0.1225
Although Lallana got back there to make a tackle for Liverpool?,curiosity,0.2415
Ramsey trying to get into a position where he kicked received the throw in behind Liverpool's back line? There is Sanchez.,confusion,0.138
Played him as a right back as well. I think he's the best center back in the world right now. Levandofsky.,admiration,0.1192
"20 minutes gone still 0-0 in the centre, Ramón Sánchez-Pizjuán. Marcelo.",disappointment,0.1413
"And he's not a conventional central striker in the manner of Ibrahimovic, shall we say.",curiosity,0.1117
25 Champions League Finals Patrice Evra down the years.,realization,0.0875
"All class and dignity, usually Max Allegri the.",pride,0.1542
"Tossed forward by Piqué towards Rakitic, Demichelis is there. Throw in to Barcelona.",excitement,0.1009
"Azpilicueta. The Chelsea captain, Branislav Ivanovic. Here's Willian.",curiosity,0.0755
"Morel's got back. Can Verratti find a teammate? Does eventually, it's Motta. Motta, Ibrahimovic. He might finish it.",excitement,0.1241
They're in complete control is to say Rob with the two goal cushion.,realization,0.1179
That goal. Certainly charge the atmosphere here.,excitement,0.1834
"Probing, pushes it through to Bacca. Bacca inside, there was an offside flag, though against the Colombian this time.",curiosity,0.1501
It's a local match with global interest.,curiosity,0.1906
"What will be fascinating, whatever the second half produces, Andy is what side Liverpool put out in the Premier League against Chelsea on Saturday.",curiosity,0.3682
"Yeah, he's got to find his his right shape. He's got to find his right team. He doesn't know yet. He really doesn't. He's grasping at systems at the moment. I think he. We all know.",confusion,0.1975
"And the other defeat on Saturday, Bayern played almost the B team at Bayern Leverkusen 2-0",disappointment,0.202
"All those two, not the best of friends. That's public knowledge, Payet and Thauvin, but they seem to have agreed.",disappointment,0.103
"Make sure he went no further from the referee, saw nothing wrong with that. Sanchez did. He's still sitting on the ground, staring at the referee and saying, what's that about? Well, I did as well as good as Philip Lahm is. I know he's only made one foul in the year, but I think that was another one. A good positive play from Sanchez.",curiosity,0.1272
Varane. Marcelo Benzema coming in. Making the breakthrough. He got two at Anfield.,realization,0.1256
You will replace Matuidi who's been struggling since that ball struck him in the face from close distance.,nervousness,0.0757
The lack of accuracy on the Lallana cross takes him behind for the Manchester City goal kick.,disappointment,0.163
"Sagna is again moving away from David Silva. Then the challenge comes in firmly by Mangala on Morata. Nothing wrong with that, with firm central defensive challenge from the Frenchman and then Yaya Touré will test his strength and pace against Giorgio Chiellini and the result of all that. Throw in in the fullback position to Juventus. He doesn't mind the shoulder to shoulders, doesn't Chiellini. Chiellini he loves it. There is Kevin De Bruyne.",caring,0.0913
That he was happy with the decision. It was as simple as because how it was explained midweek that.,approval,0.1585
He will provide the spark and the life a bit of energy for Milan.,optimism,0.2603
"In the end, it was just the ball was too slow. From Fernandinho.",annoyance,0.0677
Janssen Dier chases and he'll get there ahead of Milner.,excitement,0.2334
"Wonderful pass from Busquets, You are just wondering whether he can get it across. He does. He reads it well, Boateng",curiosity,0.1989
What was going to be required But.,confusion,0.1197
Certainly stuttered it wasn't a cramp type movement or a pulled hamstring. You'd hold straight away if you had an injury. [commentor] Emre Can.,confusion,0.0805
It's good from Thomas Muller. It really is good. The pass was a little bit to the right of him and his first touch just round the Mascherano as he flew in it and was brilliant.,admiration,0.1132
"Barcelona, beaten at the weekend, beat at home by midtable Malaga.",disappointment,0.0842
"Won by Rakitic, won back by Demichelis. Dani Alves. Rakitic. Iniesta. Busquets. Jordi Alba.",realization,0.1078
There was a high press against them and a lot of individual errors.,disapproval,0.3461
Matip for Clyne Here's Lovren. The other player to have been booked for. Kicking the ball away.,excitement,0.0726
"Slowly from side to side, there's no real energy getting up the pitch. He needed lifted.",relief,0.1081
Dzeko has gone on. It's a terrific pass from Clichy. Good cover from Gerard Piqué.,excitement,0.124
" 37 Buffon still as good as ever, 14 years at Juventus, and we've already seen tonight that double save early on. To deny Manchester City.",excitement,0.0876
"The injury problems we had with Dybala the games just lost its way a little tiny bit. It needs to get back into the flow. Manchester City needs to get back, get a bit of possession of the ball. 18 minutes remaining.",disappointment,0.1186
As Navas is being assessed by the medical team on the sidelines. Here's Marchisio.,caring,0.1317
He's got his work cut out to stay with him. That's why he's pushing him and pulling him.,anger,0.0959
"There is the foul and the original foulis from Iniesta didn't he? And then he finished it off, didn't he? Well, he's caught the heel. That's what's happened. He's caught the heel of Lucas.",confusion,0.1397
"[commentor]A credit to both teams, in some ways that in the field is. Very short of space. Particularly for Liverpool.",gratitude,0.1633
"Scored the weekend from a set piece, Griezmann eventually. With great overhead kick.",approval,0.0921
"If you watch United, this is what Jose really did a few seasons back. Just walk into set pieces, not rushing. David De Gea has been taking his time, Valencia walking towards the ball.",caring,0.088
Milan supporters want their side to counter.,desire,0.378
No complaints from the 25th birthday. Cesar missed that match with Chisena.,neutral,0.1111
"So, disappointed with himself at centre back ter Stegen is absolutely no chance. He's passed him before he knows it.",disappointment,0.3099
Ramsey 2:45 by excellent contribution in Euro 2016.,admiration,0.1044
"On the nigght he scored his seventh goal in a Liverpool shirt and he's more than played his part in a very good attacking display by the home side tonight. Joe Allen coming on for what remains in the game. Yeah, I think he's had a good night as well, Firmino.",excitement,0.105
Both were pushing one another but the referee not happy with. The final nudge that came from. The Japanese on the Portuguese.,annoyance,0.1111
This is cake. Now Matuidi. Lavezzi.,pride,0.0905
"It's the type called Borini. Maybe just half a yard offside, but this is all Liverpool all looking for the two rail fullbacks push on over the halfway line. They win the ball back quickly. Liverpool One ball over the top. You just never know.",confusion,0.0982
"But Chelsea started the evening knowing a win, would take them top of the table at the start of this weekend.",optimism,0.1279
Henderson The last time that Chelsea beat Liverpool here. They did concede an early goal to Martin Skrtel.,curiosity,0.0791
"Dzeko, Lord Mascherano, and positions gone the other way.",confusion,0.1064
"Some of the challenges, increasingly frantic and frenetic around the edge of that penalty area.",excitement,0.2539
"Messi. Rakitic lets it run. Lucky it got through. To Busquets They are a little bit back on their heels not once, but twice. Rakitic",confusion,0.1113
"It goes against Manchester City. You know, I think Juan Mata was the one most likely to keep him on. He's looking across the line, Aguero thinking that he had delayed it.",anger,0.0717
"Well, Real Madrid, theyhave had some chances in the early going. Sevilla have come out of the blocks really strongly. Just looks if Sevilla were beginning to come back into the game. They had a couple of pullbacks, a couple of runs I think, that Krychowiak injury. He's back on the field of play now, but that delay in getting him back on has proven really costly, Sevilla, completely relinquished possession to Madrid during that five minute spell and Real Madrid in particular, Cristiano Ronaldo, have taken advantage.",curiosity,0.0928
"Neymar just trying to slide it through, but it was broken up and Pastore. Find Gregory Van der Wiel.",sadness,0.1062
Blind disappointment with himself? Poor delivery. He may be a little too eager. To follow instructions to cross too early. Goalkeeper. Karius actually.,disappointment,0.2584
That's a wonderful finish. He's kept his head in there. You could get into those positions and hit the goal or hit it wide.,admiration,0.1586
Fabregas is going to be the player to go off. We are hearing. Here'ss Costa. Now Willian,excitement,0.1351
"And since Real Madrid scored, they really have dominated the game, so I think Brendan Rodgers will be pleased, he recited. Just managed to get hold of the ball and take a bit of the sting out of the match. Nolan.",excitement,0.0787
Carries on running Fernandinho trying to find a way through. Silva's in there too and Mignolet alert.,nervousness,0.1226
"Marcelo, who set up the one goal, will Karim Benzema.",excitement,0.0754
"Juan Mata will come inside, so there was a big gap on the right for United.",realization,0.0707
"In the first Saturday, the Premier League season. It's been a little bit different. On the 1st Sunday. Arsenal played really badly.",confusion,0.0848
Who is trying to sit in front of the back three. The gaps that seem to be inevitable.,confusion,0.1748
Now Pedro is ready as well. It looks like it's going to be a double change. of the final two changes.,excitement,0.0734
"The side that took us all by surprise, really when it was announced, he's a stayed in the contest with the substitutions now made to try and just find that little bit extra to turn a narrow defeat into famous result that a draw would be. And if you get one well you never know. We've seen the great Champions League occasions where games have been turned around in less time than we've got here talks about mileage positioning from the Ronaldo free kick when he held his ground in this case he just has to move behind the wall. He knows where that left foot of Bale.",surprise,0.2413
The ball through now. Sevilla moved from defence to attacking.,realization,0.0973
Another careless one from Mandzukic. Was in the wars in the first game.,disappointment,0.1356
"Great acceleration Suarez and no way through twice he's not put it back to Neymar. Turned out the other way, Suarez. In by Dani Alves. It was nudged on by Messi?",curiosity,0.1253
"At the moment, but I'll say have not had their final word. Payet This is Alessandrini.",confusion,0.0886
"You rarely heard the Barcelona supporters so fesiferous. So fired up. Well they wanna win the game because they wanna top the group. Their cry wants them to do that. They all from the game they lost three, two in Paris. They want to play them back and you can see the goal early on and go one nil down and come back and they're 2:1 up playing some great football. Giving them a lot of p[commentor]Rob[commentor]lems at the back.",desire,0.118
"Here's a second substitute Aguero, and still having to just look after him even though they're chasing a a goal after the long term injury which kept him out for those seven games. So off he comes and Raheem Sterling.",annoyance,0.0803
"The foul alone deserve one, let alone the totting up that might have been going on in the referee's mind.",excitement,0.1064
"We'll take some stopping, there's no doubt about that this season in the Champions League. You think so? Anyway, they've reached at least the semis in the last Four Seasons, the last one.",curiosity,0.0856
Exceptional from Bonaventura. 6 million purchased from Atalanta at the start of the season. Andrea Poli. I just got too.,surprise,0.1277
Everyone back for Bayern Munich. Not deep enough from.,disappointment,0.0913
Who is the Italian international Leonardo Bonucci.,curiosity,0.1406
"Chavez coming on, it's gonna have to be either in Iniesta or Busquets and The Maestro will get us 146th.",nervousness,0.0946
"Games, a little disjointed. Ragged now.",confusion,0.2933
Milner's ball in towards Firmino. There's certainly more flow about Liverpool though in the early moments of this one. Yeah definitely the better start from Liverpool down that right hand side in particular.,excitement,0.1065
"Rafinha was in trouble, he couldn't go close Neymar today. It was just taken round him. He cuts back inside onto that right foot.",disappointment,0.1335
"That's risky. From Martin Skrtel. They're going to pay a heavy price for this. Well, they very nearly did.",nervousness,0.0819
Here's Mascherano. Montoya.,approval,0.0739
Chambers tidies up confidently and competently.,pride,0.1538
And it's ominous with an early breakthrough to build up.,realization,0.1989
"[commentor] Flag is up for outside Jamie Carrigan. What are you making of this? [commentor] But eventually found that we couldn't trust Liverpool. I mentioned there. But but really it's defensively as a team this has been going on for a few years now. Liverpool has an ability to sort to snatch a draw or defeat from the jaws of victory and Liverpool have missing every chance. Today they played Jordan Henderson in a holding midfield position. That's not his position and Liverpool's two big signings with attacking players. When you think of the problems we've had defensively, it's still some that need sorting out before the end of August.",confusion,0.1558
Here's a Cuadrado who's on loan by Juventus this season from Chelsea and now with Mario Mandžukić.,approval,0.0936
"One of those who played in the England youth setups but opted for another country, Nigeria, in his case. Walcott",curiosity,0.0987
Conceding a lot of goals from set pieces. Fellaini. Got to made a bit more of it.,realization,0.0865
It is very warm afternoon. In north London. Shadow starting to lengthen.,approval,0.0923
"They've won the group stage for the last seven seasons. Last time they failed was when Chelsea nipped ahead of them back in 2006, 2007.",desire,0.0994
Things like that do go through. Officials minds.,realization,0.1073
"Liverpool taking every opportunity, and there are places to play for you feel.",excitement,0.1049
For a moment to give them a first victory.,excitement,0.1294
"Coming up in about 18 days time, that could have serious implications on the top four. The way things are shaping up, West Ham are chasing that top four position as well and Liverpool will only be 6 points off it if they can see out the win here.",caring,0.0914
Limited opportunities for Liverpool to attack first half. Mane.,disappointment,0.1919
Still wiggling and jiggling and trying to find their way through. Milner.,amusement,0.1885
Coutinho darting on the near side and handing Milner an option. He had it covered.,excitement,0.1573
No real surprise there. Isco a far more creative figure. Illarra.,realization,0.0761
"Because they switched off, [commentor] Liverpool fans delighted with what they're seeing.",excitement,0.2199
Milan 1. Empoli 1. 20 minutes ago.,realization,0.0987
"But when you're playing against the best in other countries, you have to have different options and it was all been a bit too slow today.",annoyance,0.1303
Picked up a suspension as sometimes he does might have picked up the yellow card on purpose maybe.,confusion,0.1136
Brought back to replace Bacary Sagna for this one tonight.,excitement,0.0997
"And that almost rolls in slowly, softly into the goal.",realization,0.101
"Playing from the youth setup at Ajax, which is a pretty good recommendation usually. Yeah. Came on against West Brom actually when United needed a goal and.",approval,0.1181
"Lovren away Otamendi there in front of Christian Benteke. Here's Zabaleta. Now, Navas. In towards Aguero",excitement,0.0905
"Jurgen Klopp. I had a full preseason that very much to his shaping alongside with the Commercial Department, which is important to the way the preseason are run by the top clubs.",caring,0.1301
Matic. And couldn't keep it in.,disappointment,0.1604
"Alex Sandro, Dybala not given the time he wanted by Demichelis. Here's Claudio Marchisio.",disappointment,0.0837
"He should have been able to decide things up relatively straightforwardly for Liverpool, and he can.",desire,0.1162
Blind. I think they'd be fairly happy United with the way things have gone since scoring that goal. Here is the scorer. Rojo.,optimism,0.0937
Ivanovic this is something a lot. When Chelsea didn't last third. Not enough to get into feet.,surprise,0.0783
"Keep up the good work, nothing changes. Just be a bit more. We get an attack. Antonelli, for Ménez. First caught by the Vecino.",excitement,0.1066
Navas plays it short here to Silva and then whips it in. Milner was waiting for it.,excitement,0.1086
[commentor]Could draw Arsenal in by playing some passes into Jordan Henderson and started the first half doing this sort of thing.,caring,0.1041
Sergio Ramos. Kroos pushes it Marcelo. Marcelo beams it in,approval,0.0918
"Before today, 70 Premier League games since his last goal in the division. Some going.",curiosity,0.0769
"Neymar, lovely touch.",admiration,0.1788
"Out by Milner, Eriksen. Just calming things down and finding Simon Mignolet",relief,0.3322
"This season, one nine domestic cup ties.",realization,0.1456
Very exposed to that occasion. Good pace from Lucas. Blistering pace that goes past Mathieu gets a little bit a lot and keeps going. The keeper makes one save and it's a scramble. Who wants it the most?,excitement,0.136
"Cavani it was aimed at, but Jordi Alba was there back in by Van der Wiel it has gone in.",anger,0.0851
There's gonna be a lot more than the six minutes or so you see on your screen. Bony.,disappointment,0.1579
Messi. Iniesta.,confusion,0.124
The way I think you came through the back and feet were off the floor.,excitement,0.0803
"Expectative first shot from Lallana, not one of his best, but I'll take it.",nervousness,0.1601
"Ibrahimovic crossing and combination of Mandanda and perhaps the upright, keeping that ball out.",caring,0.0978
Words are against Athletico keeping a clean sheet here.,disapproval,0.3873
"Well, I said in the first game, I thought Bayern Munich played very well at the Emirates. They just didn't take their chances. Monreal played terrific against Thomas Muller. Mertesacker, and Koscielny were brilliant against Levendosky. But so far in this game they've been a little bit second best in those crucial moments.",remorse,0.0764
"You can see it there is a foot offside. The officials very, very good tonight, Rob. Larent Blanc there [inaudible].",caring,0.0894
Quite a few normal parties and supporters here.,approval,0.1121
He's gotta be totally convinced that it's.,realization,0.2322
"We are hearing from the bench that Pellegrini's actually asked Aguero whether he's OK to go on and Aguero has said yes. Yeah, cometh the hour.",excitement,0.1098
"Verdi gets the ball. He played it back, coming in. It's Giacomo Bonaventura, not only a good attacker, but he's plenty in his engine to get back and help the defence there as well.",caring,0.0924
Easy ball and chances to attack his back players.,excitement,0.0927
Here's Coutinho again trying to work the angle and the deflection just put Vorm on it. It's gonna play for the first corner of the game.,excitement,0.128
"Inherent risk. You're playing a side like Real Madrid, but. They might just pounce.",fear,0.1301
But they broke so quickly. Arsenal just then.,excitement,0.1121
"When they're looking to pick out a pass, Cazorla again. Now Ozil",annoyance,0.0825
Mane. Keeping the pressure on here.,relief,0.1013
I think before we heard all about the injuries that Real Madrid have to deal with tonight.,realization,0.1072
"Far too slow Manchester City. They've been caught in the problems that they had last year. Not mobile enough, not quick enough in the Champions League. It's all right in the Premier League when you can dictate play.",disappointment,0.2131
Northwest rivals. They have won the last two games here.,desire,0.1169
The game being played there is overconfidence isn't there?  Paris Saint Germain defense. Maxwell.,confusion,0.1155
You said that they didn't work the corner all the way back to Javier Mascherano and here is Mathieu.,confusion,0.1025
"Manchester City still trailing to that pretty early goal scored by Mario Mandzukic when maybe Nicolas Otamendi might have been a little stronger. He thought he was being impeded. And the referee didn't. Yeah, they just need to step the tempo off again, Ian.. This is all a bit too slow.",confusion,0.1235
"Well, he's got the ability to hit those on the volley and how not that time.",disappointment,0.0677
Two quick fire goals Marquinhos on 49 minutes and an own goal on 51 minutes. Giving PSG the lead.,approval,0.1186
"Henderson to Clyne, who as we suspected and as the Liverpool warm up indicated, is playing at left back tonight with John Flanagan on the right. That was something that you spotted early when they were going through their warm up routine. Yeah, they were warming up with Flanagan crossing balls from the right and pulling from the left. And I can only think that's for him to be up against Navas' pace or maybe Flanagan to really get tight on Sterling and give him a dig like he did in the first seconds.",curiosity,0.0965
"He knows they are back in the game, the eyes. well, it's the first time we've seen the eyes tonight. The first chance he's had tonight and he's gobbled it up.",realization,0.0891
"When they are good away from home, they're brilliant. Yeah. Fantastic results, including the one here last season. Jurgen Klopp's first Premier League win.",excitement,0.1143
"When they do get in these two, Fellaini and Herrera, They've got control. Herrera again.  Valencia's pushed on from Right back.",realization,0.1096
This how this half begun. The first time you might be able to consider the possibility of winning the away leg.,caring,0.1094
Eventually they had to contend with it before winning the league already.,disappointment,0.0961
"Not in double figures yet for Barcelona, but he might be by the end of the night. He might be by the end of the half almost stole away from Demichelis there.",curiosity,0.0775
Kompany's chest. Comes of Chiellini's forhead right in the back of the net.,excitement,0.0788
Not going to get a whole host of chances you're feeling the next 5 minutes or so. They need to take advantage of this kind of situation.,disappointment,0.1559
Now Willian and to Costa and then back towards Willian and two Arsenal defenders there to shut the door and Coquelin with the firm challenge on Ngolo Kante.,excitement,0.108
Free kick given against the Juve man.,excitement,0.1091
Carvajal brings it down for Real Madrid.,desire,0.0719
I've got to ask some questions of Barcelona somehow.,curiosity,0.2272
"Yeah, but at the minute, he doesn't get much help at all. Diego Costa does he? Everything he has to do himself.",confusion,0.225
"We say that he had a few attempts which were very much off target in midweek, failed to score at the Bernabéu. He's got a free kick which really is Ronaldo territory and with Gareth Bale only on the bench, I think there is only one candidate for this.",disappointment,0.1338
"The goals are certainly going in tonight. They can affect the title race. Arsenal have scored, Joel Campbell has it. So Arsenal leads Swansea and a reminder that West Ham are leading Tottenham as well, with another Michail Antonio goal.",realization,0.0982
"Divock Origi's been their preferred to Christian Benteke off the bench in the three matches before tonight and from the starting lineup standpoint this evening but Benteke is going to get a run out here tonight. Not a bad man to bring off the bench at this stage of proceedings Michael. No, not at all. Origi, he's done well, he's not got on the scoresheet but he's played well. He's made some runs, he's used his body well, he's had a good night.",caring,0.0847
That was opportunity actually with the ball peeling off him.,excitement,0.0984
The game with Mané made his debut in English football and Southampton won here. Nathaniel Clyne was amongst the scorers in that game.,excitement,0.1055
Manchester United haven't won any of their last four games in all competitions.,disappointment,0.1662
"[commentetor] There's Arsenal who keeps pushing it. Sure [inaudible] Firmino and Coutinho will enjoy the sight in front of them of space, and you can get some good passes in through into them into midfield.",excitement,0.1157
"He was pretty sure that groin is in particular warmed up with that kind of exercise. And he will be tempted. Jurgen Klopp, but certainly won't want to risk him. But the fact that he's on the bench. He must be there to be used. Firmino trying to make it his.",desire,0.1538
"But that wasn't pressing. For instance, they got out really really comfortable.",relief,0.1843
The clinical passing movements from the [commentor] The very least that Arsenal need to do is get the next goal.,realization,0.0874
Silva takes in towards Kompany Dzeko. What a chance. What a chance? Just a yard. Either side of ter Stegen and surely he would have scored well Kompany getting to the near post again. The flick on and there he is standing still because he's standing still. He can't get enough power into it straight at the goalkeeper. What a big miss.,excitement,0.1157
Xavi playing alongside him. Rakitic to his right. Messi.,confusion,0.1346
"Set of problems. Now he's gone from a flying winger going against him, to a player that likes to tuck in, and whether he goes in and marks him or he stays and holds his position is a.",confusion,0.1666
"Halfway through the second half, it's Sevilla 1-2 Real Madrid. A victory for Real Madrid.",realization,0.1288
Sloppy from Costa and Arsenal have it back themselves.,disappointment,0.135
"There they go again by Munich, pushing on. Still 0-0.",disappointment,0.1442
Sevilla 2-3 Real Madrid,realization,0.0967
Certainly Thiago is another tall one and Felipe Luis are sorry David Luiz.,remorse,0.1499
Excellent contribution from Wanyama. And not so good from Rose.,admiration,0.0859
One of Liverpool's Londoners Nathaniel Clyne started of course at Crystal Palace.,excitement,0.0802
"It's a comfortable one nil lead at the moment for Barcelona. Draw them out here now, Barcelona.",relief,0.1199
"But they went to address that in the summer, Coman, Douglas Costa.",curiosity,0.0684
"Great piece of play. Look at that touch from Bonucci. He couldn't do much with it once he got on the other end of it, though, here's Navas now.",excitement,0.0919
Walcott certainly the talking point at half time.,annoyance,0.0774
"I think we're up to 30 goals, 29 goals, quick counts up there.",realization,0.1198
"Hazard hits it straight to Theo Walcott, now Willian, Nemanja Matic, Azpilicueta .",anger,0.0732
Gregory van der Wiel will go to Rightback. Marquinhos will slot in alongside Thiago Silva as centre back.,approval,0.0813
"He knew he wasn't getting that. Coutinho, turned away from Herrera. Can he find the pass here.",confusion,0.1169
Young. Here's Fellaini,curiosity,0.0793
"It will give United some encouragement, even though it's a foul.",optimism,0.2237
Willian losing out to Coutinho. Chelsea a bit lucky to get it back. Lallana,curiosity,0.0651
He's a very young man at Manchester United as a winger.,curiosity,0.0821
Dimitri Payet to take an outswinger. That was a decent shooting chance that. Lemina.,caring,0.0899
PSG trying to play their way out of trouble. Although my Matuidi finding himself ambushed.,confusion,0.087
Gregory Van Der Wiel. Readying himself.,realization,0.1238
"That's not gonna happen like that. To Allen a little bit worried by the efforts, which were considerable to keep Real Madrid at Bay for.",nervousness,0.3351
"He's been yelled up, Anthony Taylor. To get the card out.",anger,0.2202
"Barcelona, with Suarez getting cleaned through and then teeing up Neymar.",excitement,0.0889
"Then Lallana, into the umpteenth time to win back for Liverpool and then a little bit of a flare up involving Navas and Martin Atkinson across there to calm it all down, it's just like the Carling Capital One Cup final at the weekend.",relief,0.1313
"Again good defensive work from Vincent Kompany Mandžukić and Morata take good positions in that box, Morata went on Sagna Mandžukić on Kompany.",curiosity,0.0933
"See there Fletcher. David Luiz has just cleared his lines to nobody. Which is fine. Diego Costas, does the rest. He muscles the defender out, gets a throw in for Chelsea further up the field. He'll do a lot of the dirty work. He'll win things up there and get possession further up the field. He just needs more of the ball.",caring,0.0976
Now. Who's given the decision? Didn't say they assistant. He might have said something. Flag referee was a long way away. Just struck Moreno. The old expression. You got to put your arm somewhere. Haven't you think? It's very unfortunate.,disappointment,0.1595
"I think when Joe Hart sees that back tonight, he'll feel that he should have got nearer to it.",realization,0.0984
Sevilla recovered the ball this second half definitely in favour of the all whites of Andalucia. Reyes Too much on that ball for Vidal.,approval,0.0857
And they do get men behind the ball Atletico so quickly. You saw that there.,realization,0.1969
"The shoulder just tries to leave Valdifiori. Again its highlight from, [inaudible]so little bit of space behind for Honda to run into. struck into the end point. Way it's a corner for Milan.",realization,0.0828
"That's straightforward for Petr Cech. I'm really looking forward to seeing this side of the pitch, apart from Petr Cech kiccking it out.",excitement,0.1274
David Luiz in front of that line.,realization,0.0742
Back with a goal after seven games out at the weekend. Anything that shows how Juventus.,realization,0.0988
The third Premier League game to White Hart Lane. Firmino.,approval,0.0833
He's still looking for the one-two. It's not necessary as Ronaldo goes off and another shot over the crossbar from Cristiano Ronaldo.,excitement,0.138
With the way the United have played in this first half and they I will say they are on top of their game. They have been the better team. Matip,admiration,0.1254
Picked up again by the white shirts of Sevilla.,surprise,0.0788
"He was just clipped there by Suarez. The referee gave him the chance and then brought play back. So Juve one, Dortmund one, in the night's other game and there will be highlights of that and indeed this game on ITV at 10:40 this evening and on Thursday we've got live football from the Europa League, starting with Liverpool in action in Turkey at 5:30.",excitement,0.1008
"Yeah. I don't necessarily think it's the amount of games in the days here. It's just the amount of services and the amount of goods services. He's had he played in a very difficult game against Liverpool where he wasn't helped by his teammates, and this is a hard game this evening. He's up against three real experience centre defenders. He needs a little bit more help from his teammates.",disappointment,0.1184
Came off the chest and midriff of Gerard Piqué.,surprise,0.0818
And nowOrigi can test his place against Otamendi,curiosity,0.1117
Rakitic ignored Dani Alves to the right. He's got Suarez. To the left. It was too narrow.,annoyance,0.0722
Alba. Neymar. Suarez.,realization,0.0824
"And of course, plenty of glittering options.",excitement,0.1739
"Ohh. Hits his arm, there's no doubt about that. Can you get out of the way of that? I don't think that's handball to be honest with you. It's right on the edge. Yeah, well, I think probably would have been outside anyway, but.",confusion,0.0988
"Neuer appeals to something, or rather than climbing, a handball here.",curiosity,0.0907
You can feel the extra optimism around the Bernabeu.,optimism,0.5077
"It's Origi, rather than Sturridge, who comes on 1st change for the central striking role, I think that's his ability to run the channels.",curiosity,0.0763
Strength beginning to show as Manchester City go for it.,optimism,0.1589
Prevented Antonelli getting in behind him. Hello comes Francesco Tavano. And then so much experience. Replaces Pucciarelli.,excitement,0.1244
This one could Cuadrado Mandžukić.,excitement,0.0907
"No, the ball has flash wide.",confusion,0.0728
The rivalry between these two clubs last season was very tight 2 drawn games.,desire,0.09
Just trying to slide it off the inside of his foot from the angle to Milner.,curiosity,0.0881
"As to who's going to take this free kick, it's Thauvin and it's poor.",disappointment,0.1277
"This is the early opportunity skirted up against Benzema. We see it with Aguero out the top, strikers in world football, work hard as well as score goals. They create opportunities as well as take them so wonderful, save Mignolet. Very confident from Varane.",optimism,0.0892
"Bacca, even though he's obviously the target man for Sevilla, just seems to be able to ghost away from from a Real Madrid defence. He's done really well so far, finding himself open.",curiosity,0.0766
Here is the Madrid born right back. Harry mancao. Was as a schoolboy connected with.,realization,0.0878
"Finish in particular because it breaks me. It's a little one to his poor, for Marquinhos as well, but as David Lewis there does he try and hold him up to allow Van der Wiel to get back? No, I'll go and try and win it again. See you later. Through your legs. 2 nutmegs. Two goals, both from Suarez. And that his tie over.",disappointment,0.1274
"Mendy's cross is whipped im. Great defending, Marquinhos. Alessandrini now.",excitement,0.1323
Might rue those misses as Lewandowski with the other one.,remorse,0.1077
"And they prize, of course, of continuing the pursuit of retaining the Champions League, which has never been done since the switch from European Cup to the. Current branding, if you like. Kroos from a long way out.",desire,0.1244
Back in the Champions League and of course they can still win the Premier League. United's target.,excitement,0.0938
"Rashford, played here last month in the under-21 derby. City won 1 nil.",curiosity,0.085
"Clumsy from Dzeko, but the referee waves play on.",nervousness,0.1325
Clyne Lallana who was Captain at Southampton. Now Mane Goal Kick. No foul.,caring,0.0848
I think that's why he has brought Janssen on. He felt the Liverpool were growing into the game and becoming the dominant force and I think that's right.,approval,0.1264
"The offer is declined, but Vidal is played in and he's caught offside, the flag going up. No complaints.",excitement,0.0984
Now Henderson. Up towards Ibrahimovic from Blind He's given Pogba something to chase here. And there was just enough. To hold Pogba off,excitement,0.1209
"And he doesn't want a time to create and score a goal here, in the tightest of games. That might just decide it.",disappointment,0.0984
"Quick feet weren't quite quick enough then. That's surprising. The weight of the pass from Coutinho was poor. So unusual for him. The quality at the moment, particularly from Liverpool",surprise,0.4707
I think the most sensible option to Kazuki Honda.,realization,0.0971
"Steven Gerrard has come on. He's really controlling the tempo, pulling the strings.",realization,0.0812
"And then Otamendi. He's been a real regular at centre back in this second half of the season, was in there and Firmino, with a little nudge on the back of Raheem Sterling.",caring,0.0985
"In between, in between their quarterfinals against Barcelona, they.",realization,0.0907
Three or four kind of arms onto the face into the body.,realization,0.1522
So the drama is on hold for an extra second or two.,nervousness,0.1074
Nigel de Jong Adil Rami.,curiosity,0.0684
Coming across to try and stop Arbeloa settling in possession.,curiosity,0.0829
Into Valencia by Herrera. Fellaini Rashford. Karius did well to push it away.,desire,0.0757
He was suspended for the semifinal when that adventure came to an end.,disappointment,0.1236
Fanni looking to anticipate.,curiosity,0.1187
"And as expected, Liverpool straight out of the blocks. Clyne. Lallana. Only half cleared by Oscar. And it's Clyne again. Trying to.",desire,0.0729
"They played that way round last week against Crystal Palace the wrong way round, if you will. And Eriksen.",confusion,0.0957
How many bodies around Casillas here?,curiosity,0.3841
"So we're coming up for you at the weekend. Fletching & Sav is live from White Hart Lane 10:00 o'clock Saturday morning as always and that's building up to a huge north London Derby. They're all big, but this one's bigger than normal Tottenham against Arsenal midday, BT Sport One and Ultra HD. And then next Tuesday Hull City against Arsenal.",excitement,0.1303
"Raheem Sterling and the Cuadrado in there to make the tackle for Juve, and then Lichtsteiner is just caught there by Sterling. That's going to be a free kick. Now showing his inexperience there Raheem Sterling; didn't need to make a challenge.",surprise,0.082
There's no better man to go in for a crunching challenge than Flanagan.,realization,0.0796
I think the player most at risk in that forward 6 of Real Madrid you like is probably Isco.,realization,0.0784
"Two players who know each other well, they were playing together with the French national team this week. They had four Seasons together.",approval,0.1172
"It's like the first one. I think two of those. Yeah. Deserves a yellow, but I don't think he's genuinely trying to hurt him at all. He's just trying to retrieve the ball he'd lost. Give him the benefit of the doubt.",disappointment,0.0939
Which Dybala plays and it's well defended by Clichy this time.,caring,0.0903
Another January sign. January 11 to 2015 and then.,confusion,0.0955
In a dramatic Derby here in Manchester.,excitement,0.351
"I just wonder whether Real Madrid away from home is a game where you can possibly experiment or give players a chance. I think it's very important going into that Chelsea game off the back of a good result here, and for me I'd always be tempted to go with the more experienced player, Steven Gerrard, for one. Maybe he's not fit enough to play three games in a week, but in a game of this magnitude I'd be very tempted to play him.",curiosity,0.3319
PSG will try to keep the ball for long periods now frustrate OM.,annoyance,0.1444
"of a 442. Kane will drop in, of course. into that 10 role but.",confusion,0.0848
"Another real prospect, the Argentine 2 this season already, albeit 1 being a penalty but another really good prospect to add to the rest of the players that Juventus entered here for assembling. Here is Pogba. Pogba really starting to become effective and they just wanted two sides as well that the eventus might just be getting hold of the midfield area here, which has been a problem for Manchester City in past Champions League campaigns. Now Hernanes.",approval,0.1054
"David Luiz taking a risk against Gignac, who eventually fouls him right in front of Laurent Blanc who's not particularly impressed.",disapproval,0.0868
Ronaldo. James. Sergio Ramos finds Isco Inside Marcelo.,excitement,0.0807
"Well, this could turn the tide. His hot streak continues.",excitement,0.213
Antonio Conte's three and a half minutes away from losing back to back league matches for the first time in almost seven years. He was in charge of Atlanta back then.,approval,0.0832
"Sorry, just haven't been able to use any game plan because they've not had the ball.",remorse,0.2179
It's a big chance for him to impress Jose Mourinho. Mane has not been a regular because he's had fitness problems.  Ashley Young.,curiosity,0.0916
"Bayern Munich averaging over four goals per match in this stadium this season. Frightening, really. Kingsley Coman.",fear,0.3277
That's probably [player]Holding's [player] favorite. Could have used.,caring,0.1045
Now Matic. Costa's made the run here.,excitement,0.1492
I see Tottenham have switched Eriksen and Lamela. Now it's become a little bit more.,realization,0.1993
"But remember, if you finish second, you're liable, or there's a good chance you'll bump into Bayern Munich, Barcelona, Real Madrid. A very informed Zenit Saint Petersburg.",caring,0.0862
"Liverpool just getting there slightly slower, aren't they? When they came out the tracks for 30 minutes and everyone was getting people's heads down every time City player had a ball, they were put under immense pressure. Now they're just buying a little bit of time for themselves. Here's Henderson.",excitement,0.0902
This is forward for Levendoski tries to get Douglas Costa behind.,desire,0.1091
"Towards Alessandrini, the header.",curiosity,0.0762
They may need him at the end to score that winning goal.,desire,0.1137
No substitution so far by either team.,neutral,0.1831
Pepe. Dani Carvajal. Blocked off by Griezmann . Trying to. Do his thing.,nervousness,0.105
Iniesta who's. Appreciation of the game is so superb. Rarely picks the wrong pass. Got the fans singing again with  The show possession.,admiration,0.4109
Everything's been in front of Liverpool really. They've not been able to get in behind them.,disappointment,0.0995
Lucas on now is a defensive change. Lucas' last goal for Liverpool was six years ago this very date.,realization,0.1001
"PSG have got to up their game, they're capable of better than they showed in the first half. I think Matuidi, probably the exception, he was terrific.",excitement,0.0872
There was an earlier booking for Ragnar Klavan and that's about the only thing that's gone wrong for,curiosity,0.0822
It's another one who's very much playing for his place after his move from Aston Villa.,desire,0.1061
"Clichy there for Manchester City and then Sterling to Fernandinho. Now, Silva.",caring,0.0715
"If it is a an all out battle here, his team might come off second best.",anger,0.1047
The problem is with Neymar. You can't trust him. You don't know if he's got a little bit of a.,disappointment,0.1703
"Aguero was the intended target. Milder, who's the workaholic in the Liverpool midfield, was back there to make the challenge and then that Kompany, with the foul on Origi. That was a little foul there from Kompany coming through the back of Origi. Great reading of the game from Milner in the hub of the team, he can play anywhere. Reads the situation, plays the ball up",excitement,0.1103
"Has the referee seen it, he has, yes, Diego Lopez has gone Milan down to 10.",realization,0.0875
 So 12 minutes to go in the first half.,realization,0.093
"And Koke likewise, he's given it away.",confusion,0.0718
They had 15 minutes to think about.,curiosity,0.1182
"Isco I think it was a foul, but it was almost given on appeal.",confusion,0.096
And will bring Howard in of course as and when we can during the course of the match today.,caring,0.1208
"27 goals in the Dutch League last season, including 21 in his last 17 games.",realization,0.1295
"Yeah, it was a tale of two great first touches, wasn't it? That goal from Liverpool. Lallana and Milner all about the first touch.",excitement,0.208
From the subsequent free kick. Ohh the Mignolet again.,annoyance,0.2089
"Different kind of booking. Well, United, they are not letting Liverpool play out from the back. You can see there. They push right up Pogba.",confusion,0.1174
"Trying to find the back of the net in the Champions League against Atletico Madrid again. Yeah, well, he'll be trying to do that from that midfield position when the ball goes wide.",curiosity,0.0894
"Rugani the point of his clearance. Well, he's found the blue shirt. Ball given back to Honda here. That's through Destro in the centre, Ménez has gone along. Spares his blushes.",excitement,0.0819
"Fernandinho, Yaya Touré.",approval,0.1126
to the striker and Kompany just comes through the back of him a little bit. City finding it hard To get out at the moment.,excitement,0.0902
"Actuality everywhere but the fourth official. Diego Simeone as always having words with his players. Saaul is there. Mandžukić is there. Koke, takes.",realization,0.0749
Could be argued that potentially this could be the best Barcelona team ever scored. They still got Messi.,curiosity,0.1068
"He's definitely added. Pace since this Chelsea team, Conte decided to play far higher. That's John Terry.",caring,0.0955
"Javi Martinez, who's over his cruise ship problems, now kept him out for 13 months. Alabata lay it forward now, his levandofsky with his first involvement.",annoyance,0.0881
Kante and Matic have squared off in midfield.,realization,0.111
"Tourer. Ohh it was curling wow. Woe! So unluck. Buffon didn't seem a bit worried though, did he? It's lovely effort. You see the arc on the ball Coming down.",disappointment,0.1267
"He's very, very quickly can see there. He actually sends the attacker the way that he wants him to go.",desire,0.2038
"There's no doubt without Europe, you could win. Tonight would be a very confident football club and team.",optimism,0.2379
To play a Javier Hernandez in again.,excitement,0.1068
"All right, a hint of danger that time. Lovely little run from Koke. Carvajal. How was alert to it?",nervousness,0.1376
Crowd reminding Martin Atkinson about the Limit and how long. Restart should take.,excitement,0.105
Liverpool wanting a free kick and Manchester United got a free kick.,desire,0.2307
Here's Willian. Now Ivanovic Costa.,caring,0.0748
"Formation, it would seem at Juventus that nobody can quite second guess Allegri, even among the Italian journalists who followed the club every week. Yeah, it was a poor ball, if anything Lichtsteiner just failing the Referee to get the foul there. Chiellini.",disappointment,0.1163
"A goal from an unlikely source, but a vital strike for Laurent Blanc and his team.",excitement,0.0999
Lionel Messi headed by Milner.,amusement,0.1118
"Offside. It was another poor ball from Pedro, Fletch that was the problem. He gets it onto his right foot. Diego Costa had sprayed the ball over and took a really good position at the back post on Monreal who was a significant height difference between them. Yet, Pedro hit the first man.",annoyance,0.074
"Janseen battling and foul by Lovren who then kicks the ball away and it's probably for that second indiscretion that the referee produces the yellow card. Just stupid, isn't it? He does make some strange decisions, Lovren, I have to say.",confusion,0.142
You might expect Ronaldo to be burying that one.,sadness,0.0958
"Being able to go on and turn one point into three, but it's Liverpool on the front foot now. Right. By Alli from Henderson.",excitement,0.0872
"this time the crossing position goes astray. They had three in the middle, Schweinsteiger, Lewandowski and Thiago.",confusion,0.1036
Good tackle that from Zabaleta? Here's Aguero suddenly on the attack.,excitement,0.2059
Running right down this side really Bayern Munich. Thiago. Lahm.,disappointment,0.0994
Very few drawn Premier League games between them. Five years since the last one.,realization,0.0796
Tough job. We need him to try to.,disappointment,0.135
That's their first in front of Iheanacho this time. Here's Toure.Origi challenged firmly by Zabaleta.,anger,0.0927
Schlotzsky's not really running freely at the moment.,confusion,0.1122
It could be the other manager's last Manchester Derby. It is still up in the air.,excitement,0.173
"And that almost rolls in slowly, softly into the goal.",realization,0.101
Long ball forward towards the edge of the area.,curiosity,0.0954
You see here's the shot by Fabian Delph. Wasn't it? It was a goal kick,curiosity,0.1446
"Yeah, they're having to have the ball, but straight away you see Cazorla on the ball with too much time and space, he'll open you up. They will probe and put balls in there. So I think they've got to get tighter on Cazorla.",confusion,0.116
"Say Kolorov is not on the bench. Jordi Alba, Suarez, Jordi Alba or what a tackle that is by Zabaleta joining others convinced he should have a penalty save letters, seemed to get the ball. He was coming in from behind. He had to get it right.",curiosity,0.1073
Just an incredible performance for Bayern Munich. This is the left back.,surprise,0.1036
No foul. Ibrahimovic is down. Two PSG Players are down. Alessandrini,disappointment,0.0863
"Coquelin was there quickly, caught by Fabregas, the player allowed to continue and Ivanovic with a really timely clearance there.",excitement,0.1259
Gotta make most of set pieces like this now. The Kompany is on the way.,excitement,0.1131
"Starting the collection early. 5 minutes into the second half, it's Sevilla 1-2 Real Madrid. Gareth Bale has just started warming up.",excitement,0.1675
When you're tired. It does affect the concentration.,realization,0.1394
"On the size of the assistant behind the goal, I think, well, that's what the keeping an eye on these kind of scuffles. That's what they should be anyway, the extra officials. There's plenty to keep your eye on.",annoyance,0.0881
Kane Blocked by Henderson. Alderweireld.,excitement,0.0706
"In trying to repair the damage Bayern ave got to make sure they don't allow Barcelona to inflict further damage on them. Here's Rakitic. The game deserved the goal, yeah. And I guess it deserved that goal scorer.",desire,0.099
Most of that. 32 1/2 minutes has belonged territorially to Real Madrid.,realization,0.0951
They wanted to throw it out quickly. Daniel Sturridge stopped and said calm down.,annoyance,0.1228
Emry Can couldn't quite get a hold of it and Fernandinho was back there defending for Manchester City.,confusion,0.1527
"And there's Dybala bit of a miscue from him, but they hope in these parts.",confusion,0.116
So that add ONS could take it to £36 million.,caring,0.1093
Top top teams in Europe were looking to pounce this summer.,desire,0.1364
"Of course, a Marseille victory would see them climb above the Champions tonight.",excitement,0.1188
"Its been comfortable for Milan in this 2nd half. Still, plenty of time for Empoli to get back into it though.",relief,0.1707
"Pull back to Hannahs Rodriguez, Carlo Ancelotti, shake his head from Benzema.",sadness,0.0836
Just look at the position of David Alaba. He's a left back.,curiosity,0.16
"Now, Sterling. It's going to have to be pace movement, clever play really by city to break down Juventus. They've got the players to do that if they're in the mood. Yeah, that's to be run some teeth as well and.",caring,0.0982
Didn't look to pass the ball. Pass it off. But that just came off Clichy.,disappointment,0.1085
Operandus covering on this near side.,caring,0.0696
Their energy? Will they look to do that? Will they offer a more conservative approach here? We're about to find out.,confusion,0.172
"Invincibility at home more than a little tonight, as many defeats as wins in this competition since the side of last season.",disappointment,0.1301
Alba riding his luck Dzeko with the shot blocked by Piqué. Survives the handball appeals.,excitement,0.0949
You can see Manchester United doing a good job. I think over on that left hand side Daley Blind and Ashley Young were almost man to man.,admiration,0.0947
"He was a boyhood Liverpool fan, Dele Alli. He wanted to join Liverpool at one stage but the deal couldn't be agreed with his then club, the MK Dons. It's been Tottenham's game. Here is Mane. Awkward. The offside flag is up.",confusion,0.1719
 Mignolet has been very quiet so far in this first half.,neutral,0.091
I will assume one of the City midfielders might come off. Here's the chance. Look at it. A simple ball by Barzagli.,curiosity,0.1564
"It just took an age in rolling round, that left post didn't. As the corner comes in could fall for Gameiro and Casillas is there. Have another look.",curiosity,0.1082
Here's Evra for Juventus. Final touch of Sagna. Yeah. Yeah. So important for Joe Hart. Hasn't had much to do in this game. Really important. And he's alert and like he was then.,caring,0.1349
"Ramos just saw Varane to stick out of town and get the ball, and that's exactly what happened. We'll talk about the brilliance around the grid going forward with Ronaldo, Benzema, Isco, Rodriguez but at the back they have two of the best centre halves in Varane Ramos.",excitement,0.1365
"He's kept his head Milner and he's celebrating against his old team. He's not worried rightly so. His seventh goal of the season and you wonder whether this sequence that he's on will continue tonight. It's James Milner's 41st Premier League goal. On the previous 40 occasions when he scored in the Premier League match his team have avoided defeat, 33 wins and seven draws before tonight. It's not quite the Ian Rush record that Liverpool used to have here, but it's certainly something that Milner has been able to keep going for them.",curiosity,0.1112
From for Liverpool was the offside flag was up.,excitement,0.1403
Messi getting it back from Dani Alves being pursued by Gaël Clichy. This is Iniesta. Now Neymar's got away from Zabaleta. He's fed it into Messi and he's a really good sliding challenge by Martin Demichelis and it needed to be.,realization,0.102
"Well, Aguero, Silva.",approval,0.0883
It was a little bit like Rocky and Clubber Lang at the moment.,confusion,0.1884
"He's done well without being spectacular, Rob. That's what he's done. He's playing as a right back and I think he's done very well.",caring,0.0859
Piqué. Batra. Trying to cause a diversion at the far post and taking it seriously cause even Ibrahimovic has come back.,annoyance,0.1267
"Shame that was given offside. There was a nice little battle there, Origi, Big strong lad and Kompany. Kompany's an aggressive defender. He likes to step in and nick it in front of you. That would have been a nice little battle to watch. Aguero's offside. Just went a little bit early.",disappointment,0.1659
That quick fire PSG double has really hit Marseille hard.,excitement,0.1689
"When Bony gets challenged, he spends a lot of time on the floor. You'd expect the size of the man to be bigger and stronger if it's not Chiellini knocking them all, but it's somebody else needs to hold the ball up, needs to be strong, needs to bring other people into the game. Vitally important when he's playing as a lone striker. That's the part, doesn't he? That's an upper body strength, and we've not seen so far tonight.",caring,0.101
"Gets a foot. A bit of purchase on that Hernanes. The offensive players felt that Joe Hart might have got a touch and the result is going to be a goal kick for Manchester City, but he struck it well Steve. Easy enough for Joe Hart. Let you see it was veering away. He was quite comfortable following that.",relief,0.1252
"Ancelloti will be asking questions at both ends, I think.",curiosity,0.2938
"Flanagan had twenty months out with a knee problem that really consistent season, didn't he? When he got into the England squad at the end of it and then spent a long time battling back from the knee problem.",curiosity,0.142
Slot in for Firmino. Silva then played it straight into Kolo Toure.,caring,0.0832
"Milner across on this side to defending that helped out Navas, still able to swing it in towards Fernandinho. Here's sterling.",caring,0.109
"Foul on Younn and Thinking about taking it quickly, but.",annoyance,0.1609
Tries to kid the goalkeeper and go to the near post.,nervousness,0.0958
"Winning by scoring more home goals and the opposition score at the camp. That game finished 3:2. This could be 3:2 tonight as well. There are more goals I think. Here is Neymar. Drops, the shoulder goes on the outside of Maxwell.",caring,0.0931
In towards Wilfried Bony and away by Leonardo Bonucci.,desire,0.0717
Good piece of play by Emry Can. Took off Anthony Taylor for Coutinho. Milner had a chance to win it back and he's just buying into a mistake and Coutinho. He will get it again here. Possibilities now for Liverpool.,excitement,0.1236
Coutinho's getting into those spaces where it's so difficult to pick up.,annoyance,0.1175
"Shouldn't be a problem for Rico better, of course, no danger",realization,0.118
"And the other game in this group, Lars Stindl has scored for Borussia Monchengladbach, who leads Sevilla by a goal to nil, and unless there be a win there, Juventus will qualify for the knockout stages tonight, regardless of the result in this game.",caring,0.0969
In a remarkable start to what will surely go on to be an excellent Manchester United career. Marcus Rashford makes the headlines again.,surprise,0.2302
The corne of the Stadium to our right not there anymore. 4000 seats have been taken out.,annoyance,0.0689
"Now, García was at the heart of it. He's trying to get away from it. Referee might wonder. Have a. A conversation. There's a wild swipe. Caught Varane.",excitement,0.1707
"They've won at Bayern Munich, Roma, Sevilla, Borussia Mönchengladbach.",realization,0.1214
 The opposition right back and centre back when he's behind them higher up position.,disapproval,0.0949
Free kick this time Yohan Cabaye.,excitement,0.09
Thauvin Dja Djédjé crossing over.,realization,0.0598
"David Luiz, one of the trio of players there that.",realization,0.0889
Fanni finds Morrel. PSG pressing Marseille quite high up the pitch here.,excitement,0.1174
"Well, that really does set things up and.",realization,0.2402
PSG level again though.,realization,0.0963
10 minutes to the break. We're still goalless in the Sunsara.,caring,0.0634
Gave it away cheaply. Lucas's legs appear to give way.,annoyance,0.0682
Interesting had Mane been able to control that. It was a real test for him.,curiosity,0.401
"He's a tried the long direct route before, but this time aims for Maxwell, who finds Matuidi tried to take the one taker who blocks him off. Show what you got there Matuidi. Rakitic covered in behind.",curiosity,0.0896
Who did train okay yesterday but wasn't deemed fit enough to start. Everyone will come on to make his 100th Champions League appearance and five of those 100 have been in finals.,desire,0.0912
"Get yourself across the line, manage the situation in Italian football much easier than in this league where things can happen right to the very last. We're delighted to say because this is going to be some last 25 minutes here.",excitement,0.1196
"Fans supporting any football clubs will know how that feels, but particularly Man City fans, you think of the highs that they've had.",realization,0.1077
"Sure, you can finish second, you could finish top of the group and have to play Paris Saint Germain. If you are really unlucky.",approval,0.1007
"Lallana fancied that he just slowed down on his way there, Koompany getting there first, and no wonder might be a bit of residue involving Adam Lallana from the weekend. He was involved in that real skirmish towards the end of it.",excitement,0.1084
There's a chance for Morata to bring it away. It's only really got Mandžukić up with him and he was looking to get the foul there from Bacary Sagna and that's what he gets.,desire,0.0844
"Many people watching on think that football is just about when you have the ball and whether you can create the opposition down and score, but it's not in a game of of this kind when you're just a goal down. He's trying to keep the score at that level and maybe see what breaks, but it is all about discipline, organization. It's about mental strength.",confusion,0.1289
"The coraged forward by the [inaudible] supporters. Still, 15 minutes Milan have not.",disappointment,0.1061
By the way Borussia Mönchengladbach at 4-1 out now so they are going to win that game. They can't qualify though. Here's De Bruyne.,desire,0.0816
"So if we assume Bale is to come on, who do you think he'll be replacing?",curiosity,0.2601
"Kante was attacking a moment or two ago. He's back harassing and fouling. Crowd don't like it, but the whistle hasn't gone because Martin Atkinson has recognised Liverpool did have the ball.",anger,0.1412
Bit of a coming together. Yeah. Surprised he got sucked in there daily blink because aguero was always going to make,surprise,0.3596
"Plays this games in the side. He has got a very long throw and this is a set piece. Have some threat to Real Madrid. Yeah, they would have talked about this from Madrid. Beforehand dealing with it.",caring,0.0871
"Good defending from Rugani just stops the play on, but knows where to.",nervousness,0.0758
"Some taking an early exit, but not too many. Bony. Hanged on by David Silva drawing Smalling across. Now, was left momentarily in the middle.",disappointment,0.1289
"Modrich. Arbeloa to Kroos to Kolo Touré gets a piece of it Markovic again coming to be part of the mass defensive racks, but you can see what he can do with the ball at his feet. It's a brilliant breakout.",excitement,0.1134
Theirs is the natural belief that they can win the title anymore. Well done by Rojo.,admiration,0.1416
It was a wonderful moment from John Henderson and for Liverpool.,joy,0.142
"Turning into trouble, Maccarone. It's hard to pick up. Again its reckless from Milan. Croce.",disappointment,0.1188
A bad decision I think Simeone would have. Seen that coming.,disappointment,0.2753
" There is Fernandinho again now David Silva, Hernanes with the challenge and that's going to be a free kick.",excitement,0.089
Matic. Oscar.,approval,0.1914
He's gone to get Firmino up front and get the energy.,excitement,0.1729
"And Ivanovic, They can't get Costa in the game at all, and I'm always thinking Costa is involved in the game. We'll see him there. He brings a lot to Chelsea and sometimes he's. Very close to the edge. I think he lifts everybody in his team. David Luiz.",confusion,0.1247
"Yes, we know the groin complaint he favored #10 role.",realization,0.1256
"That's one area of Chelsea's play that Antonio Conte is going to be looking at today because he wasn't happy with the fact they conceded two goals against Liverpool last Friday from set pieces. I think he's looking for his team to be a bit more organised from those kinds of situations and they've started quite well on that flex. There's been a couple of corners free kicks and they've won the first header, which is the important thing. Here's Fabregas.",curiosity,0.0833
"Aleksandar Kolarov, who's in direct competition tonight with his full back partner Lichtsteiner. Few seasons ago his Lichtsteiner on the right and Kolarov on the left in Italy in those days.",desire,0.0825
"It's a balll played through. It's a good run from Aleix Vidal, and there'll be another corner early pressure here being applied by Sevilla. It's much like how they started the first half. The opening minutes are really going at Real Madrid. They will have been boosted by that goal just before half time.",excitement,0.0995
Had to come off the hand that Juanfran. See why Coentrao was annoyed.,annoyance,0.1439
"Brazilians Joy tempered by anothers disappointments. That was the 2nd of the early setbacks for PSG. The loss of Thiago Silva, the enforced introduction of David Luiz who's. And he just back from injury himself.",disappointment,0.1397
Good header by Fernando in the first place. Yeah. Great save there.,caring,0.1039
The roles have reversed. Mascherano is clearly still feeling it.,realization,0.1192
"Hello, Touré, come forward. And it's Bale has to stir it momentarily, out of harm's way.",confusion,0.1053
"Record will continue, Still has never scored a league goal in August.",curiosity,0.0733
"Isco continue to switch it to the right hand side. Cristiano Ronaldo was waiting, the ball goes out for a throw in.",excitement,0.1162
"The defending was done, but suddenly getting a bit edgy today. Home supporters here.",nervousness,0.29
For changes in the starting lineup for the Russian hero today.,excitement,0.0797
and won the ball. Here he is again the Lallana and he's got support coming forward. And again it was Milner making the run but he just took a little bit too long this time and Silva was able to win it back and then Liverpool go hunting in packs for the ball and force City to give it away.,excitement,0.1181
Very slow start for the season. They only picked up one point from the first three games and already there Fernandinho is.,disappointment,0.2942
"It shows that Jergen Klopp certainly having an influence in the attacking side of the team, but maybe defensively there's still a lot more to be done. Here goes.",curiosity,0.1674
"Both of the Tottenham game so far this season have seen a repeat of the result from that fixture last season, this one going the same way at the moment it was nil, nil when the two sides met here in Jurgen Klopps first game in charge.",approval,0.0993
"six and a half minutes before this first time finishes, they deserve a goal.",desire,0.0971
A lot of their ManCity players will go away and analyse their individual performances tonight. Great touch by Dybala. Here's Cuadrado. Runs at Mangala. Dybala takes over.,caring,0.1092
Just go over the top a little bit. Pogba with his left foot. There.,excitement,0.1312
 [inaudible]. Neymar and Lucas.,confusion,0.1483
Forward by Antoine Griezmann pursuing.,excitement,0.1608
Blocked there by Vertonghen. Fall from Henderson and just right by Vertonghen.,disappointment,0.1661
"Coming closer to finding their target, Real Madrid Wall was absolutely awful, completely broke apart and but moderate. Modric's not even looking at the ball. He knows how lucky he is. That could have canned off him into the corner of the net. Liverpool corner.",disappointment,0.0997
It's enough to bring Lallana on the touchline. You know the risk.,realization,0.089
"Reasonably slick at the start, Manchester City.",optimism,0.1122
"Some good play from United, they win the ball back. A little. One-two down the left hand side. He has to just play Rashford in 1v1. James Milner on this side of the pitch.",caring,0.1093
"He thought it had opened up there, Paul Pogba. He thought he was through.",confusion,0.202
To storm into Liverpool's faces. Mane. Now is Firmino.,realization,0.0896
"Just for now, Busquets stayed in that position.",relief,0.0923
"I think the big surprise on the team sheet tonight when we saw it, Steve, is the fact that Aguero is on the bench and available potentially for Manchester City, but that wasn't the impression that Manuel Pellegrini gave in the pre match press conference yesterday. No, of course not.",surprise,0.2461
"Bubble is the ball approached him, Sergio Ramosand Krychowiak being looked at.",excitement,0.2015
"Go right to the left, back to the right. Sergio Ramos. Has another go at it.",excitement,0.1739
The best ball through that middle 3rd for Liverpool. So many unforced errors from Liverpool.,excitement,0.0905
"We got a high tempo movement in midfield when they haven't got the ball, is really good.",caring,0.1231
"Pretty rugged shoulder charge by Dani Alves. It was his shoulder and Silva's chest. Well, Samir Nasri is coming off. City Samir Nasri",excitement,0.0935
Thiago Silva and David Luiz are dangerous from these situations. Just ask Chelsea. Thiago Motta to take.,fear,0.0871
Milan with work to do. Menez. He's got it to Bonaventura. I was talking about how a point. It wouldn't be enough for Milan here. Reality is a point might. Just have to do.,realization,0.1645
"Fernando, caught in possession by Racket, teaching him as Luis Suarez. He has got support. Suarez looking for Rakitic Demichelis in the way, Suarez going for gold. It's the side netting.",caring,0.1052
Tonight is some matche isn't it? Such a pace and a flow about it. Now five goals already. Thauvin,excitement,0.2698
Payet's cross far post. Gignac arrives and Gignac scores. First blood. Olympique De Marseille,excitement,0.1335
Now Tottenham with an opportunity to further compound Liverpool's frustration of not having taken an early lead.,annoyance,0.2441
"Not talk about them this season. A lot of us big fans of each club, but.",confusion,0.1104
The Maccarone scores for the third game in a row in Sedia.,realization,0.0897
Bocchetti. de Jong was there to receive the ball. Rami. Ménez.,excitement,0.0917
And his living scoring goals. That's what he's all about.,pride,0.1552
Wondering which of the two sides look the more potent going forward.,curiosity,0.5307
They are fortunate to get another go at it because Michael Oliver wasn't set.,excitement,0.0893
"Historically, has been playing on the left hand side since he's usurped Nacer Chadli, one of the wide positions for Spurs and Lamela has played on the right. But last week against Crystal Palace, they did play them like this with Lamela on the left. I think back to it now. I think it's good to be able to mix it up and neither of them are particularly great going past people, so switching it up and it confuses the other team as well.Mane's done well again to hold it up again and feed Clyne and Clyne then fouled Vertonghen as he tried to clear it. Free kick to Tottenham.",confusion,0.3
Have a sprinkling of first team appearances.,caring,0.0854
"Is Ibrahamovich one, Messi one. Super close, wasn't it?",curiosity,0.1434
"Push on for a second goal, but given the ball away here, sloppy from me like it's over 1/4 of the mate, the game remaining, Simone Verdi.",confusion,0.1074
"Stefano Sturaro was in the Italian squad at the Under 21 tournament in the Czech Republic in the summer. He was loaned to January last season, but the departures in midfield mean he's getting an opportunity in the early weeks of the season for you very.",approval,0.0862
What a way to play Messi. One comes in as a nibble and the the other one backs up.,amusement,0.1268
It's gonna help the players in white.,caring,0.1374
"Yes, lovely stuff from Liverpool. They have earned the right to get the space in and around the edge of the box. Great feet from Milner.",admiration,0.1152
Moreno faces up to it. Moreno didn't show any inclination to take on. The United substitute.,disapproval,0.1285
"Iniesta. Suarez, they're going for quick for a third. It's payback time tonight for Barcelona after their surprise defeat in Parie. Against PSG. Neymar's down. His teammates choose to carry on.",desire,0.0753
"But if they were attacking courteously before, it's going to be even more so now.",anger,0.172
"I wonder how he balanced up. The risks tonight, the risk that. We had to protect.",curiosity,0.5189
"Thiago Silva, the captain. Organizes his troops once again. [inaudible] player isn't he? Such a presence as well. Leader of men, the Brazilian.",caring,0.0863
"It's very hard to be a similar player to Cristiano Ronaldo, so you have to be your own player and just play to your own strengths.",realization,0.0857
"So far tonight, here's Silva looking to interchange here with Nasrin and he can feel his outer collar off. It was just slightly behind the third, Lichtsteiner has gone out there defensively for Juventus, but Kolarov gets away from him and then the Sturaro makes the challenge, but Manchester City do get the corner.",nervousness,0.1019
That on a sixpence. On Maccaroneis head.,realization,0.0638
Silva. Jesus Navas. Zabaleta. Silva with a bit more space.,realization,0.0901
[inaudible] get it round the corner and space is there.,confusion,0.0967
Is the difference just before half time playing to this vast audience. He is loving it. That's a great goal though. Fabulous goal just at the right time as we're approaching the halftime whistle.,excitement,0.1389
Goes on. We've got Lewandowski against Mascherano. We've got Schweinsteiger against Iniesta.,anger,0.1276
Alex Sandro with the job on the other side.,realization,0.0883
Here's Sturridge could have gone to Coutinho in the first place. Wijnaldum was in space.,confusion,0.089
"Sterling, now battling with his former teammate Henderson, and that's a Liverpool throw.",anger,0.1586
"The tightness of the rivalry reflected 19 wins in the league for Chelsea, 18 for Liverpool.",realization,0.1045
Lucas tries to find an inch. Stop by Mathieu Barta's header.,annoyance,0.0978
"And this football stadium, with so much history.",excitement,0.118
Varane bonding with Isco,approval,0.1594
"Coentrao working all the way. For him, he's getting picked on another. Arm complaining about.",annoyance,0.1726
"Was thinkinbg of a shot didn't get the angle Varane gives the ball away, but Real Madrid recovered the ball, played off the Frenchman. It would be kept in by Isco.",curiosity,0.0972
Chelsea fans still. Not happy with their team and.,disapproval,0.1784
"You're right, Jim. They have deserved it. They got better as the half went on. And Tottenham haven't been able to.",desire,0.0844
His solo goal at Old Trafford in the Europa League. Henderson.,excitement,0.0696
up and out and goes into their goal post.,excitement,0.1585
Janssen there trying to make life difficult for Lovren And Milner And Milner able to win the throw.,nervousness,0.0761
"Very experienced player. He made nearly 200 Bundesliga appearances over 250 games in all competitions, including the latter stage of the Champions League for Schalke. Still only 25 and came on a free transfer. He's the man that ticked all the boxes as far as Jurgen Klopp was concerned.",desire,0.0944
Gets a free kick. Yeah. Brilliant work his teammates would be thanking him for that.,gratitude,0.2803
"It's like that. If they're too up as well, that's management.",realization,0.1284
"Navas, Coentrao, Arbeloa, Nacho Illaramendi, Jesse and Gareth Bale.",excitement,0.0908
"FromMarcelo, Diogo seems to think so.",curiosity,0.1033
 Silva plays the ball towards Fernandinho and then Samir Nasri.,curiosity,0.0767
Let's see this. He sure he dropped down safely enough.,relief,0.1163
Interesting to see how. Tempo lines up because.,curiosity,0.5847
Fellaini and Herrera are controlling the game in the middle of the park. Time for them to get forward,excitement,0.1035
"Preventing the overlap. Ohh it's Griezmann who is coming off the 23 goal outstanding player 38% of their goals in the year 2015 he's got. He's been. Taken off, sacrificed, you might say.",curiosity,0.0667
"Clichy tossed it towards Dzeko, who goes down looking for a penalty and he's told to get to his feet.",excitement,0.1178
"In that run, you can't underestimate the value of the captain.",realization,0.1174
" Barcelona, so he walks towards it and Rakitic since I'm having it crowd have sensed a little bit of time wasting going on.",confusion,0.0968
We've got too much for Calum Chambers.,annoyance,0.1278
"Iheanacho's going to be coming on as well, which is going to be the second attacking change that Pellegrini has made right at the start of this second half, Michael. Yeah. Fascinating to see who comes off and the system.",curiosity,0.366
"You wouldn't say Juventus have been anything likes sizzling and at times they've been downright careless. But they have the lead here. Yeah, they had the lead.",excitement,0.0975
Mane going to turn to work the angle working instead for Coutinho'ss got time to take a touch. Vorm again his nemesis. Yeah.,anger,0.095
Can is closed down quickly by Fernandinho Henderson out to Flanagan.,curiosity,0.0606
"And Hernandez would have been wheeling away, celebrating a goal. A corner, though.",excitement,0.1418
"Flanagan gives it away. Fernando forward to Sterling, but Flanagan alive to his own mistake to win it back.",desire,0.1105
"Great to see them all combined Rob. Messi, Suarez, Neymar. The shot as you said. Rob Messi, could've scored it as well. He could have scored the knock in and he left it for Suarez.",excitement,0.1573
"The latter will chase this, but Otamendi's got plenty of time.",anger,0.0975
Marseille fans letting themselves down somewhat with,disappointment,0.1342
"Firmino and Milner have gone into the penalty area, the defending done out there by Otamendi.",curiosity,0.0758
Can. It's strong challenge.,curiosity,0.1097
"There's plenty of players they can lose from this team, but he's not one of them.",disappointment,0.171
Typical of him.He got a foot on the ball. It's frantic as we would expect.,nervousness,0.2703
"That they had in their grip and then let go with that effort from Van der Wiel, deflected past his own goalkeeper by Jeremy Mathieu.",excitement,0.1072
He was offside. Clearly offside.,disapproval,0.1249
It's not finding it easy to get that controlling role in front of the back four that he's so good at.,realization,0.1068
"Mignolet, certainly trusting Henderson.",caring,0.0773
"Kane winning the corner. Still waiting for his first goal of the season, but don't read too much into that.",curiosity,0.097
Ibrahimovic towards Marquinhos. Vital foot in there from Mendy.,caring,0.1065
Into Valencia by Herrera. Fellaini Rashford. Karius did well to push it away.,desire,0.0757
"Sterling, now battling with his former teammate Henderson, and that's a Liverpool throw.",anger,0.1586
With Silva onto Aguero and stamped away by Clyne.,excitement,0.103
"Just a heavier first touch you think. Bacca, he knew he had to drag it past the two defenders Pepe and Carvajal, otherwise they would just swarmed him.",nervousness,0.0924
The young player who got sent off. You might remember in the European under 21 championships for Italy in their first game and wasn't seen again in the tournament.,disappointment,0.1075
Morel got there ahead of Zlatan and it's an own goal.,realization,0.1569
"Passing from the back, Brendan Rodgers appreciate that, but it only got them up as far as the halfway line.",admiration,0.2376
Cleared by Lovren Turn by Ibrahimovic. Blind has slipped and Mane's away and Manchester United could be in trouble here. Firmino.,nervousness,0.0685
"Before the three they got in the first half today. We'll see whether they can pick up where they left off here in the second half, Iwobi is offside.",curiosity,0.0996
"Just can't get him off the ball. Can't even when you push him, he still gets his pass away.",disappointment,0.2484
"Milner again over this Liverpool free kick, Midwall distance on it this time, again it was Fernandinho involved in clearing it. Aguero challenged by Lallana. Here's Origi. Toure",excitement,0.1308
Cavani.  Not too many goals going.,realization,0.083
Maccarone lay it on for Tavano. They looked on initial glance that he's just wide.,surprise,0.1094
"For everything shown here. They have  Not yet tested. Diego Lopez. The back pedaling. [inaudible] from the halfway line of ruin. Been comfortable, otherwise Rami. Right back today. Despite being 6 foot 2. Show me some good feet. Coach on the ball.",caring,0.0752
Just couldn't quite get enough men forward and Man City that's the trouble. You spend all the time chasing the ball. When you do get it. Got the energy to get up the pitch.,annoyance,0.1276
It was Fernandino. Playing the role of the big centre back through defence. Looks like he could do the job there actually. He is a clever player.,caring,0.0905
"They still have to play West Brom Stoke and Arsenal here. They have to go to Bournemouth, Chelsea, Newcastle, Southampton and Swansea. The majority of Manchester United's remaining Premier League games are at home.",desire,0.0905
"I think just behind Manchester City, only on goal difference. Alaba gets past Debuchy again.",realization,0.0928
It's like starting the match substitute. Took a heavy blow to the face. de Jong. [inaudible] 29 years old today.,disappointment,0.139
Three on 3. momentarily Giacomo Bonaventura on the outside.,surprise,0.2005
"But it's getting it over the wall, which has so often been a problem.",annoyance,0.1555
Mascherano. Now Batra. Suarez. Busquets. David Luiz.,amusement,0.07
Spiced up between Coutinho and the Spaniard.,excitement,0.2086
"They picked the moments when to attack Athleticoo. Almost sit there, a rare effort on target. Not an easy moment for Koke.",excitement,0.0831
"Otamendi again battling with Mandzukic. This time the referee was pretty close that Mandzukic did impede the Argentine. Yeah. Again, there's not much in that.",confusion,0.1096
Some of the following list singing in Spain and the Sánchez-Pizjuán. Marcelo. Chased down by Aleix Vidal Finds Isco,curiosity,0.0825
Mandzukic's not moving that freely as the player will make way for the goal scorer.,confusion,0.0813
It is his last Manchester Derby.,excitement,0.1002
"Anthony Taylor concerned about maybe the number of challenges going in, he could have let Manchester United play on there.",nervousness,0.145
Season was built on organization. Structure.,realization,0.1874
"And break off it. That would be more like it. He's waited 7 minutes for it, Jurgen Klopp. He's done well against ",annoyance,0.0801
"Busquets to Jordi Alba. His Lionel Messi, Ivan Rakitic onto Luis Suarez, Dani Alves.",excitement,0.098
So those are described by Christian Eriksen this week as being quite proper English.,caring,0.1286
"More likely Dier to go to right back, I think. Brave move, though, for this Janssen coming on.",surprise,0.0837
Cleared in the end by Gerard Pique.,relief,0.1319
"It's been a good week so far for the referee tonight, Martin Atkinson. He's been selected along with Mark Clattenburg to be the English representatives at the Euros. In the summer.",optimism,0.1143
"Yesterday, Gary, Guardiola said it's impossible to stop Messi. He said it twice. What he also said was you gotta try and make sure he doesn't get the ball, but he obviously thinks this is a way to try and stop him. We'll see. It's incredible.",excitement,0.162
"I'm critical of goalkeepers getting beaten from that range but he sets it out so high above the bar into the top corner, it's absolutely magnificent. Nothing Courtois could do and Liverpool. What a night so far for them. Helpless.",excitement,0.0733
"Club de crowd has just been announced of 82,750.",excitement,0.1223
"Squad have been brought for the experience, if you like.",caring,0.1964
"I think the one person who should stay on the pitch, of course, is the centre forward, Diego Costa. But when you've got Pedro and Batshuayi on the bench, Victor Moses, anybody, Oscar, anybody can come on today and they probably would have done better than what was on the pitch beforehand.",caring,0.0817
Rakitic. You can see there's a couple of players panicking. They don't want the Bayern Munich players who are taller than them to get a yard.,nervousness,0.3824
This is the run. Great tackle for Verratti.,excitement,0.1726
For all the pressure Barcelona are dealing with it comfortably enough. He's run away from him. Marquinhos cutting out the cross.,nervousness,0.1344
It's been keeping them out at the other end where there. Have been difficulties for Liverpool.,annoyance,0.0755
Just absolutely brilliant gets the ball close control 3/4 players plays a perfect pass up and then just wait. Suarez runs across his defender. Demichelis.,excitement,0.1386
"You know, different direction here. Rui just flips the ball inside of Honda. Croce.",confusion,0.1435
"Henderson. Even for the best players, concentration.",realization,0.144
Just a little extra there from Trémoulinas.,relief,0.1125
"And the flag was up anyway against the Brazilian, but a really enterprising passage of play from Liverpool. Yeah. Fabulous passage after just going one nil up. Really got the crowds out of their seats.. You just see them holding the line and Firmino's just got to time his run better. If they time their runs better Liverpool, they can pick city up on the edge of that box if they set the ball up. And that was an unfortunate ball. Adam Lallana's fifth goal of the season and he's been in good form. It's his third goal in his last four Premier League appearances but.",excitement,0.0897
"Premier League affair and Jose Mourinho now goes off to Stamford Bridge. They're against it in the batch in Europa League, in between.",curiosity,0.0645
Let the ball drop and it just forced him a little bit wide.,annoyance,0.0789
I think I'd rather see this again than Neymar's attempt to win a penalty.,desire,0.2786
Francis Coquelin back on and okay for now and see if he can run that injury off.,curiosity,0.1291
Still could be something for City here. Navas might have another bite at it. Fernando couldn't quite get there.,excitement,0.1013
The sort of level that they obviously need to beat this.,pride,0.0922
"On a day like this, we know that fuse is not very long for Diego Costa. Here's Willian.",realization,0.1046
Pucciarelli Got ahead of Palleta. The young international will get the ball back. Flicks off Antonelli.,excitement,0.1136
"Bony , challenged by a combination there of Ebra, Chiellini and Pogba.",curiosity,0.1096
"Rico, enjoying a little bit of a run now.",excitement,0.2216
Struggling to get a grip of. Inside there in the mid.,confusion,0.1551
Manchest City of flying in the Barclays Premier League. Juventus are struggling in Seriat see by the possession that suits them down to the ground. Juventus.,desire,0.0686
"Taken a bit early and heading to the corner. Martial, just moving that. Rashford seems to be on the move. OK. Martial gets ahead to it. Here's Schneiderlin. Martial. They've got a long way to go here.",excitement,0.0995
"Every time he gets the ball, you can see the defence backing off.",realization,0.1149
"Fell at this stage last season, which is another experience they're used to.",disappointment,0.2919
Strong play by Bacary Sagna Yaya Toure. Sagna. David Silva Want to Work it with [player]Bony[player]. Wilfried Bony again.,desire,0.147
"In the knockout rounds. Last season, Morata.",realization,0.0808
"Really gotta adjust his body and take that on the body. Take it first time. Once he takes a touch, he's always going to get closed down.",caring,0.1219
Lovren challenged by Oscar. Kante in quickly as he. Tends to do.,curiosity,0.0895
Get next to Hernandez. Give him a bit of aerial power.,excitement,0.1818
"This is only the second time in over four years that both Mertesacker Coscioni been missing at the back for us, with both of them.",desire,0.0799
"As they're watching brief for one of Francis, as in the Euro 2016 final. I think there definitely is a point I think that.",caring,0.1245
Player under Unai Emery with Valencia. He's had so many videos he ran out of popcorn when he was watching videos with Unai Emery of opposition players. He has the opposition well scouted Unai Emery. Marcelo,excitement,0.1411
He looks like gas that Marchisio cannot believe he played that pass.,confusion,0.1468
Payet clipse it into the wall. Payet again over disappointing. From the. Inform playmaker.,disappointment,0.1726
He's always answered the call as a responsible player Coutinho Can,caring,0.1509
Clichy. It's a poor ball in again and that's been a problem for Manchester City tonight. They just haven't got the quality on the crosses when those situations have presented themselves. Delph.,disappointment,0.2065
"They've dominated the possession to an extent, Manchester City but.",curiosity,0.0769
It's a disappointing cross and it's a disappointing scoreline at the moment for the OM fans.,disappointment,0.4125
"You know, I like touch on this a couple of times, Empoli have scored the joint most goals through set piece situations.[inaudible] 13. Milan already conceded 9 times from accord. So what have they got here? Good ball in Lopez. Good fist on it. Two shirts in his way. And the referee eventually does have. A decision in his mind, and he's with.",curiosity,0.1028
"He'd be concerned at the moment because his team, as we look at the replays, have given away a free kick and from the far side.",nervousness,0.2982
They are looking to cover the distances when they meet,desire,0.1185
"I think we know what's coming this time. Yes, we've seen him.",realization,0.2377
"Very, very experienced in European circles. Yeah, the Back 4 Fletcher and Buffon. Incredible experience. Be very difficult to beat today.",caring,0.1029
Please the centre half normally isn't happiness. Whether he's he played against England in San Paulo and Suarez played well.,annoyance,0.169
"No, there's nothing in there. It's a little bit late, but not dangerous. I think He will be coming off Firmino It is Coutinho",confusion,0.092
Can is big and strong mobile in the centre of the Liverpool midfield wins his side a throw in,excitement,0.1243
Juve starting to look very dangerous.,realization,0.1585
"It's Ronaldo over the crossbar. The ball did come down, came down very quickly indeed, but over the cross bar. He seem to have a problem in recent games when he's taking a freekick, it's getting the dip down and sometimes it's even better for him to have it slightly further out because he can't get that violent dip down",approval,0.0933
City now have just felt the full backs haven't been too involved in the game so far. They've left it to the front four to really play and have to push a couple of men forward. Now it's all been quite nice in possession.,caring,0.0885
James Milner would have crossed it in first time. Firmino rather got in his way. Henderson.,confusion,0.0789
Is Fabio Coentrao getting a chance of some first team football after a pretty patchy season from his point of view because of the suspension from Marcelo? Dani Carvajal.,curiosity,0.1683
"Dier. Firmino, able to bring the ball away but not. Getting it over, Wanyama.",relief,0.0693
"Well, he hardly played any part in the tie last year he came on.",disappointment,0.2213
"Going out of play, that one, he's still limping, Neymar doesn't look happy.",disappointment,0.2159
Hysaj. Ended by de Jong there.,disappointment,0.1222
"Can, looking to thread it through towards Adam Lallana. It was Kompany back there for Manchester City and then Sterling finds himself a little bit boxed in but unable to wriggle away.",confusion,0.1061
Verratti. Rabiot,excitement,0.0734
Marseille score from their first real opportunity.,realization,0.1377
"It might be on Manchester United here. Just waited, Silva, to have a look to see who was arriving. There were three in the middle.",curiosity,0.1805
He seems to find about four extra gears. I need a bit more of that from him.,curiosity,0.0938
Rafinha's gone to the right. He's gone to the back four. He has changed it. And I think we've all seen why.,realization,0.1222
"When you're signing that from this acute ish angle, even against the free kick Maestro. Men should.",nervousness,0.0804
Ramos. Finds Marcelo. Isco. Still Isco.,realization,0.0953
"75 full on and off the field, Messi holds it. Little moral victory.",disappointment,0.1192
His World Cup finals headlines. Clichy has found Nasri.,excitement,0.166
"Plenty of black shirts waiting for a cross. Pogba gets an infield towards Sturaro and Fernandino steps in to win it back. And now Nasri leads the charge. De Bruyne making a roll the other side of the pitch, which that was where the ball was heading, had Cuadrado not stepped in and intercepted it for Juventus. We're hearing a calf injury for Vincent Kompany, Steve. Yeah, hopefully it's just a strain.",excitement,0.0932
"Frustrated this season, though, Michael. Isn't it? Where when you've got the kind of deficit to make up the Manchester City, have they can't make any more slip ups and they've got some big fixtures coming up on the Horizon too?",annoyance,0.2172
With the capital club before being sold to Levy on turn on Gaya.,curiosity,0.0837
Sitting here looking for a header. Ibrahimović. Cavani drifts inside. Ibrahimović. That's good.,caring,0.0977
"Ball, picked up by Varane Ronaldo",excitement,0.0991
Got some work to do here Aaron Ramsey unable to do it in that that pass from midfield. Liverpool set up to counter attack. Now here's Marne.,curiosity,0.0782
"There's a bit of curl on it, but not enough case on it. No trouble for Petr Cech. He has had a lot of history. Of course playing for Chelsea against Liverpool, never forgive that Phantom goal being awarded.",annoyance,0.0849
Good ball from Matip there. He did well.,approval,0.1427
Hoisted forward towards Origi not cleared very far by Clichy. Milner in towards Firmino.,excitement,0.0779
"It's a wonderful, driven cross by Nathaniel Clyne getting across the near post. You can see he's got such a lot to do though to guide that into the far corner and him alone. The free kick, the pass for the second goal and that finish has taken this game by the absolute scruff of the neck.",excitement,0.1236
"Pique, furthest. Tallest. As he takes. Not deep enough.",desire,0.0711
It was his nose that made the impact with the back of Sergio Ramos's head.,anger,0.1296
Mignolet indicating maybe four. Was very central in his position Mignolet . It's deflected. Alexis Sanchez. Alexis Sanchez. Coming from Mignolet's Right hand side.,confusion,0.0824
The chasing game for Arsenal at the moment in the shape of this period of play and the scoreline. Henderson.,excitement,0.1819
It's not just about local pride here. It is about serious consequences.,pride,0.2762
Given up the middle of the ball by Henderson. He called. The referee has decided that's a foul. A driving run too. A good think about it. Michael Oliver as he wasn't sure.,confusion,0.1073
How would you assess if it ends this way first three games of Tottenham season five points would be the return?,curiosity,0.4012
"This is strange one. The whistled has gone. Rashford wasn't offside, it was young.",confusion,0.2012
Free kick is good. [inaudible] the elephant. Doesn't he? A large show.,excitement,0.1434
"Matic, Costa. Just see how easy it was for Chelsea to get out that time because they didn't give any chance for Arsenal to get set and get pressing up against blue shirts. Kosceilny was there again defensively, and that's a lovely turn from Ozil, to get away from Kante and it's two on two here. David Luiz and Gary Cahill. Alexis Sanchez is on side and Mesut Ozil can walk on to it. He didn't strike it cleanly but it doesn't matter because that's the third goal inside the first half for Arsenal. They're taking Chelsea apart here.",curiosity,0.0769
"The victory that their side were in the process of securing, they've got it all to do now.",realization,0.1842
"Look at that there now, used to play a game for fitness when I was under 16 to 18. Well, they're caught out here and Suarez is in the clear. He's got Neymar with him, but it's all Luis Suarez. Great stop by Neuer.",excitement,0.0978
"Heres Nasri. He's trying to find a bit more space on the left hand side. He's been predominantly on the right early on, but that's not a good ball by Bony. They just wanted two sides of frustration here, not just from the City players but amongst the supporters too. Yeah, the port- the supports are trying to galvanise them, trying to get behind the team, but they need something on the pitch.",annoyance,0.1915
"That's got the ball out. As I say it, Dave.",excitement,0.1452
"Ozil this time to play deeper, he was looking maybe to pick up Joel Campbell's run.",curiosity,0.1498
A lot of work to be done by Barcelona before they can be assured of winning the group.,desire,0.0819
Arsenal haven't scored in six matches against Chelsea.,disappointment,0.076
Toure Jesus Navas.,realization,0.0658
"I think that's why Chelsea is so happy to sit back. They know Arsenal haven't got a lot of height, so when the ball does go wide, they look up to cross it.",excitement,0.1071
"Stunning scoreline coming in from Porto, they lead two nil mistake by Dante pounced on by charisma. The second for him, the second for Porto. 2 nil they lead.",surprise,0.2375
"Anthony Taylor concerned about maybe the number of challenges going in, he could have let Manchester United play on there.",nervousness,0.145
"Just happy to stand off the ball deflected behind for a corner. Alex, still struggling after that blow. The only change. Alex. Place by Salvatore Bocchetti. You need to do is to defend this corner.",nervousness,0.1255
Foul by Henderson on Kane and that's.,disapproval,0.1227
"And those stats, Manchester United are actually bottom.",disappointment,0.2864
Chased up by Yaya Toure. Aguero!. Inches away from. Levelling it up.,excitement,0.1862
Neymar. Fouled. Or was he. No contact at all with Pastore. Its all Iniesta has been [inaudible],disappointment,0.1423
"Silva. Dzeko. Fernando. Now, return the Gaël Clichy. Milner. Silva.",desire,0.0662
"I hope the stubborn resilience has been broken with the third goal, Robin.",desire,0.0754
Neymar. Messi.,confusion,0.1663
An they are looking for him again here. And Mbia's ball is reachable. Bacca ,excitement,0.1283
"The draw here, they win that they're topping the group.",realization,0.1405
A brilliant from Messi.,approval,0.1595
The players are making run beyond the back four because the man on the ball has got so much time to play any pass he wants.,excitement,0.1295
"To be fair, Walker's carrying something there, I don't think he would have got there anyway.",neutral,0.1453
"No, there have been plenty of games between these two great clubs like this down the years. It's always been taught.",realization,0.0882
"No foul by Mane despite the protest from Jan Vertongen and the Spurs fans, and Mane of course is already on a yellow card, he's got away with that. We saw two in the first half.",disapproval,0.1155
Firmino just obstructing really. But we saw City just a minute ago. That's the best passing move that put together and they've got to the byline and cause Liverpool problems. They've gotta do that more. Gotta get the ball down and start passing the ball.,caring,0.0783
"The better of Maaten Stekelenburg, which is something that Manchester City couldn't do of course",curiosity,0.0728
Romao finds Payet. Lemina. Suddenly the Passes are going astray. Marseille have it back though with Payet.,surprise,0.1518
"He will be able to tackle in the end, it's good to see, really, isn't it? Here Toure",optimism,0.182
"From the team in Red Gerard, his presence might have helped that.",realization,0.1208
"They can only see how good or bad the managers decisions are after the event. If Liverpool do lose this one, go to play Chelsea at the weekend, lose that one as well, people say well.",disappointment,0.0983
"What's the referee gonna make of that? He's gonna give Bayern a free kick on the edge of the area. And he took the foul Lewandowski. He could have taken the shot if you wanted to, but I think he thought that maybe going away from goal left foot. I'll take the free kick and put Dani Alves in a bit of trouble. Just slip it through as Pique moves out.",curiosity,0.1108
"All of a sudden Manchester City finding it easy to keep the possession and knock it around, which they were struggling with early on with Liverpool really pressing",surprise,0.2896
Ibrahimovic again and a late tackle coming in from Rod Fanni and. He could well be the second player booked.,excitement,0.1105
The set piece factor for Athletic Madrid.,pride,0.1005
"Slightly confusing, his team mate to Sadio Mane or maybe it was the other way around.",confusion,0.5684
"Blocked on the way through and this time he puts the second chance wide. Well, that would have been quite an introduction.",curiosity,0.1271
"A man who can create something brilliant out of very little at all. I simple one on one and he just moves the ball of foot bomb and then hits it bang and the keeper looks as if he has it covered, but it wasn't too far away. Thiago Silva. Did enough to put him off.",caring,0.0952
Inability to finish this one off. There was a little bounce.,annoyance,0.1407
Liverpool again in no hurry to restart play.,excitement,0.1217
And there's two players on loan from Barcelona. Looks like Gerard Deulofeu,curiosity,0.1258
Is it more clinical and so far Neymar's goal is the difference between the two. What a goal that was. This is Lucas. Matuidi.,caring,0.096
"And he can't find Muller. That's not like Bayern Munich. Arsenal, grateful of that.",gratitude,0.1865
He's on the bench though Koscielny. Fit enough for the bench. Here is Coman?,curiosity,0.1684
"Pepe to Varane one of the two centre halves. Sergio Ramos as we said, playing in midfield? Marcelo",curiosity,0.149
Fighting at the moment to have a regular spot in this team but pedigree. In his recovery.,realization,0.1014
"Just on the follow through, maybe catches the studs of Martial",curiosity,0.0956
Lavezzi unhappy about the paper being thrown on him.,disappointment,0.1745
Waste of time chatting away. He already knows he's going to get a yellow so.,annoyance,0.2261
It's 0-0 here with 10 minutes to go to halftime. What I've seen with Liverpool putting two of the best performances I've seen.,approval,0.1153
Great play by Marcelo. Skrtel does better this time. The home side.,approval,0.0953
"Not transferring well out of these positions, Liverpool through midfield. It's difficult for them.",disappointment,0.1921
Guardiola's words yesterday have been proved right. he is unstoppable.,realization,0.2345
"Aguero was the intended target. Milder, who's the workaholic in the Liverpool midfield, was back there to make the challenge and then that Kompany, with the foul on Origi. That was a little foul there from Kompany coming through the back of Origi. Great reading of the game from Milner in the hub of the team, he can play anywhere. Reads the situation, plays the ball up",excitement,0.1103
"There's no error of great concern. You know, there might be. That's gone out and. Pep Guardiola wouldn't be too pleased with.",caring,0.0846
 Laurent Blanc problems in the centre of his defence with an injury that's already brought a replacement and now. Concern for Mascherano.,caring,0.0991
"He sees Wilfried Bony surrounded by 4 Juventus players he doesn't want. He doesn't want to put it into the box. He wants to come back out and start again. Therefore, Juventusget everybody behind the ball again. Here is that Silva this time? Now Toure. Eliaquim Mangala",confusion,0.1514
are noted to run further than any other team in the opening round of games.,realization,0.1115
"It's ironic, actually, because the last two weeks Liverpool have been caught out playing out from the back themselves and this time it's Tottenham who are the guilty party and Liverpool should be a goal up.",curiosity,0.1118
Just hoping you could steer it wider. The goalkeeper rather than straight at him.,desire,0.1533
"Divock Origi will come on to replace him.Origi, I'm sure we'll come in to a central position and Firmino will drift out to the left of the three.",nervousness,0.076
"You look at it metaphorically, Liverpool.",realization,0.1233
"Of course, a winner all those years ago with Liverpool. Cut out by Messi from Boateng. Who improvised an interception then. Rakitic.",excitement,0.1045
"Fernando around the corner, De Bruyne slid across and Starling has missed a golden chance to put Manchester City level. Oh dear!.",sadness,0.1327
"A great game on our hands, Duncan Bishop. That's the fastest Sprint. I've seen all game, the race back to the centre circle from Aleix Vidal. He knows 10 minutes remaining is going to be a grandstand finish. That's what they needed to pull a goal back, let the fans get behind them. Aleix Vidal, fantastic run from him well picked out by Gameiro. It's the two substitutes who have an immediate impact on the game. Gameiro and Iborra who does the finishing touch on what was.",excitement,0.1483
Opens his kicking. Lets him down once more and on this occasion.,excitement,0.1094
"Modric you could work by Kolo Touré. One factor we haven't talked about Andy is how you get worn down by having to deal with this constant attacking play at you and that would be a test of Liverpool's stamina as well, unless their organization. But if they can stick at it, it's not out of the question. They might be able to seize a goal to make this an outstanding result, but more defending to come. They still haven't had an hour yet. For cope with that.",annoyance,0.0984
Good work by Yaya Toure to win it. now Fernandinho. Now Aguero.,excitement,0.1321
"Monreal's tackle, Ivanovic there for Chelsea. Here's Xhaka , now Alexis Sanchez and Ozil has taken up a wide position and Walcott's made a run and Ozil's through and here is Ozil.",caring,0.0836
"That is going back in time, isn't it, to have a back three of David Luiz Cahill and Terry. Here's Coutinho winning it and the Chelsea fans are angry with their team again. He's been poor, Ivanovic, I have to say. Lallana. Back to him from Mane. You could argue he started.",anger,0.1323
Rafinha offering himself for the short ball from Neuer,curiosity,0.1153
"Yeah. There again Kompany. He likes to get in a battle, but so does Benteke and you can see the referee had a view from behind of that one. Then you. Might take a little bit of a different view than both. Got hold of each other.",excitement,0.0951
Inzaghi. Thinks the world is against him.,disapproval,0.3789
Big chance early in the game for Fernandinho. Not taken.,curiosity,0.0721
"Done well, there to get his body between Piqué and the ball.",approval,0.1005
"His best players back being taken off. He certainly carried the fight to round Madrid whenever he could and I guess in terms of the type of player, it's one for Ronaldo and of course.",excitement,0.1182
Given away by Fernandinho too Lallana. And Liverpool will get the throw.,excitement,0.0795
It's come all the way to Nathaniel Clyne. Now it's twice that Wayne Rooney's let James Milner go. He has to stay with him.,excitement,0.0815
"Reminiscent of the ball last night from Ballarat, from the Chelsea for the Oscar Ball, look at the arc away from Joe Hart.",curiosity,0.123
This is in the home game against Chelsea.,realization,0.1167
"Patrice Evra, who's at Manchester United debut, was against Manchester City back in January 2006. He was suspended for the weekend against Kiev following his red card against Roma. But back in very familiar surroundings tonight. Steven still going strong at the age of 34. He's playing really well. [inaudible]. It's good to hear the pantomime boos are out tonight. We like to see like to hear.",excitement,0.1035
Their trips to the Emirates since they switched here from Highbury and Aaron Ramsey own goal in that trip.,excitement,0.1036
"Juventus have to go to Palermo at the weekend, which of course is Dybala's old club. He wouldn't want to miss that game. Getting some treatment out there now.",caring,0.1037
"That's Rafinha, I think at the back post it just hits him. He doesn't know anything about it, doesn't get the greatest contact Neymar, but another chance for Barcelona.",confusion,0.1095
Lallana running it on for Mane own trying to take Luiz on on the half term.,curiosity,0.0858
"Just looking at the upcoming fixtures for Real Madrid, they've got a really tough running because they've got Juventus the first leg in midweek, then Valencia.",curiosity,0.1414
Too easy really for Barzagli Now we get highlights of all tonight's Champions League games coming up at 10:00 o'clock tonight with us on BT Sport. His Dybala. Really.,caring,0.0743
Discuss Paul Pogba and what his future might be.,curiosity,0.2129
"In towards Wilfried Bony and arriving, too was Raheem Sterling away by Lichsteiner. A pocket by Fernandinho who's been in good goalscoring form in the early weeks of the season and he caught that really nicely. Yeah. A nice strike Fletcher. I think it was fading away from Shanghai performance goal outside the right foot saying ""oh it was close"".",excitement,0.0955
Gerrard himself converted that very late penalty. With two one success.,realization,0.1064
Pique Resisting Dzeko's attentions. Messi.,confusion,0.2028
Every level doesn't allow a top goal scorer to keep putting the ball in the net.,disapproval,0.1345
Alderweireld An example of the excellent range of passing the two Spurs centre halves enjoy. Rose.,admiration,0.137
"Suggesting he's going to clip it up, which he does and gets a corner from it conceded by Busquets. It's a good ball.",excitement,0.1011
Modric. Brendan Rodgers can't fool the application of his players and from that unnecessary slip by Skrtel early on. But. Tall order. For the Premier League club. One or two darts forward by. Markovic.,caring,0.0734
Awkward for Toure with Sergio Aguero sniffing around. Flanagan then runs into Fernandinho. Here's Aguero. City have got players forward here.,nervousness,0.2706
"Just a little bit behind Olivier Giroud, of course, he was involved in the thick of it last season, wasn't he? In both matches, Here's Batshuayi and Batshuayi is in here for Chelsea and Petr Cech with the first save that he's had to make of any kind of importance today And Batshuayi really disappointed he didn't make more of it. What a ball from Luiz here coming out. That's a fabulous run and a great ball. And this is the difference. You know Sanchez in a similar position keeps his head, thinks the goalie to go 1-0 up for Arsenal and Batshuayi just happy take a shot.",disappointment,0.0847
Nominated by Steve McManaman is Alex Iwobi.,caring,0.0697
"Lovely from Coutinho, Lallana. Sturridge wasn't setting up on the sprint.",admiration,0.1365
"Could it possibly be, of course, Manchester City can win the Champions League and qualify. Again through that route,",curiosity,0.1873
Very nearly the moment of the match from Coutinho suddenly pulling the trigger. And David De Gea Flinging himself to his left.,excitement,0.2393
Chiellini tustling them with Wilfried Bony and it's brought back for an earlier foul by Juventus.,excitement,0.1071
"Here's Yaya Toure, Manchester City in a big finish. Fernandinho.",excitement,0.1576
Looking more orderly.,realization,0.1515
"Well, everyone's here tonight. No surprise that, Sir Alex amongst them. He will be pleased with the start, but he will know.",excitement,0.1072
Last time these two sides ppeared in Senia was back in. 2007,realization,0.0743
Just to get one of their two historical wins here. Hits move forward here. Pucciarelli. goes behind. Isn't able to turn. Closed down by.,desire,0.1201
"Well, you can see how Chelsea are going to play currently Glenn, straight away.",realization,0.1555
It's blocked by Illarramendi onto Casillas. Attempting to finish was Dennis Suarez.,curiosity,0.081
And away for another Chelsea corner. The most sustained spell of pressure coming almost directly from the restart.,excitement,0.0755
"It wasn't an easy one for Pepe to clear. He's made good contact, really. Coentrao, just committed himself out on that left. Side.",caring,0.0881
Does he really know that position well gets done on an easy ball,curiosity,0.2037
"Here's Joel Matip, who by the age of 18 was a regular in the Bundesliga. Makes his Premier League debut today.",excitement,0.1052
"Otamendi wants a foul in. He's complaining to the referee, but unfortunately for Manchester City that stemmed from the break Yaya and Fernandinho got caught. As you rightly said.",disappointment,0.1105
"James Rodriguez, the player? Hernandez in here.",curiosity,0.1056
Early on in his career. That's the only criticism from a Chelsea point of view. The finish was Absolutely brilliant. It's the height.,disapproval,0.1427
"And Silva, we can inject some pace and acceleration. Now Sagna back in towards David Silva away by Chiellini for the optimum time.",desire,0.0842
But a very prized victory in these circumstances.,pride,0.2544
He's been excellent and he needs a run in the side.,admiration,0.0812
"He knew he wasn't getting that. Coutinho, turned away from Herrera. Can he find the pass here.",confusion,0.1169
"Two feisty characters, Gignac and and David Luiz.",amusement,0.1088
Balls deflected in goalkeepers come could double handed pump away.,excitement,0.1602
"And surprisingly for this game, which usually has a quite heated temperatures, not just in the weather conditions but on the pitch, there are some real fiery aggressive. Bacca unable to. Get to the ball ahead of Pepe.",surprise,0.2867
"He's going to be important though, in the middle of the park there, starting on the right.",pride,0.1324
Isco trying to get there first for the home side.,confusion,0.0852
Phillipe Coutinho deep earnest square ball. It's got a piece of. Fellaini. Of course.,caring,0.0966
"Speedy Striker, soft centre.",relief,0.1213
"Here's the Yellow Cards for Bayern as well, Xabi Alonso, Benatia and Bernat.",curiosity,0.0793
"They missed a good opportunity on that last attack, United. Rashford.",disappointment,0.2302
Schneiderlin again. Mata Still Juan Mata as two to look for on the Manchester United right. Valencia and Lingard.,desire,0.0933
"Mbia was the player who caught him. It may well be that Ancelotti wants to ask Unai Emery, if they got another mask.",curiosity,0.0895
I'll be down first by Jordi album and then by Gerrard Pique. Here's Neymar,disappointment,0.1316
And then he was quick play on the edge of the box from Liverpool. What a fantastic goal.,excitement,0.1586
"They are so open to counterattacks, Chelsea when they give it away. Willian",anger,0.162
 And the more frustrated Manchester City get you see Raheem Sterling is coming from the left infield. Samir Nasri likes to go in fields as well. That the last thing you want is a group of players very collectively in the centre ground. You need to keep the patience. One needs to stay wide. The fact that Manchester City has so much enjoyment this year in the Premier League is because we've had a Navas or a sterling who kept the pitch really wide and they exploited the the space with the pace of the team.,annoyance,0.1111
"Rashford, he's in here. He scores!! Marcus Rashford, takes yet another step up the ladder and there's a lad from Manchester who scores in the Derby for Manchester United.",excitement,0.2211
"The whole bar Munich team is in Arsenal's half the position of the Centrebacks, Martinez and Boateng.",desire,0.0877
"Its Theo Walcott. He's fancy his chances Theo Walcott the last 5-10 minutes, really. Inside there is growing in confidence. Having the penalty.",optimism,0.1852
"And scored in each of the last two. Group games, Louis Suarez, and now.",realization,0.1097
Pedro has been asked to place an emergency right back to the Spanish national team and may had a couple of injuries.,curiosity,0.0905
A decent free kick. Just gave himself that little bit of extra width.,surprise,0.1111
"Call there by Fernandinho. yeah, got caught again the corner.",excitement,0.1034
Italian Marco Verratti does ever so well. Quick feet.,admiration,0.114
"Just gets a little bit of a show from Mario Mandzukic. It's further evidence there, Steve, with the big desire of the Juventus strikers to get back and make challenges. Yeah, I thought it was a foul. Actually, that referee plays it on.",excitement,0.1539
"Anyway, 3 fouls already night in the 1st 4 minutes. They are definitely going to be a tight against Liverpool.",realization,0.0652
10 days since David Luiz suffered his hamstring injury in the key League victory against Marseille.,excitement,0.0776
This comes in at the back of sterling there. That's. That's nasty. Absolutely no need for he's not playing the ball. He's definitely a yellow.,disappointment,0.1458
Chelsea got off to a quick five start from this game. That's the only other game we got goals so far. A wave of Paris Saint German.,excitement,0.1322
"If they are going to shift it shift it quickly, see Clichy is free. They have to try and open the pitch up, use the pace of De Bruyne, Sterling, Navas.",caring,0.1177
Faded over the last few weeks we've come up with the level that we've been accustomed to.,realization,0.1348
"Coentrao did his job well. He's a. Yeah, it was hopeful as well. Throwing. Also.",optimism,0.2806
And the finishing hasn't been of the highest order either from Real Madrid.,disappointment,0.1085
"Particularly in the last decade or so, all sorts of competitions. Out by. Ngolo Kante Quite get there a second time.",excitement,0.0994
"Here's Can and Fernando was quickly there for Manchester City. Now Flanagan, Origi with the touch to Henderson.",excitement,0.1112
Rakitic. Matuidi finds the gap for Rabiot.,confusion,0.0678
"It's a brilliant bit of play again from Barcelona, Jordi Alba sprinting forward down the left hand side.",excitement,0.1828
"On target against OM earlier this season, but as I say, just eight league goals, 18 goals in all competitions for Cavani this season.",curiosity,0.0862
"Unfortunately for him, the closest player was Paletta just wasn't quick enough to react.",disappointment,0.2687
The better chance Liverpool have got of picking up the third goal with the counterattack. This is a more controlled attack. Wijnaldum Sentt back from Lovren Spots Matip. Henderson. For Clyne,caring,0.1082
Herrera. Better ball to him by Ibrahimovic,approval,0.0806
What's the best right back in the world when he played theee. He was pretty good at left back as well. At the world cup in 2006. Alonso.,approval,0.0843
Put down neatly by Isco. Isco's caught. It's a big shout. There will be a free kick.,excitement,0.2324
Cuadrado centered in towards Morata.,realization,0.082
"So it's a new look front three really for Marcelo, with Alessandrini, Ocampos and Batshuayi all on.",excitement,0.0873
This gives taking the chance he's been dispossessed Bony.,realization,0.1009
"Yeah. And in this competition, they've been good travellers as well in the last few years.",realization,0.1076
"Yeah, it's a clear foul by Gignac. On Verratti",disapproval,0.1577
Pressure there from Fernandinho on Emry Can.,nervousness,0.0864
If Real Madrid win today Casillas will,optimism,0.0939
Another change. for [inaudible] Origi rigees on to play through the middle and help the camps attacking pace now and Adam Lallana is off.,desire,0.0727
"How didn't that go in? Lovely, lovely cross first and foremost. Fernando with a good header. Yaya Toure nearly gets a toe on it. Good save by Buffon puts it onto the post, gets the rebound.",curiosity,0.1363
"The power is there. The problem for goalkeepers is the ball is moving in the air absolutely everywhere, so difficult to judge.",excitement,0.0887
With the way the United have played in this first half and they I will say they are on top of their game. They have been the better team. Matip,admiration,0.1254
"Misplaced shot this time from Maxwell. I suppose he could be excused and left back. Found himself in a very foreign position. He was off balance as well. Rob, he's trying to get a shot off. The ball's ricochet to him. Pastore, who played in the first game. He's coming on as a substitute.",confusion,0.1181
"Just one or ten. They don't really need another one, but they've got one. This is the interesting part now in what Manchester City going to do here from Joe Hart kicks.",curiosity,0.2947
"Dja Djédjé with a driven cross, but again it's a little bit over here. Frustration for the OM forwards. Nobody can get on the end of that.",annoyance,0.348
It's a little bit of water to the eye or maybe a bit of blood to the nose. Do Real Madrid know they're in a game here?,curiosity,0.2275
Here's Pedro. We'll see fighting to the very least preserved their unbeaten start to the season.,caring,0.0845
Goals from anywhere bits of skill have beating people around the box. It's a strange choice for me and Sturridge must be sitting on the bench thinking you know what? What do I have to do? Because he's worked hard to get himself fit.,confusion,0.3412
Xavi. Neymar.,realization,0.0762
Here's Marchisio. Miscue from Lichsteiner and.,confusion,0.1812
"And he's trying to go low, Alonso, hoping that they jump and that little deflection going under the wall.",nervousness,0.2145
"Stop the cross, was the message to Milner, and that's what he did. Firmino",caring,0.0866
Three on Harts wall. Missing his peak forward from the back.,disappointment,0.0893
"I think he's. I think he's looking for Clyne really, to make that overlap, and I think he's a little bit reluctant because he goes down in that Channel there, he's got to use his left every time he's got the ball, he's come back on his right and that's the problem Liverpool have down this left hand side. Lallana comes inside, Clyne's coming inside, Firmino, all coming inside, and I think someone's got to be brave enough to go on the outside and stretch City. Can sends it forward towards the reggae.",nervousness,0.1126
Coutinho. He's inviting Clyne forward here.,excitement,0.1473
"Costa, tackled firmely by Laurent Koscielny, they opened up Chelsea again with ease there, didn't they, Arsenal? And it started from the Granit Xhaka ball, Fletch early on in the play. Fizzed it right through a couple of.",excitement,0.1558
"Another player to Emery's changed around with his role. He was more of a defensive midfielder at Levante, but now under Emery at Sevilla he's turned to a real box to box midfielder, he's something really useful. That Sevilla bench looks very strong as well. When they played Barcelona earlier this season, it probably actually have a stronger bench.",caring,0.0915
So they've turned it around either side at half time.,curiosity,0.077
Liverpool have room for improvement and plenty of ability with which to improve.,realization,0.1483
"Here's Coutinho It's almost been with the left back Daley going really narrow alongside Chris Smalling. Ashley Young, oing all the way back. Liverpool's Front three do tend to play.",curiosity,0.079
It was a great counter by Liverpool. Dier gave the ball away but wow did they make the most of it.,surprise,0.1354
I think that's going to hamper them against this really resilient. Atletico team.,disappointment,0.0898
"Martin Atkinson showing no sympathy for Diego Costa that time. Kante getting back, he gets in so quickly. And Mane felt. The speed of the challenge, then.",disapproval,0.1007
Matic. Still very subdued at Stamford Bridge.,nervousness,0.1077
"He's been Manchester City's savior here in the past, actually Sergio Aguero. Here he comes, Samir Nasri the player to make way. Yes. Not surprised at all.",caring,0.0944
Bernat The crowd have recognised even at 0-0 they know what they're watching here. Tonight is a pretty special match. Rafinha,realization,0.1526
"They don't get another corner, which is what they were hoping for.",desire,0.2035
"Been caught out on a number of occasions. This could be the goal, though Ronaldo UNable to finish it.",excitement,0.083
Messi wasn't expecting that from Busquets. Xavi.,surprise,0.2282
And that would be a win that would put Manchester United level with Manchester City. In the league table.,realization,0.1403
" Great by Mandžukić great feat, the big man.",admiration,0.1797
"Here's Jordy Alba, so often makes an extra man.",curiosity,0.0762
He is comfortable on the right hand side. Couldn't quite get there. Thanks to Lewandowski ,gratitude,0.2958
"You just saw a lovely little overlap from Azpilicueta, you know, Hazard's made a great little ball, played him in and that's the problem sometimes he's great defensively but didn't have his left foot Costa's making a great run in the box for a left foot cross and he comes back on his right and it all slows back down again. Here's Theo Walcott he can certainly have a run against Chelsea. David Luiz and Gary Cahill were there and then the Alexis Sanchez was following up and the defense is going to bring Arsenal the corner and we see that little episode there where the break look where Hazard is now he's on the halfway. Line",curiosity,0.0783
"He regrets doing that, but the two of them don't get on.",remorse,0.2783
"Who's not shine coming forward himself? He'll stand up for himself. Well, I think Carlo Ancelotti knows that.",curiosity,0.0998
Mascherano. Batra. Busquets. Mathieu.,curiosity,0.0811
City have lost their last two Premier League matches against Leicester and Spurs; two that they would have put an asterics next to. Big ones for them in the title race if not lost three on the trot in the Premier League for over 7 years.,curiosity,0.0723
"He said Barcelona will always drain his heart, but he's come here to win.",desire,0.0832
"Yeah, right. Nice angle this. See, just bending away. 5 yards wide in the end.",caring,0.1107
"Fernandina towards his captain's head, but Mathieu just eased him under the ball.",excitement,0.0904
2V1 against Monreal. Feel sorry for him.,sadness,0.2607
He was having a very good game bar the miss. The Brazilian. Here he is again.,excitement,0.1258
"There is the reception, which I don't think he would have got. Had he not.",disappointment,0.2118
"And you'd have to fancy Ronaldo again. Sergio Ramos, I think having a word. Sergio Ramos",excitement,0.1075
"By Demichelis action at both ends here. Suddenly. It gets much, much hotter.",excitement,0.1919
Carlo Torre played in a final of the Champions League with Arsenal. Over eight years ago now.,realization,0.0865
"Kompany steps in on Firmino but they've got the look about them at the moment, Liverpool that they can score every time they come forward.",curiosity,0.0846
Oblak doing well to push it away into safety.,nervousness,0.0785
"Wait for Tony Kroos. Isco Marcelo, down the outside, he's made one goal already, and he very nearly made a second for the same player. A different type of ball in.",confusion,0.0852
With the speed to get back to make the tackle. Zabaleta's had a stop-start season this season with the. Knee problems.,desire,0.1079
"Henderson does strike it almost the explanation point for Liverpool and he wouldn't have got there Joe Hart would he? No chance. He only had to hit the target. There was a goal there, wasn't it? He just got it.",excitement,0.0907
The team didn't have the the mastery in games that allow the fullbacks to take such risks.,disappointment,0.1567
"Fabregas, to Hazard and then given away.",embarrassment,0.1028
Rams head is not a clearing one. How about the confidence from Sergio Ramos? Rodríguez seems okay. But the pass wasn't okay.,confusion,0.1612
"His argument would be why did you give me the ball in the first place? Well, he could have turned around and pushed up. Doesn't get injured often, Does he? Joe Hart. Implications for club. For country. A chance for.",confusion,0.1198
Whistles goes in Atheltico's favour. Sergio Ramos.,approval,0.1551
"Proud caps for these kind of nights at around 78,000.",pride,0.2828
"An equalizer needed. For City to stay top of this group and keep their fate in that regard in their own hands, going into the final match.",desire,0.1854
"Once you have got the tools to finish the job, Caballero can only push it away as a deflection on the shot.",caring,0.0874
I'm not sure Pep Guardiola would have approved that kind of footwork from a goalkeeper and I don't think Jurgen Klopp was impressed either.,disappointment,0.1504
He always knew it was too high. It was the chance for the better angle.,annoyance,0.1126
"Brice Dja Djédjé Under pressure from Pastore, it's gonna be a goal kick.",excitement,0.1053
And 29 goals so far today in the Premier League. We'll talk about all of them tonight on the Premier League tonight with Jake and the team from 8:00 o'clock on BT Sport One HD and some really big talking points to go through after this one. Lots to talk about with this game of course as well.,excitement,0.1225
Chris Smalling trying to get his back four up the pitch.,nervousness,0.1327
Here's Kante who was closed down quickly there by Walcott. Now Willian.,annoyance,0.0656
Deflected by Mathieu. Giving the goalkeeper no chance and suddenly PSG looking to prompt a rethink here. It's 3:1. A little bit something.,surprise,0.1609
"They really haven't relaxed Liverpool as yet. No, forcing it. A few times he's got the ball into the final third. And he wastes it.",disappointment,0.1297
Three additional minutes at the end of this one.,caring,0.0703
"Cool evening in Catalunya. Get the feeling there's another goal in the air. [inaudible]at the moment. Well done, Bartra.",excitement,0.1025
"Amazing family, the two sons of the World Cup winner Massino.",admiration,0.142
"When he got six goals in the Champions League last season, including a hat-trick against Bayern Munich, he was.",realization,0.1087
There are the two who were playing and they have played together before competitive football for England under 21s in the two long tournament and they came home with the winners medals. That's probably.,approval,0.1034
Here's David Luiz the second time his starts his Chelsea career with a debut at home to Liverpool.,curiosity,0.0766
"Weekend after the return of the new camp, Barce face Real Madrid so.",realization,0.0773
"Again, it's good goalkeeping has a little glance at him Hernández . Strong play.",admiration,0.1117
Contents himself with making sure the ball's spotted up in the right place.,caring,0.1427
Lost on away goals to Chelsea despite a 3:1 success here at home.,disappointment,0.1981
"[inaudible] played by David Luiz. Has all the makings of that game you mentioned earlier in the season, Jerry. And it was the odd goal from 5. It's a good set. It's actually similar to this game tonight. Now you have to say Paris Saint Germain have had at least four good chances in the first half. A bit a shirt pulling there from Pedro. He was going to stop him.",caring,0.0906
And he gets a second booking and there's a change in the dynamics here.,realization,0.1447
" Wembley hero from Sunday, Willie Caballero saved 3 penalties from Liverpool. At Wembley. Here's Firmino",excitement,0.1371
"City settling into more of a rhythm now, Zabaleta.",realization,0.1679
"Training mix right in that small gap, having slipped to 3rd place at the weekend. Who can catch Leicester City? Isn't it fantastic though?",curiosity,0.1638
"And Otamendi does well, certainly settled down a lot, hasn't he? As a Premier League centre back now, Nicholas Otamendi, after a difficult start. Yeah, when you playing alongside Vincent Kompany, I think it gives you a little bit more confidence. The pair that have been playing for most of this season have been a little bit shaky. Kompany's come in and calm the whole back four down.",relief,0.1411
They're back on track and Luis Suarez finishes the job once and for all.,optimism,0.1173
A little bit straight. For the perfect position for a cross. Ibrahimovic's picked up the ball as if he wants to have a shot. Some 40 yards out.,desire,0.1801
"Tonight, a debut goal only by Tim Crowsfoot in the second half.",surprise,0.0768
Intercepted to Van der Wiel. Lucas. Cavani is having one of his quieter games. Verratti. Van der Wiel the Dutch.,caring,0.0757
Jurgen Klopp's reaction towards you most of the story. Kompany to Aguero.,anger,0.1535
"If you watch United, this is what Jose really did a few seasons back. Just walk into set pieces, not rushing. David De Gea has been taking his time, Valencia walking towards the ball.",caring,0.088
Carvajal of course offers you a little bit more going down the right flank. This is seen as  a long term choice there. Marcelo inside for Isco.,caring,0.1142
Distinct advantage you feel for City having played their European game on Tuesday and had a positive result from it as well.,optimism,0.19
The first ball Bonaventura can keep it in. It's how the first goal came Destro climbs high.,excitement,0.1188
[commentor]There's a part of his game that I think the Premier League rivals are going to maybe prey on and play on.,curiosity,0.0991
What you do if you're PSG 2 nil down could get worse if the if it continues like this. That's the ter Stegen save.,caring,0.109
And this time it is Iniesta who comes off.,annoyance,0.075
"It wasn't the worst cross by any means. He thought twice about it put it in the second time of thinking. Yeah, it's good ball in Tiago couldn't take any chances there. A couple of men behind him wearing white.",curiosity,0.0882
Some moments of class from Raphaël Varane.,caring,0.1032
"Does reach halfway, and now Marseille can come forward with Payet.Payet switching the play towards Michy.",excitement,0.0919
Antonelli into the danger. Really to get on the end of it. Croce. And his punt clear. By his side could defend him.,excitement,0.1158
"Strict and ready for action. Slow start was no impediment for him last season. He didn't score in his first seven games for AZ, yet ended up as the top scorer in the Eredivisie, and he's already shown he's got the physical capabilities to be a success in the Premier League.",approval,0.1104
Here's Bony and Manchester United have scored as well. Juan Mata has it. That was another eight o'clock kick off that Manchester United 1-0 Watford .,excitement,0.122
"In front of Sterling and in actual fact, the last touch came off for Raheem Sterling.",realization,0.0925
"Saw him limping about just before, this is the effect of",realization,0.1675
"At the moment, the scoreline is Sevilla 0-2 Real Madrid. Real Madrid give the ball away in midfield. Reyes.",excitement,0.0773
"We're missing players, of course capable of. And providing.",caring,0.092
"Looking for the run, James Milner. Sturridge didn't provide it. He has to look at his teammate.",disappointment,0.085
"Really positive start, though, isn't it, Glenn, from Liverpool? A really great start. We were here when they started like this against Arsenal. They came out the tracks really quick. Same tonight and they look like they're doing business, aren't they tonight? I think they've been a revenge in their in their play at the moment. They really are on the front foot. Here's Lallana and one of the five players changed by Jurgen Klopp from the weekend. And with Joe Hart.",optimism,0.217
"He knows that one moment will come. Clyne. If they can defend as they have been doing, still continuing to make mistakes, Liverpool and. They look nervous. SURPRISING. They've been so slick for him.",nervousness,0.2045
"Silva. Sterling, able to get away from Flanagan this time, but Henderson is back there helping out. Here is Sterling He is gonna try one, Sterling.",caring,0.0968
[announcer]17 and [inaudible] to Manchester. A new signing. Kevin De Bruyne.,excitement,0.0949
Trying to find Pogba. And Firmino is offside. It's a good pass from the ladder. So tight. Good position.,curiosity,0.0878
Andre Pierre Gignac at the double and the Velodrome explodes again.,excitement,0.2775
"He was playing with fire there, Jeremy Morel.",excitement,0.217
"He enjoys doing that, coming in off that left, playing his little give and goes.",excitement,0.2398
The cornerone. Lallana's not happy. Ivanovic just seemed to be just tripping him and he's going away from him.,disappointment,0.1499
Gasping the crowd. He went through Andres the Iniesta. Right ankle.,excitement,0.2148
As the shot comes in. Another shot from Kroos.,curiosity,0.0947
"They've been physically superior, haven't they to anything Manchester City have thrown at them.",curiosity,0.1086
Emry Can couldn't quite get a hold of it and Fernandinho was back there defending for Manchester City.,confusion,0.1527
Just look out there at the Arsenal team. There isn't a great deal of.,disappointment,0.138
The fact he's had to hold it up for so long allowed Mascherano to get back at him.,anger,0.1281
"Piqué and Batra the three centre backs and you have Pedro and Iniesta playing as wing backs and it means they're going to dominate possession, which is what Barcelona loved to do.",excitement,0.1203
"No, that's what we mean really. Walking the tightrope, I think berini makes a lot of it, but it's gotta be so careful as a defender. Just raising your arms. It wasn't a swinging arm at all from Ramos. When you've been booked, the opposition will look to maybe get involved with you a little bit. Just put the possibility in the referee's mind that you might have done something naughty.",caring,0.1088
"Paris Saint Germain, just moving into the ascendancy although. They've lost possession there. Gignac. For Marseille. Thauvin. Fighting for it.",desire,0.0877
[commentor] There is Coquelin . Bellerín.,caring,0.0779
"Mascherano is the man who caught Yohan Cabaye. That is looking like it's a little too late, just going back to that David Luiz defending though to not slow down and hold his position and check.",confusion,0.0798
Benatia who's got Neymar to deal with.,curiosity,0.0862
"Got there in front of Muller as he had to do. They are better team, there's no doubt at the start of the second half. Good play again. It;s been led by Muller and Lewandowski. The start to this second half.",caring,0.0966
"all the life is left in Arsenal, out of them, and they can do this, but for Cech. The follow up. First of all Coutinho could've had a hatrick. Secondly, Lallana could have had a double. [commentor] Going through this ground here. Locks on them.",annoyance,0.0711
"No chances to know yet, but certainly they'll be happy. Jose Mourinho will be happy his team have settled down. Pogba",optimism,0.1875
Here's Lovren Just trying to guide it down for Coutinho might come off. Henderson.,curiosity,0.0786
Strong challenge from Bacca. Bacca,pride,0.1085
"It's not a good ground for them here. They haven't won a Anfield in 12 tries, 8 defeats in that sequence, and if you stretch it further back, it's two wins in 47 visits to Anfield back to 1956.",disappointment,0.3088
"Maura, path of consolation than. Sympathy for.",caring,0.2193
Busquets to Rakitic. Paris Saint Germain looking at a little to dig in. Suarez was caught by Thiago Motta.,curiosity,0.1274
Way down here gets throw wins. Take the sting out the game.,annoyance,0.1076
Martin Atkinson is everywhere.,excitement,0.0939
Kompany swings it forward towards Sterling. It's a Liverpool throw in.,excitement,0.0988
Into the level in the standards and Arsenal haven't been able to cope. [commentor] Late goal,disappointment,0.206
"That angle making Mignolet work to keep it out always amazes me as well. His balance, his pace. He's a big man. He's well over 6 foot. Cristiano Ronaldo, you very rarely see him slip over, go to ground or lose his balance and it's a very hard defenders, but this Varane his reading of the game, the timing of his challenges, absolutely spot on.",admiration,0.1807
"Kompany was playing into trouble by Fernandinho, Rakitic Suarez, Messi. Instant control. Lionel Messi. Rakitic arriving.",annoyance,0.1154
Good free kick this for Paris Saint Germain. Ibrahimovic.,excitement,0.0956
"Courtois is incredibly frustrated. See, Conte wants them to play out like this. But eventually the goalkeeper just does that.",annoyance,0.1831
"Firmino can spin away there from Fernandinho and then take on Fernando. Liverpool flowing forward, Clichy in the right place. Fantastic feat from Otamendi not bad for a centre back, although Liverpool get bodies around him and then Fernandinho goes in.",excitement,0.1287
Kante Matic.,approval,0.0878
Lucas. Comitting a foul on Cristiano Ronaldo. It is a big responsibility on his shoulders. Without Steven Gerrard and Henderson in that midfield area.,disapproval,0.0781
Sturridge didn't have the eyes in the back of his head. Options are to the left for Mane. Sturridge again. Henderson,confusion,0.0742
"It was a sweet turn in the first place Oscar but then he was crowded out, not fouled. Martin Atkinson just a couple of yards away from the incident. I think there's a little tap on his ankles. Lovren",confusion,0.0883
Reached by Blind with Aguero lurking behind him.,realization,0.0877
And it's Pedro for Oscar. Very late changes from Conte 10 minutes. Fo those three players to make an impact.,caring,0.0796
"Henderson was there as well, and almost inevitably, Adam Lallana.",realization,0.1025
Full 18 yards in his area. Bonaventura.,realization,0.0804
Really needs match practice and certainly he and Busquets and the two I feel in the middle of the park could do a lot more. Look at that for a pass ter Stegen.,curiosity,0.0914
"Against an ineffective Milan side here, now reduced to 10 men. Abbiati on the side. And he's been here since. In 2008 himself.",disappointment,0.072
"Cuadrado has been waiting to come on for about 10 minutes, it seems, and now he is eventually going to get on.",excitement,0.1211
His early form this season has got him back in the Spain squad. Diego Costa. And they need a big half four in here. Here's Matic. With Fabregas. Away by Koscielny,approval,0.1035
Pressure out of Bayern a bit pen back at the moment. Neymar. Iniesta,nervousness,0.1358
 [inaudible]bring them back. Change is imminent for Barcelona.  Neymar..,confusion,0.0867
Jordi Alba and Andrés Iniesta captaining Barcelona the same name because shabby is only on the bench.,desire,0.0725
"The room that Cavani had managed to find, the fact that the Lavezzi managed to find him.",realization,0.1073
"To show a little bit more, belief playing as the top side.",pride,0.1553
"He was all over the place 8 evenings ago and he was clattered against his old club Dortmund all over the place for Bayern at the back here. Yeah. What a chance. He spreads himself well, Neuer. He wouldn't have Suarez going to go through the legs, but he tries to go to the right. Manuel Neuer",excitement,0.1655
"From Navas, never any conviction. In the shot.",confusion,0.163
"Oh look at the space. Javier Pastore racing through the middle. Great opportunity, and it's only just wide from Pastore",excitement,0.1814
"Henderson's ball towards Origi. It's quite blustery here at Anfield tonight. We have seen on occasions that the ball moving around a little bit stranger than normal. It is affecting the game at the moment, but that's where you gotta get it down and be bold and pass it on the deck. But both teams are little bit wasteful in their passing, particularly City. They've gotta get a base to their game. They haven't really started yet. Here's Milner Now Lallana",annoyance,0.0893
And no stranger to confrontation with referee Sergio Ramos.,anger,0.1224
Mário Rui. Pucciarelli. Croce. [inaudible] This season really. They've been fine in this position. Tonelli synced in to Pucciarelli. Kicked in.,surprise,0.0709
Fall awkwardly left elbow is it?,confusion,0.2039
Skrtel in trouble with the quality of the pass.,disappointment,0.1788
"Kolodziejczak pushing it forward, Ronaldo. Checking his left knee that. Vidal",excitement,0.1075
"And the flag was up anyway against the Brazilian, but a really enterprising passage of play from Liverpool. Yeah. Fabulous passage after just going one nil up. Really got the crowds out of their seats.. You just see them holding the line and Firmino's just got to time his run better. If they time their runs better Liverpool, they can pick city up on the edge of that box if they set the ball up. And that was an unfortunate ball. Adam Lallana's fifth goal of the season and he's been in good form. It's his third goal in his last four Premier League appearances but.",excitement,0.0897
"And Clichy will come into that space, so they're going through a little bit more, but can Liverpool just hold on to that and get a third on the break? Flanagan with the Liverpool clearance.",curiosity,0.257
You'd think- would he go with Jordi Alba off the bench? I'm surprised he didn't start with Jordi Alba. Certainly his pace caused a lot of p[commentor]Rob[commentor]lems.,surprise,0.2633
Lallana managed to work himself out of a tight spot.,realization,0.0759
"As we move into the final minute of the 90. Manchester City 1, Juventus 2, Kevin De Bruyne. Toure.",excitement,0.1062
"[commentor] We've got lots of players who've got real good composure in the final third. Firmino and Coutinho in particular, Lallana, who do tend to play the right pass as the most difficult thing to do.",caring,0.1235
"And then Fernando tried to do a little bit too much. Here's Milner. Milner hit one from there straight to Clichy, and then away by Kompany Liverpool have it back again. Space here for Jordan Henderson, Origi. Firmino.",caring,0.0727
Not been beaten by Spurs in any of the last seven meetings. Gareth Bale was the last man to score the winner for Tottenham in this fixture back in 2012 and he scored in both ends and that game. In between times. Liverpool have had a 5-0 win here. Misdirected by Clyne.,desire,0.102
Took it quickly with Otamendi in the vicinity.,realization,0.1045
Isco. James Rodriguez's ready for action again. Blocked by Touré.,nervousness,0.1078
"Lichtsteiner with the header back. Ir's Mandzukic again. Very good save Joe Hart. Brilliant, safe, down low to his left. Here's Navas still getting treatment.",caring,0.1225
And the player has come back from the spell out through injury.,realization,0.1533
closest rivals. Bitterest rivals.,anger,0.1912
"Messi. Rakitic. It's the most control piece of play from Barcelona. Here's Bayern, Lahm, Thiago. Here's Lewandowski. Mascherano.",excitement,0.1209
He was guilty of losing possession for the 2nd Gignac goal.,disappointment,0.1243
"Be used to with watching Spurs play here at White Hart Lane. It's a bit lethargic. A lot of them aren't quite as sharp as we saw them at last season. See, which is understandable, of course, in the early stage of the season.",annoyance,0.1264
"Too sharp, too quick at the moment, too bright in the movement, the passing, Liverpool. Cleared by David Luiz He was shaken up by that bang in the face.",excitement,0.1819
[commentator]Iniesta. Quicken the pace.,caring,0.108
There he is restless energy.,excitement,0.3292
Jordi Alba and a lot of time there to pick that cross for Suarez.,excitement,0.1037
Trying to play early in behind Lovren for Alexis Sanchez but the defender was able to deal with it. Wijnaldum Coutinho again.,curiosity,0.0842
It's five years ago and he was sent off actually by Howard Webb during that. Excellent result.,excitement,0.0988
There's some frustration from Kompany climbing all over the back of Christian Benteke.,annoyance,0.2738
"And Liverpool were. Resisting Manquillo, they were getting their share of possession in midfield.",desire,0.0934
"Now Madrid, looking for a semifinal place in the Champions League for 1/5 season in a row for.",desire,0.1852
Jeered as well at Sánchez Pizjuán a couple of match days ago.,amusement,0.251
On side cut back towards Dzeko. Headed from Silva. No flag. Courageous header by Dzeko.,surprise,0.0843
Is this what Real Madrid faced so often tonight. Good organization from.,curiosity,0.1774
"But Arsenal going forward looked dangerous for the 1st 20 minutes, but defensively they haven't played the same as they did at the Emirates. Just too open.",confusion,0.1007
Pelligrini asking his players to come and get into position to receive the throw from Clichy. Bony. Fernandinho,desire,0.0838
"Paris Saint Germain defending guys around Pique. He's got his defensive reflexes back. Jerry, after a bit of a shaky spell at the start of the season. Yeah, I think he needs to have more games where he doesn't make too many mistakes. And it's heading ability on occasions when he wasn't challenged in the first half, he's heading the ball straight back to the opposition and that's something he can improve on. But he's done well in the last couple of challenges. This Messi gets past one. But not 2 Lucas in the way.",caring,0.0806
The team putting big pressure on them Daley blind there on Mane. Sadio Mane who was courted by,disappointment,0.0962
It was so slow for so long. All of a sudden. This happens. Just skips the past three or four.,surprise,0.2867
Lovren's header. Monreal.,surprise,0.0707
Otamendi challenging Firmino. Argentina against Brazil,anger,0.1276
"There's many ways. It's not a dissimilar performance to that from the opening weekend of the season, where there was second best at Goodison Park.",curiosity,0.0856
"Little bit of a respite for those at the back for Atletico. Midfield man, get on the ball. My Tiago here.",relief,0.1992
Gignac heads down. Djedje Florian Thauvin Thauvin Cross isn't a bad one.,curiosity,0.0717
Can. And now Clyne.,realization,0.0813
Lightning strike by Dybala but the ball was going wide and high.,excitement,0.2103
"The man in the mask goes off. Let's see if he's able to play in Europe in midweek after he's had that properly checked out, maybe a broken nose, which is difficult to for your gas tank when you're trying to run.",nervousness,0.0879
"David Silva with a corner. Headed by Suarez. And yes, his foot was a little high.",excitement,0.1043
Jesus Navas for Aguero. Martial tracking back.,gratitude,0.078
"So it could be a right back. They're not very intelligent, are they? Surprised he's enjoying it more.",surprise,0.3504
"Never satisfied, even when his team are several goals for the good.",disappointment,0.2719
Silva. Jesus Navas. Zabaleta. Silva with a bit more space.,realization,0.0901
Coutinho Liverpool's player of last season. We haven't seen too much of him. going on this game. Lallana has got possession and the space for Walcott to make them straight away and he has that.,excitement,0.0889
"Looked like some challenge. Damaging challenge not about the injuries, but about whether.",curiosity,0.1905
Marseille this season don't sit back and try to defend leads. They try to kill games off. They've scored 62 goals already this season. It's their 31st matche as Ibrahimovic comes inside. Foul by Morel on Matuidi.,annoyance,0.0789
"It's been so easy. Luiz, in trying to rectify it, has actually come forward to act as an extra attacking option now.",relief,0.2201
"Same again, those five Chelsea targets bunching together around the penalty spot.",desire,0.0769
"The climax of what's been a fascinating season, both at the top and bottom of the Barclays Premier League in Europe as well. Lots of twists and turns.",curiosity,0.2982
"Firmino with the challenge on Navas, which is a foul.",disapproval,0.085
"Still, no Vincent Kompany back there. As ClichY gets forward on the Left hand side. HERE'S Fernando. Navas. Can they dig out an effective cross.",disappointment,0.0887
It's brilliant. Suarez has got another Manchester City totally under. Luis Suarez has struck twice in the opening half an hour and already this Champions League tie is drifting beyond the home team.,excitement,0.1197
Coentrao. Ronaldo in the middle. Varane steps forward.,approval,0.0795
"And Fabian Delph will take his place in the midfield, yet to start a game for Manchester City, the England. Internationally. He's had a torrid time with injuries.",approval,0.0919
Matip Coutinho loses out. Pogba,disappointment,0.1353
"He might not have been, but he looks outside from the header down from Oscar. Not sure the assistant referee's in line maybe he was. We'll see here. But again, a bit more direct. Just maybe.",curiosity,0.1589
"Just missed the ball intensity, the occasion. Everybody's getting tighter a lot quicker.",annoyance,0.1116
"And when you pay, was it £50 million for centre back. You expect a little bit more than that.",confusion,0.1124
There has never been in the Champions League time. The game that's had no goals from.,disappointment,0.0901
"Origi runs into Zabaleta, but he's got the power to carry on going here. Milner leaves it for Can.",excitement,0.1339
"It's Dybala looks like he will be fit to come back reminder about the Europa League action tomorrow on BT Sport at 5:30, Qarabag against Spurs on BT Sport Europe. 730 Celtic who need the points against Ajax BT Sport 2HD for you, and at 8:00 o'clock Liverpool's game against Bordeaux on BT Sport Europe.",caring,0.0823
A lot of talk here. As to who the Bayern coach Pep Guardiola is going to be facing in the semifinals. It could be Barcelona.,curiosity,0.1579
"Bang below the knee, it seems. Emre Can. Now Josh Allen. Marcello out of the game. Bit of extra room for. Report to try and.",annoyance,0.0738
Good contest between those two players this evening.,excitement,0.1349
They were 4:2 up here against Tottenham in early Harry Redknapp game that finished four all. They lost the lead down.,disappointment,0.1375
"Although this one does look like a foul from the Vertonghen because of the pace of Mane he is scared, he pulls him down.",nervousness,0.2283
Antonelli there showing the better early form. Just sleeping there.,relief,0.0897
"Ronaldo just pinches the ball away from him, clearly split with his side to try and slide in and win it against Ronaldo. That's normally.",excitement,0.1077
"Combines with Chicharito, has been almost 5 minutes since Krychowiak was taken off the pitch. Marcelo Find Isco. Ronaldo! Gets it.",excitement,0.1034
James Milner is recovering from a knee injury to play towards Dzeko and he's reached it Dzeko vollellying against Piqué report holder one beautifully with his left foot here against Newcastle on Saturday. He's clapping for the ball because it was the right ball. He's just under hit slightly from Milner but got a lucky bounce and got his shot away. That's what we gotta do. Get any spacing midfield. Just knock the ball over the top for Aguero and Dzeko.,excitement,0.1218
"Verratti turning into trouble. But it's an intense at the moment, but the final ball lacking, as we saw there with Florian Thauvin",disappointment,0.1499
"Confusing each other, but not at the cost of losing the ball. Mane again.",confusion,0.1989
But Atletico managed just one. Not through.,disappointment,0.2009
"It was a big day in L Liga, of course. Gary Nevilles Valencia plays Celta from 5 Sky Sports 3.",excitement,0.2292
And the way Pep Guardiola has approached the game.,curiosity,0.0894
Bale with the high foot. It'll be a free kick in favour of Sevilla.,excitement,0.084
Only managed three points from 3 draws in their eight games against the other members of the top 6.,realization,0.0887
It is an outrageously good performance this from Bayern Munich you are absolutely bossing this but have been outrageously good all season. He only lost their bad. Was that one of the Emirates? Unbeaten in the Bundesliga.,excitement,0.1319
"Coutinho thought of that but first for the first time for a long time, having every outfield player in Liverpool territory. Deep ball finding Kane.",realization,0.1033
Just pulls him back and Neymar makes the most of it. There is a slight contact putt there. It was enough.,caring,0.1134
"And since 2008 and 2009, when they've been trained half time in Serie A. They've never come back to win again.",disappointment,0.1304
Highballing Bonaventura gets his head to it.  A foul there. [inaudible] He will have a yellow card for his.,excitement,0.167
Become a national debate burnt out because he started so young or temporary dip caused by his role for club and country being chopped and changed. Make up your own mind. Could be 31 next Monday.,disappointment,0.1797
That's another good stop for Oblak gets down quickly to his left. And he said that.,nervousness,0.0721
Goes on for Rashford to chase. He's kept it in. Trying to. go past Mangala Who is on a booking.,excitement,0.1422
"There was a feeling before the game, Gary, that Guardiola's team has switched off a little bit. They were very disappointed in the German Cup semifinal, but the league's already done and dusted. Can he flick a switch and get back to a big game? Whereas Barcelona's big game after big game after big game, isn't it? Because they're still pursuing the league title. That's the challengem for Bayern Munich",disappointment,0.1947
Pogba. Into the French international again. Looking for Ibrahimovic. What a ball! What a ball! What a chance! Really got the header wrong.,excitement,0.2371
"Firmino, Wijnaldum in an advanced position.",pride,0.0834
"But I think, Conte said, look, let's not concede early in this game, it's gonna be played in spells, Chelsea will come out at the right time.",optimism,0.1073
The benefit of his idea of something that he spotted here.,curiosity,0.1017
Kompany challenged unfairly this time by Lallana.,anger,0.0984
"But I think the one thing we do agree on, Glenn, is the fact that they got left footer now on the left side of the defence, haven't they? Yeah. I mean Costa would be happy with that if they can get in positions to whip crosses in. Their defence is going to be tested again because here's Bellerin. It was Ivanovic who got across to put it behind for the corner. Of course it's interesting now that they're changing system in the middle of a match against a rampant Arsenal team. It's not the easiest thing to do, you know. To change it 3-0 down against the side.",curiosity,0.1861
"The German manager, feeling that he wanted to shake things up a little bit tonight, give one or two other players an opportunity after the 120 minutes at Wembley at the weekend. Here is Zabaleta and Navas. Liverpool had plenty around the ball.",desire,0.155
Wing wizardry from him either side. But good patient defending from Monreal played so well at the Emirates.,caring,0.095
They have revved up and produced a performance since the right Manchester City. Neymar. Adriano.,excitement,0.2286
Step inside. It's been a good performance from Reyes and he's got a good ball in there. Iborra drills it in. Vidal can't get their. Isco gets there just ahead of him.,excitement,0.0883
This is the right back Bacary Sagna.,curiosity,0.0962
Daniel Sturridge knows all about this place.,realization,0.1453
Otamendi. Now Clichy Sterling.,realization,0.1186
Ronaldo scorer of a hattrick. Iborra and Bacca with a penalty. For the home team.,realization,0.0888
"Influential moment for him, laying the ball out Bonaventura.",pride,0.1218
"Well, this virtually never happened at the Emirates. No pressure on the ball.",neutral,0.0826
It's a great run by Rashford. It's a corner for Manchester United.,excitement,0.1451
"Dja Djédjé. Thauvinr looking for Dja Djédjé again, but Thauvin's selection of.",confusion,0.1023
"Against Suarez, Neymar and Messi, everyone else will be thinking how do we double up? How do we protect? How do we screen? Not him, of course. They had all sorts of problems in their away game in the quarterfinal and lost three, one to Porto.",confusion,0.1938
"Last minute of the first half, another misplaced Manchester City pass . We're hearing that no additional time at the end of this first half and he's got to be the happier of the two coaches at the moment. Massimiliano Allegri. Manuel Pellegrini he has seen his side creates a couple of chances.",disappointment,0.094
"Jordi Alba. A little high for Messi, but Dani Alves the other four backs up.",excitement,0.1588
In that central striking position and get Coutinho back on that left hand side.Thta's been Coutinho's best this season.,approval,0.0958
Spoke of the hidden dangers of this fixture. Thankfully. Conduct themselves.,relief,0.2587
"There were one nil down, one man down in this fixture last season and still took the three points so.",curiosity,0.0817
"So Pepe shouldn't be inconvenienced by that. Unless, of course he gets another yellow in this game.",annoyance,0.1038
Here's Sadio Mane blocked off by Fellaini.,sadness,0.1322
The ball hit Benjamin Mendy. It fell kindly for Marquinhos and he made no mistake.,gratitude,0.1307
"It's almost as if he's had to go behind himself. We just talked about Sirigu hands not being strong at the end, but ter Stegen are.",confusion,0.1106
"Antonio Conte came here, of course, with a great record of unbeaten home games, home games for one, for Juventus. Already won two out of two. In the Premier League. Very much under threat here.",excitement,0.1123
"Cristiano Ronaldo, by the way, back in front in the race for Pichichi Trophy for top scorer, overtakes Messi again with now 41 goals. Sergio Ramos blocking Mbia there.",excitement,0.1238
Looks like Messi is going to get his chance to get a goal.,excitement,0.1158
The main man he always is. When he's fit and available for Manchester City. It's a big night for Wilfried Bony. The first time he started in the Champions League for Manchester City. Fernandinho is caught there by Sturaro.,excitement,0.1328
Clyne needs to get back. [commentor] [commentor] And it's not from the first bit was really good. He held the ball. Everything that you'd want the centre forward to do. Not show too much of it.,desire,0.0959
Nice to see two players in a good tackle and then. Quick shake it ends after. Don't mind that at all.,relief,0.1181
Lucas. Markovic.,realization,0.0738
"Racing because of a very below par first half. Hazard has gone through the middle with Costa, Pedro left Moses right, Fabrgas in midfield. Here's Lallana.",disappointment,0.0803
"Ibrahimovic with that amount of space in the box is not acceptable. Matuidi just lays it off first time from Lucas's past, which caused him a p[commentor]Rob[commentor]lem, controls it left foot, not good defender for me, that's correct.",disappointment,0.1171
Trying to out fox Diego Lopez in the Milan goal.,excitement,0.1088
"Possibilities of a counterattack here, led by the indefatigable Muller, Lewandowski who likes to shoot from distance.",excitement,0.1824
World Cup winner Tony Cross Marcello.,realization,0.0969
Tiago having a look and his number was up.,curiosity,0.2195
"This terrific recovery by Gerard Piqué because but for his intervention, City would surely have scored well. He knew it as well and that's why he flung himself last ditch. He knows he's just gotta cover that near post area. And there he does. Misses the ball. It's a goal. Really good defending from Piqué.  David Silva not picked up. James Milner.",caring,0.1113
"By Barcelona in the end, last season 5, three on aggregate. They won the game here, but they were already 3 down from the first leg. Costa comes inside again. Here's Levandofsky.",approval,0.0819
" Another goal in Porto it is 3:1 Porto. Over Bayern Munich. Jackson Martinez, with the third. Another defensive mistake by Bayern, costing them dear 3:1 to the home side.",approval,0.0859
"City's final preparations could hardly have gone better. Two games in the last two weeks, two wins. Nine goals.",desire,0.0934
They both had spells when they've been pretty much in a league of their own. Liverpool dominating the 70s and the 80s. United bossing the next two decades. There is. a wider competition.,approval,0.1058
Eriksen's now able to bring it away and lead the counterattack after Lallana lost possession.,realization,0.0974
Didn't get anywhere near the ball. Really. No.,disappointment,0.3024
It's the Swede's 100th goal.,excitement,0.1649
City have come from behind couple of times already in this group to prevail. Can they do that again? Demichelis.,curiosity,0.1293
Arda Turan. Is he like leading in the aggression stakes for Athletico at the moment?,curiosity,0.2453
"And this will be some story. If Steven Gerrard can inspire Liverpool to get back into this game, he brings, of course past experience. Raheem Sterling, while he brings that direct running and pace on the counter attack. Maybe that's what Brendan Rodgers is thinking now. Charging down by. Sterling.",excitement,0.1297
Here's Pogba he's made things look pretty easy so far in the centre of that Juventus midfield.,optimism,0.1008
"For me, Milan needs to push the  midfield players up.",realization,0.0965
"Star signing from last summer. David Luiz. Well, he knows it's over.",realization,0.1173
"Thank you for hitting the nail on the head there, he seemed to. Play much better.",gratitude,0.3315
You think he's going to go with his left hand and all of a sudden his right hand appears above his head. It was a good save.,surprise,0.2144
Otamendi challenging Firmino. Argentina against Brazil,anger,0.1276
"Confusing each other, but not at the cost of losing the ball. Mane again.",confusion,0.1989
Clichy got on a little run before he ran past Messi. Unless he looked at him as if to say I'm not coming back with you. Off you go. Just stood in the space that messed up that Clichy vacated.,anger,0.1022
With their last nine games in 90 minutes.,realization,0.0952
Throw forwards Pogba Moved forward with the ball at his feet. Sturridge In the 1st 45 minutes. Moment was snatched from him. Valencia.,excitement,0.1106
[commentor]That's what being a fan is all about. No game without some pain. Klavan Into. Wijnaldum Firmino.,realization,0.0865
Find a way to get Cazorla in the game. Such a great football player. Mesut Özil.,admiration,0.1013
"In the central position, so not finding the target. Yeah, a little mistake there from Atletico. He's dragging his shot.",disappointment,0.2083
David Luiz taking on himself gives it to. Ivanovic.,approval,0.075
"I think it's for certain if they do get a goal back, Liverpool can",realization,0.1337
"The three games here that Atletico played this season, one one in the Spanish Super Cup.",approval,0.1146
"Champions League new experience, of course. For him, he's moved from Southampton. Borini. Now, Lucas.",excitement,0.1298
"Of course, he was part of the side that won here with Manchester United. Last season.",realization,0.1279
"In goes the corner with the Kompany forward and a little bit of pushing and shoving, spotted by the referee.",excitement,0.1408
Another view of that Luis Suarez goal. Shake the head from Maxwell and.,curiosity,0.0785
"Messi, Ohh Rafinha",confusion,0.114
"They've got to be planning for that challenge, till that's over.",nervousness,0.0699
Long time since has never scored a Premier League goal. It was against Cardiff that can tell you that in itself.,disappointment,0.0875
Suarez. Mathieu. Mascherano.,realization,0.0821
Clyne supporting here from left back and Fernandinho in there to shut the door for Manchester City.,excitement,0.0941
He sells himself. Here's Daniel Alves. He's in great stop by Neuer again. It was brilliant play. All round.,excitement,0.1492
"Silva passing the ball and responsibility to Sterling back to Silva again over Toure. Jesus Navas!. Well, David De Gea might not have seen that too late because Rojo was masking his view but he kept it out. Yeah, as he so often does. Nothing wrong with the strike on that occasion for Navas. A bit of swerve on it as well. Very difficult for the keeper.",caring,0.098
Been a busy time for the medical men.,annoyance,0.1134
The last minute Menez has been able to pick the ball and run with it.,caring,0.1024
PSG have lost David Luiz to injury. In the first half of this game.,curiosity,0.061
A different complexion for the game and suddenly now Chelsea might be one touch away from equalising.,surprise,0.2652
"This time, though, Marseille come away with the ball, they're struggling to to create any danger, though was Monday's clearance.",curiosity,0.0875
"Not sure who would play right wing back then, but.",confusion,0.2211
"[commentor] Well, we saw glimpses of it from Liverpool last season and we when they won the six one at Southampton in the League Cup.",curiosity,0.1087
We were thinking there might be some tweaking in midfield. We thought Thiago may play behind the front or on the left. He's actually playing on the right and his Lahm and Alonso in central midfield.,curiosity,0.123
There is the running behind Arsenal. Sanchez. Is caught offside.,excitement,0.1394
"Henderson's ball towards Origi. It's quite blustery here at Anfield tonight. We have seen on occasions that the ball moving around a little bit stranger than normal. It is affecting the game at the moment, but that's where you gotta get it down and be bold and pass it on the deck. But both teams are little bit wasteful in their passing, particularly City. They've gotta get a base to their game. They haven't really started yet. Here's Milner Now Lallana",annoyance,0.0893
Constant dialogue going on with the bench.,caring,0.1375
He hasn't had too much to do. Eric Bailly really. Come out all the way with Sturridge here and. Left one on him. Not sue that's the the end goal of the challenge from behind. Here it is.,caring,0.0682
"Ibrahimovic looking very sharp indeed here. Going down as well, Morel. Doesn't get a touch on the ball.",disappointment,0.2002
"And the chance for counterattack is lost and Sevilla pick up once more and watch out for Jose Antonio Reyes today because he's really come into form towards the end of the season, scored in midweek and he's a fantastic player on his day full of exquisite touches.",excitement,0.0746
Is over there for Juventus two players who know each other very well from the Premier League and the French international setup.,caring,0.0905
The slow start rather imposed on them by the Manchester United game plan.,annoyance,0.0944
Queue is a long one and admiration of his services of course.,admiration,0.4388
It's been  A lot of huff and puff. Not too much end product since PSG went into the lead on 51 minutes. They've had one half chance really for Gignac that he fired over. Nothing else.,annoyance,0.1249
Rodríguez . Isco.,realization,0.0832
"It was lovely play again from Arsenal, wasn't it? Quick, decisive, one-two touch play you can't defend against it, but I think it's the correct decision. Yellow card. Luiz was around him. Here's Coquelin",excitement,0.1128
Sanchez. This is Rob Holding.,realization,0.0629
"Just reacted a little bit as well, Alli, for a moment. I was watching the referee, didn't see it. He's shaking his head as if it wasn't a foul. He didn't see it. He was ball watching. Saw that one. He will have a word with Firmino.",confusion,0.1635
Brought Fernandino in alongside Mangala. Not exactly what you call the first choice central defenders. For Manchester City,disappointment,0.1113
They have carved PSG apart.,realization,0.0782
What a sobering moment for the Marseille supporters.,relief,0.4465
Gignac being sacrificed and wasting no time in going off the pitch. He's.,disappointment,0.0793
"8 minutes plus stoppage time. Jesus Navas, testing out that cramped up leg for Darmian.",curiosity,0.0922
"The referee has blown his whistle. I don't know who he's given the decision to, because for me there both players have jumped.",confusion,0.198
Kicking the ball would come in from Moreno's good left foot. That can't be the problem. You're doing so much.,excitement,0.1171
"So also on the agenda in Europe this week, we've got the Europa League Hapoel Beer- Sheva on Thursday. They've got Southampton. It's 5:30 that one starts BT Sport 3 straight after it. Manchester United against the Ukrainian Cup with Zoria. That's at 7:30 on BT Sport 2, plus 4K UHD.",excitement,0.1096
"wanting time that he didn't have. It's a few times that's happened for Bayern Munich players, thinking that when they win the ball back, the reaction won't be there for Barcelona, but it obviously always is. This time Suarez robbing him.",desire,0.156
"And of course, it's a real setback, isn't it? For Manchester City and Manuel Pellegrini.",disappointment,0.1161
Alba. Let's them get on ball Paris Saunt Germain since the goal to build a little bit more pressure.,excitement,0.1106
"Things are right behind them. [commentor] He owes a great debt of gratitude to Alex Oxlade Chamberlain, who scored so quickly to turn the 4:1 into 4:2. [commentor] Yeah, I think he had been some space between that fourth Liverpool goal. Would have been a bit uncomfortable and awkward.",gratitude,0.228
"Moves back, Holding and Chambers move up.",caring,0.0729
"Michael Oliver, just given the talking to. They are 3-0 down, I think he was fortunate.",surprise,0.0676
"But it's got to be worrying for Ancelotti. That was an absolute nightmare for Pepe, didn't know whether to go for Reyes, go to Bacca, who was making the run. Randy was caught in the middle and luckily saved by linesman's flag.",nervousness,0.2247
Depending on who your television provider was. War in Italy. Like to. Sort of shadow out.,confusion,0.1087
"He's going to be so keen to get a goal today after, as you said, seeing Messi score earlier on today and with his inability to score a midweek at the Bernabeu and getting some whistles as well from the fans. Ancelloti and I have to agree with him, I think saying he doesn't understand how the Bernabeu could be whistling someone who's given so much to the club. Ronaldo or Casillas. I mean, these are players who've.",excitement,0.1024
Marquinhos and Thiago Silva at the heart of the defence tonight with David Silva kept on the bench.,caring,0.0884
Here's Matic. Hazard. Diego Costa.,embarrassment,0.0704
Hoping they get sort of way Marchisio picks it up. They missed him when he was out injured earlier on in the season. Marchisio he was voted in the European team of the Year for the Champions League last year.,optimism,0.1063
"I want them to be a bit more positive going forward. I really do. Chelsea. I think they're so negative at this moment in time. You see that free kick there from Ivanovic went to Cahill, Cahill's given him back, he gives it back to Cahill who ends up going back to the goalkeeper who just clears his lines. They look as if they haven't got a plan of how to move forward with the ball as a team.",desire,0.1791
"Silva combining here with Fernandinho and now Raheem Sterling up towards Wilfried Bony, now David Silva getting a chance to shoot. Chiellini on him quick as a flash Manchester City corner.",excitement,0.1397
Get across there was Wijnaldum,realization,0.1418
Sanchez. Letting him inside.,desire,0.0888
"Benzema around the right ankle. Oh yeah, they look like more of an impact injury than A twist, but he's he's worked hard as a Centre forward mentioned in the first half. How hard Centre forward. Tough to work. He certainly does. That bends him. And when you do that, when you defend from the front, he bounce to pick up a few knocks.",curiosity,0.0928
Batra drifting inside. They must feel he's not a great threat. Iniesta. Pedro. Steals a yard. Easy to spot ahead of David Luiz.,confusion,0.0826
Neymar. It's Rakitic who's made the run through the centre.,excitement,0.1144
"They gotta come from behind here, but from two behind. We build that momentum up City in this second half. We gotta make sure that Barcelona don't get their passing again going, so they gotta stay tight on the man's gaze the man on the ball.",excitement,0.126
"Get the warning. It's Herrera's foul, but he might have said something or knock the ball away.",realization,0.0718
"This is a good substitute. A good Ivan Rakitic is a great substitute to bring on at this stage of the game. And he's proving to be an absolute bargain isn't he, for €18 million. Iven Rakitic, the Croatian international. Quality player.",approval,0.1058
Henderson. Clyne,approval,0.0731
"Here's Iwobi. He's made some lovely runs hasn't he, in this first half? So easy,Fletch. Walcott with a better touch would have had an option in the right in Ozil and through the middle with Bellerin. And Xhaka's won it from Costa.",excitement,0.0985
With the speed to get back to make the tackle. Zabaleta's had a stop-start season this season with the. Knee problems.,desire,0.1079
"Looking to start off with the injuries and then obviously form, but Aguero's gonna have a bit of company now.",caring,0.1006
That's a big call. A big call because. It look like a good shout for handball.,excitement,0.1147
"Too easy for Barcelona to pass the ball, but also you should be mark tired from throwing just five yards off every single player on the pitch, just chasing chasing shadows at the moment.",confusion,0.096
"Zabaleta to Fernando. Ball giving away by Clichy, although they'll get the free kick here for that little nudge by Lallana on the Fernandinho. That was pretty much unnecessary, Michael, because Liverpool would have got the ball back anyway. It was Melanias was game management's gotta be better than he could see. The ball was running into his team, mate. He didn't need to make a foul at all and Liverpool would have picked up possession. But I'd like to see Man City push their full backs a little bit further in the second half. The renowned for their full backs helping with.",desire,0.1142
Plus two Marseille players making nuisances of themselves.,annoyance,0.2391
"And listen to this, they haven't had this in a long, long time against Chelsea, the Arsenal fans back to the days Wright and the boys. Here's Monreal",curiosity,0.0704
Silva to Clichy. David Silva. James Milner.,approval,0.0801
Absolutely incredible. It's incredible.,excitement,0.2644
"Arsenal's form is good, they've got one defeat in their last 15 league matches. They're bidding to win four league games on the trot for the first time since last October. Chelsea haven't lost here for almost six years and Cesc Fabregas scored for Arsenal that day and Petr Cech was in goal at the other end for Chelsea.",desire,0.1035
"Could do with Dinamo Zagreb. Winning that really is, even if they lost that, they wouldn't be exactly dead. Arsenal, where this group is set up at the moment as it is, they've got more defending to do here. There might be quite a lot of it tonight.",excitement,0.0957
I think Rose is going to be spoken to here. His second poor challenge in the space of 20 seconds or so. Jurgen Klopp,disappointment,0.1874
And here's Aguero just running away from Blind.,confusion,0.0822
Hopefully nothing more dangerous than that. Corner will finally. Be taken. Cleared by Ocampos. Thiago Silva finds Matuidi.,nervousness,0.0878
"From Iniesta to Mascherano was broken from his defensive position and Mathieu joins in the full force of Barcelona here. Neymar teases it, cleared by Maxwell. There's a mismatch.",confusion,0.116
"Mario Mandzukic with the goal he scored at Manchester City, he scored here in Turin agaist Mancherster City again.",excitement,0.098
They are being caught up and opened up.,confusion,0.2531
Sergio Ramos coming back in after missing out the last game.,approval,0.0782
Coutinho able to bring it away. Lallana towards Mant and Vorm again having to race off his line. There's even less margin for error at that time because it was outside of the penalty area.,excitement,0.0745
"Of course, done and dusted in their domestic championship, unlike Barcelona, are still full on. In their duel with Real Madrid",desire,0.0938
The kind of player himself who had some problems like that. Remember he was the nemesis of David Beckham in [inaudible] all those years ago. Playing for Argentina against England.,disappointment,0.1128
Does enough to slightly unnerve.,nervousness,0.1601
"Five in the Champions League last season for Atletico Madrid, Mario Mandzukic 20 goals in all. He was the player that Athletico signed to replace Diego Costa when he went to to Chelsea.",approval,0.1046
And the more risk that Chelsea need to take.,realization,0.1371
It's the best bit of attacking football we've seen so far from Manuel Pellegrini's side. It's neatly done through to Firmino. Can to Clyne.,excitement,0.1069
"United thinking, they have to stop them. Very early in the league but they have had some impressive games.",realization,0.1219
Sevilla concede the throw in.,realization,0.0609
"Now Alli will break forward, let off for Tottenham.",excitement,0.1779
Joe Hart somehow helped it onto the crossbar. He's given a goal kick.,excitement,0.1056
They might be expecting a somewhat tentative game with 108th game.,curiosity,0.1202
The referee could hardly have been closer to rule against Lovren. It's stupid from Lovren.,confusion,0.131
"He's quick to apologise. Wasn't just the wrong option, it was a a poor attempt at the wrong option. Well, it always looks worse, I mean.",disappointment,0.1818
Jordi Alba. Iniesta Accelerating still. And Benatia,realization,0.0669
Firmino. Clichy there there for Manchester City.,approval,0.1056
"It has got the look of a bit of a fact finding mission, hasn't it, for Conte for the last 20 minutes of the match? Definitely Fletcher.",realization,0.1718
"Now some space for Tottenham, to worked with potentially. Kane.",realization,0.0929
Which was maybe not an interest in his financial future. Who knows. Here is Iniesta. Pedro.,confusion,0.1198
"Well, he needs double cover there for protection, Mathieu, because he's already shown two or three times he's too quick for him. And I think Neymar could have done a wee bit more to get back and help him.",nervousness,0.0796
Coentrao. Pepe.,approval,0.0741
"Real Madrid gifted the ball. Chicharito inside the area, looking for Cristiano Ronaldo and Bale is there. Aleix Vidal Steps inside Marcelo.",excitement,0.1175
It's always fun to come over to his left hand side. Is it right back at one point.,amusement,0.2521
First Empoli player to go into the book. He joins Rami and Antonelli of Milan.,curiosity,0.1021
PSG produce a champion's reaction.,excitement,0.1506
Now Lucas.  Ibrahimović can't get there. Mascherano Can. Oh dear. One in the face.,disappointment,0.187
Liverpool have won four of their last eight here.,realization,0.1326
"For the positivity and the mentality, just to do this here.",optimism,0.2406
Good movement from Javier Hernandez to get across his man. Only got 2 plays at the sight of that.,excitement,0.1343
good tackle Marco Verratti and then sliding in rather dangerously was Andre Ayew.,excitement,0.1655
"Lahm very much cast as the midfield man these days, after all those years as a fullback.",approval,0.0852
"It was a good tackle initially by Marco Veratti to slide in on the edge of box as Messi. He was just about to pull the trigger, and here he comes now. There he is. Verratti just gets a to it and because it's a back pass and it's touched and the goalkeeper gets into trouble Sirigu. He gives it away on the edge of the box and then this is a shot from Suarez. It's deflected for the corner.",excitement,0.1109
Arsenal struggling at the moment. Henderson.,disappointment,0.1511
High pressure before was one very high. I played in Levandoski again and this time Cech is able to grab it quite easily. But Arsenal.,excitement,0.1052
"Raúl García is definitely. In midfield, just leaving Mandžukić, try and keep Madrid occupied. Ronaldo. Interesting one that.",curiosity,0.3165
Matip. Would have been.,realization,0.0852
Lemina. Lemina's shot is not a good effort and it just allows PSG.,disappointment,0.117
"Firmino with the challenge on Navas, which is a foul.",disapproval,0.085
"Manchester United, Resistance to be broken. Out by Fellaini Only as far as Henderson. Forced into reverse.",disappointment,0.1248
Long ball from Thiago Silva. Spotting the run of.,excitement,0.1202
He's behind. Back in Barcelona. And here comes.,realization,0.0882
Is they love to see this Liverpool team going dispossessed.,desire,0.1619
Milner. Fernando. Adriano beating Sanga to it.,excitement,0.091
"He tries to put that pass through to Messi, who's made a little run. Fantastic from Neymar Standing Ovation for it Iniesta. Neymar again. Suarez, Busquets.",excitement,0.2063
Kompany got to the ball. Maybe Messi just stuck on it. It's a little while. The challenge to Rakitic on Kompany.,annoyance,0.0861
There is also the possibility that they score.  Great challenge there from Reyes,curiosity,0.1749
Liverpool ripping Arsenal to shreds here.,embarrassment,0.1152
Won back well by Gerard Pique. And now Messi releases Neymar. Here's Montoya.,excitement,0.0854
"In front of Sterling and in actual fact, the last touch came off for Raheem Sterling.",realization,0.0925
"Trailed but for the opening seconds, it was the most amount of possession the losing side has had in the Premier League match since records began.",curiosity,0.0964
"If he can carry on performing like this, the rest of the season, then.",caring,0.085
"Good stuff from City. Yeah, this is the second chance.",approval,0.1298
"Scoring spree at the moment, he scored twelve goals in his last seven matches. Suarez was taken down and had a heavy landing there.",excitement,0.1319
Neymar Almost ran back to Neymar from a Bayern boot They've blocked off the avenues of approach. The suggestion is it's going to be. How does it keep doing that?,curiosity,0.1782
The ball pinged in! and Bale almost got there.,excitement,0.2884
Arsenal more into their style than Liverpool thus far. Elneny,admiration,0.1189
Roberto Firmino. Lallana,approval,0.084
"Much like when he came in for Casillas at the Bernabeu against Elche, he really didn't have a chance to show his stuff.",disappointment,0.2235
Certainly made good strides since Liverpool. Took him home.,excitement,0.1019
"Said in the week leading up to the match, Arsene Wenger that they got to be cold blooded in this match. Arsenal and the finishing in the first half would indicate that they'd heeded the advice from the manager.",desire,0.1067
"Looking at their side wasting possession when they do get it. Liverpool can more clinical, they have been for the majority of the game so far. Mane Clyne again.",annoyance,0.0994
They were quite ambitious in the home game and.,excitement,0.2046
"[commentor] I just say one thing, Gary, welcome back to Premier League. Thanks Jamie. [commentor] We saw a few goals going [inaudible] as well. Wouldn't mind that.",gratitude,0.3027
"Lionel Messi extends his lead as Champions League top goalscorer, 75 goals now [commentor]Rob[commentor], one off the European record. Messi does what he does best.",desire,0.094
"Now he concedes the foul. Don't need to kick the ball away and take the yellow. Just get back in the box, do your job.",caring,0.1267
He's just try to reach around the side of David Silva. Jesse Lingard to get a touch on the ball.,caring,0.1005
The latest to sit in the hot seat at Southampton.,excitement,0.1201
"But dealt with by Clichy, and then Milner against his old club battling for it.",anger,0.1203
"Nice touch by. And the James Rodríguez, really dealt with efficiently by. Sergio Ramos and his new role tonight. That's better this time. Carvajal driving on. Ronaldo. Trying to.",caring,0.1202
"Demoralising for Liverpool to lose this game, I'm sorry, draw this game. Sorry, I'll drop points. They've been the better team. Ivanovic For Fabregas Hazard looking up for Moses Costa.",disappointment,0.2564
"Yes, that's a bit of an issue here at the moment, so playing the same team time and time again, the suggestion is that this presidential pressure on Ancelotti to do that.",confusion,0.1545
"The better of Maaten Stekelenburg, which is something that Manchester City couldn't do of course",curiosity,0.0728
"With the Joe Harts a little bit blinded by someone, I don't think so. I think that's a big mistake in his near post. I think Joe Hart's gotta get closer to that; gets nowhere near it in fact. It's a lovely little ball from Milner into Lallana's feet to start the ball off. And even he's surprised.",confusion,0.1159
Busquets running the ball from nursery Nasri. Messi.,confusion,0.1423
[commentor]Ramsey got another clattering as the ball rolled loose. Lallana back.,excitement,0.1609
"Really it'ss out of character, Darren for these two clubs not to be involved in Europe. They weren't there to play on this particular evening. It's to our benefit if they can.",disapproval,0.1616
"The chance to convert the penalty. 29 minutes gone and it's Mignolet as he did famous down his Liverpool debut, saves the penalty on opening day of the season. Big celebrations from Liverpool.",excitement,0.2059
And a chance to counterattack here with the Markovich but Veran. Is probably.,anger,0.0784
"Stuck his foot in just got it away from the defender. Piqué, I think he was. And then the finish was sublime.",excitement,0.1543
"Gone were the days when possession was 9/10 of the result, as they proved at Burnley last week. Liverpool had more than 80% of the ball.",desire,0.0908
"Into the final five minutes, plus stoppage time at the Emirates.",caring,0.1037
"And that's what he's got up his sleeve as well. He plays forward. Look at his eyes, looking forward for that break. I would have love to be that quick. You were",desire,0.1656
It's the best way to see it through. Of course for Liverpool here. They have the ball. Their lead is intact. Chelsea actually going to make two changes.,caring,0.0958
"And there's a free kick situation where you would think that Manchester City would just take the opportunity to get the ball into the box. It might not be particularly scientific, but.",curiosity,0.0992
Avail themselves here of the opportunity at least to work David De Gea. Not like that,desire,0.097
Bale frustrated there kicks the ball away.,annoyance,0.2172
 Here's Pogba he was trying to get Patrice Evra in.,desire,0.0986
It's very odd to see him get sent off in the day. He's one of the most genial guys in the game.,confusion,0.1687
" Is that Sergio? Yeah which is always going to warm up straight away Steve. So there is the indication. Yeah, no messing about.",excitement,0.2225
"Once he does collect, usually from that sort of distance. Ronaldo.",excitement,0.11
"He's always looking to go on the shoulder. Those two centre halves, isn't he? And I don't think really David Silva's had enough possession of the ball with his head up to find him at the moment. That's what City have got to do.",excitement,0.1013
Blind getting above Mane. Liverpool have scored in.,surprise,0.11
"I think it has to be to stop Coutinho and Lallana in the spaces they're in now, picking up the ball and able to turn. Clyne Forces the corner out of Azpilicueta.",excitement,0.0858
"In these parts, since making his move from. Athletico Madrid. Here's Aguero.",realization,0.0953
"Is tonight the pivotal night in the title race? All will be revealed in what remains in the season. Here's Fernando, Michael enjoyed the skill of Aguero. Now, Navas. Zabaleta, Iheanacho. An then away by Clyne.",excitement,0.1201
"Lahm Lahm,Schweinsteiger, Alonso all in their 30s, Gary. Thiago's around there, he's is a much younger man. Of course quicker legs, but talk about mentality you see from the kick off the way in which Schweinsteiger sprinted forward, Lewandowski did Muller did and it set the tone for his first three or four minutes.Pep Guadiola sending his men out quick. They're not gonna rest and sit back.",excitement,0.0846
"The attack maybe the best form of defence then, that's what Wijnaldum thinks. Firmino.",pride,0.0834
"Mane coming back, showing the defensive side of his game, which was crucial there, done that well couple of times, Mane, spotting danger. Not one side of his game that we thought was strong but proven me wrong today. He got back with some great positions.",caring,0.0863
Played in the Premier League this season against Southampton and not so successfully the way it Spurs where they were beaten 4-1.,disappointment,0.1823
"Henderson to Clyne, who as we suspected and as the Liverpool warm up indicated, is playing at left back tonight with John Flanagan on the right. That was something that you spotted early when they were going through their warm up routine. Yeah, they were warming up with Flanagan crossing balls from the right and pulling from the left. And I can only think that's for him to be up against Navas' pace or maybe Flanagan to really get tight on Sterling and give him a dig like he did in the first seconds.",curiosity,0.0965
"Barcelona, proving that when you're out of shape, that's when they will cut through some risk for PSG to play in those areas.",realization,0.242
"Well, how this games gone on, it's just drifted out of it for me.",confusion,0.1364
"Lallana, Milner have a pass on and Martin Atkinson a bit of a problem for Coutinho, won't stop him playing it back to Milner.",annoyance,0.0894
"Aguero went for the ball, but in a dangerous manner, Alan, did you think? Well, he's gone for the bouncing ball and it's one of those classic ones where, like you are trying to clear his kick the bottom of his boot. I think he's kicked into his studs. I know in Europe. it would always be awarded a foul.",excitement,0.1397
"That's exactly what they did at the Etihad in November, wasn't it? The recipe for the 4-1 win, then history in danger of repeating itself here at Anfield tonight. Here's Firmino who's was just offside was another sweeping Liverpool move though, wasn't it this time down the left involving Nathaniel Clyne. Yeah, another great example of the way Manchester City like to defend as well. They keep that out of the box as a line and you see Firmino just gone a little bit too early. But that's the run to break that down, late midfield runs. But for me it was just not timed it right so far. Here's the ",curiosity,0.0802
Headed away by Pepe. Marcelo is gonna jump to clear it though. Vidal. Mbia!,excitement,0.1647
Hamstring problem that he suffered against Marseille is going to be tested to the full but Barcelona are bearing down and that spells bad news for PSG. It's Messi again.,disappointment,0.237
Rashford. Manchester United trying to reassert themselves here. Ander Herrera.,embarrassment,0.0981
"Liverpool had strength in numbers with the goal the game was very congested. Real Madrid played out of a really tight spot. Is the fact that Marcelo provided with the two full backs are below. And Marcelo can push on because they keep the ball so well. Real Madrid was Marcelo actually supplied the crossover. Getting some width as well in the game as tight as this is absolutely vital. Then the quality kicks in. Wonderful ball in for Marcello. Great bit of movement from Benzema, that's why it's one nil.",caring,0.0936
Cazorla to Iwobi. Arsenal finding lots and lots of space.,excitement,0.0835
"Busquets less than comfortable with that decision from Mark Clattenburg and David Luiz. Aiming for Pastore, all the better with the free kick. Alba. Busquets. Rakitic. There's Messi.",disappointment,0.1343
Fernandinho got his first Champions League goal for City in the away game against Sevilla. He's having to do his laces up now off the ball.,excitement,0.0869
"Reyes. Reyes, looking for Banega.",desire,0.2016
"You certainly got a good result as soon as possible, starting with this evening.",optimism,0.1354
Silly from Lamela. He's too close to him. Penalty. Good decision.,annoyance,0.1475
Milner's always a willing Lieutenant.,caring,0.1504
"Neymar helps you on his way one back though, by Fernando.",caring,0.1142
Into the last 10 in a match vitally important.,realization,0.19
Overcooked by Smalling. He's usually calm and dignified.,relief,0.1366
Martin Atkinson going to talk to the stand in Skipper tonight. He has to settle down. Get a good tackling. Get a good pass in. He's mistiming things.,confusion,0.1936
"Paletta swooping around behind. To Antonelli but just plays it high Destro. Excellent play, Jérémy Menez.",admiration,0.1277
Van der Wiel. Thiago Silva. Certainly the heartbeat of this.,excitement,0.2037
Yaya Touré. Samir Nasri.,approval,0.1114
That's. The game is really taken off in the last 10 minutes.,excitement,0.1126
And Bobby Madley would give them a final warning in that regard now.,realization,0.1283
"Joe Hart has enough spreads himself and gets that lovely big right arm in the air to block it. You see,Lichtsteiner and just try and get a little bit of lift on it. Good idea, wouldn't it? Just comes off Joe Hart fortunately onto his arm. He made a remarkable recovery. Stephan Lichtsteiner had a minor heart operation back in September. Quickly back playing.",caring,0.1104
Meaning that the space isn't there for the Lallana or Firmino to operate in. You have to say Arsenal has done well with that. [inaudible] In these closing first half moments. Some just in Coutinho's range.,confusion,0.0692
"Backed by Tiago. Hardeen Uruguayan, who helped defy England, of course in Brazil. Far short of a year ago now.",desire,0.0807
"They had that mean start of the season, didn't they? 9 clean sheets in 10 games before the Real Madrid match.",curiosity,0.1064
Aguero around the corner. Not quite for De Bruyne. He was left out in the last Champions League game against Sevilla away.,disappointment,0.1732
It is 895 days since he last scored in the Champions League.,realization,0.0855
"He was very close again, that was less so than the one late in the first half.",curiosity,0.0719
"You back talking, looking after them, play up top. We're better with that.",pride,0.1074
Played a bit of hopeful. Account for handball.,optimism,0.4719
Come on and just change the game in terms of his ball carrying skills.,curiosity,0.1052
"They're out of sorts Liverpool, whether it's nerves or Manchester United's approach.",nervousness,0.1834
Have you gotten out no centre forwards on the bench and the answer is cool. Aguero. So 90% fit or not?,curiosity,0.1724
"Barcelona are going to counter with a change of their own. You know, Jerry not quite keen to see Racket. She introduced. Well, your wish is going to be granted in a few moments by Luis Enrique. Energy Player, Rob boxed the box. That's what you want.",desire,0.1109
And they won't be able to do anything like that either.,disappointment,0.1883
"7:30 Sky Sports One Wednesday, October the 26th date for your diary for both of those FL tyres. Here's Ander Herrera. He's",caring,0.102
 Barcelona are setting the early pace so slightly delayed start. Paris Saint German now. Suarez to Pedro.,desire,0.0765
The shots from Gignac was on target. The arm from Marquinhos was relatively close to his body.,caring,0.0968
"They have the ongues wagging of the medics. They are now many in. top class, professional football.",excitement,0.1499
"Now Kolarov. Kolarov is gonna hit one straight at Hernanes, who was stood in a position to block now, Aguero.",anger,0.2445
Another offside decision against Sevilla. Kroos just Pegged there and enough to.,disappointment,0.1355
"Feel like before the game. Speaking to Arsenal fans like they were on the edge and they needed to win today, which seems crazy. [commentor] Remember the last game between those two finished three all at Anfield. Klavan.",confusion,0.1777
From previous corner Yaya Toure had just hung out at the far post. Michael Carrick on the one side to mark him.,excitement,0.1022
Evra's ball up towards Dybala. Otamendi's header. Here's Aleksandar Kolarov. Kevin De Bruyne.,excitement,0.0996
Lalana. Now Can supplied a square ball that was cut out and.,caring,0.0864
"This Cuadrado is a neat playoff, again by Mario Mandzukic.",excitement,0.1329
City going forward. Blind Martial,anger,0.1554
Both was giving the ball away at times some tired legs out there now.,annoyance,0.1111
A little tight in that corner from Manchester United come up with anything.,curiosity,0.1274
"This looked pretty good actually, which don't know whether he praised him too much because they've hardly been tested. Tottenham have been poor.",confusion,0.1262
"To Manchester City. No Yaya Toure tonight we're told he's got a slight knock on his foot, hence why he's not in the side. The man who scored the winning penalty in the shootout on Sunday.",disapproval,0.0884
Back to stop Rose scoring. I'm not sure why Clyne's going that far in.,confusion,0.2012
"PSg threatening here. Ibrahimovic, free header. He's put it over. Good cross this from Van der Wiel",anger,0.1295
The Big Sam's reign started with a win.,excitement,0.1519
"League Cup success at the weekend, but he kept a clean sheet in the four nil success against Bastia.",approval,0.0845
"You can't defend against that. i was thinking It's the right back there, Rafinha. He was at the winning side of Neymar to stop the give and goal. Pique is too strong for Lewandowski.",curiosity,0.0659
"They bought him, played him a fair bit, not always. And I got an offer for him that they thought was.",curiosity,0.0825
"The top four and of course the FA Cup as well. And they've got an awkward quarterfinal replay away to West Ham. Cross by. Lingard, who",curiosity,0.0828
Attacks. With Lucas plays it back in the picture in play as well.,anger,0.1381
Pastore with the legwork.,pride,0.112
"Otamendi doing his job well. Yeah, they are very deep. Now Manchester Cityare having lot of possession and having possession at the right part of the pitch as well.",caring,0.1048
"Touré, reflecting the confidence suddenly.",realization,0.1975
Couldn't get around Casillas,disappointment,0.121
Behind by Kroos.,excitement,0.0568
And we know that John Flanagan is equally comfortable at left back or right back. But interesting to see what Clyne looks like as a left back tonight against a top class opposition here in Manchester City.,curiosity,0.5189
"Still working, still wriggling, asking for handball.",confusion,0.1276
"Her right footed left back, Sir and sometimes. A bit awkward. Sergio Ramos.",nervousness,0.2063
It was either Can or Sturride. Wondered which one it would be.,curiosity,0.3079
Navas. To come in field.,excitement,0.1178
Arsenal has confidence all of a sudden has gone on the pitch and off the pitch around us. [commentor]Here they come again.,optimism,0.1483
"Yeah, just got caught under the ball. Really wasn't able to attack it. Take a run at it, Bony. Fernando. Now Mata. Lingard.",disappointment,0.1367
"Having said that, how coolly does the teenager take it?",curiosity,0.3187
"This time in the reverse fixture, Antonelli. Finished 2:2.",curiosity,0.0741
Get out of the press again. Really comfortably. Juventus. Lovely touch there from Mandžukić. Then he gets it back from Cuadrado.,relief,0.073
That might lead to an advantage for the second leg.,realization,0.1241
" Just got to think positive first half felt as if Barcelona three extra minutes only got one extra money, so it's it's a bonus.",optimism,0.281
Tottenham and Arsenal both losing tonight.,disappointment,0.3303
Mane. He's found it hard to be a real influence in the game.,disappointment,0.0994
Andrea Poli. Nigel de Jong. Final 10 minutes to the San Siro and he's pass has been intercepted. Can Rui keep it in? Filippo Inzaghi. Ménez.,excitement,0.0987
"There may be times when he has to come out of the team, Fletch, when he's not as consistent. And that's when the likes of Perez can come in, or Giroud or things like that. But while he's playing well, you have to give him his head and let him go and do these things. And he had a good game last week and he's had a good game this week. It's foul by Costa on Mustafi, I've got to say that both Laurent Koscielny and Shkodran Mustafi alongside him have really relished this physical battle with Diego Costa today. Yeah, I love it though. I love Costa. I really do. I think on this day.",admiration,0.0954
"Is deemed to be a weak point really by Round Madrid's opponents these days, outstanding goalkeeping. Outstanding man for the club. But they can see what Liverpool had in mind. Crowd him and put it into an area where he is.",confusion,0.0751
Perfectly timed challenge by Gerard Piqué. Dani Silva has been penalised.,curiosity,0.0746
Maxwell. Rolls it to Rakitic. Rakitic with Neymar have given him a call.,caring,0.0884
"I think I think Diego Costa was more frustrated with Michael Oliver, wasn't he? But you expect a little bit of.",anger,0.1375
The next weekend. There is Hector Bellerin.,realization,0.0736
"It was Boateng, Oh it was Lahm actually who made the challenge not sure what Alonso has been booked for, whether it was for saying something to the referee. It was a brilliant little bit of play that last 60 seconds so fast, so many players around the ball. It's like kids in the playground, yeah.",confusion,0.1447
"Forward now towards Aguero. Liverpool have got both centre backs here. Lovren the first to engage in a really important challenge by Flanagan, who tracked that run of Raheem Sterling superbly well.",caring,0.1038
It's probably as well for the referee that half time is approaching. Aguero's dander is up here and he's on the run and Blind is with him.,nervousness,0.0742
Nor a shot from Thiago. He sees the players at the back post. Muller and Lewandowski running in.,excitement,0.0773
He could easily have been a lot more goals than one in this match. That's a,realization,0.0994
Yeah. Brilliant. Brilliant play from Flanagan as you were saying. Sterling was.,approval,0.1211
"Nothing comes. Conte's having a really good look at this as well. He's thinking. Well, can we get back in this game? But I'm gonna go with what my heart says. Let's have a look and see if the three works. And straight away Arsenal finding it hard. There's options on the pitch for Chelsea. They're finding it hard to actually close them down.",curiosity,0.1182
"One man through the middle is Ashley Young. He took it down cleverly. Others arriving to the left if Young can put in a cross from the right towards Ibrahimovic, Goalkeeper's flapping.",curiosity,0.0902
"Sagna. Blind's header, well read by Aguero. Breaks for Silva and now Bony. Aguero.",curiosity,0.092
The goal was worthy of the fist pump.,desire,0.2596
"Chelsea are static. Ivanovic stood still. Kante, they're really not mobile.",confusion,0.0983
But he is confident at the moment Dimitri Payet. And Sirigu,pride,0.1693
"Well, Milan have to be careful here because. The 21 goals that Empoli scored in the league, nine of them have come.",realization,0.0828
I think it was Juan Mata that waved the leg. He caught him.,excitement,0.1382
"Barcelona, the breakthrough with 16 minutes play ball felt very, very kindly for him, but he made the most of his fortune and Manuel Pellegrini's team have got to come from behind again.",caring,0.0995
"Chiellini to Dybala just for a moment, it got wrong side of the City defence.",disappointment,0.1171
"From a city standpoint, they have to pick themselves up quickly with the games coming thick and fast.",realization,0.0988
"Easier said than done I understand that looks easy for me when you say close the ball down, press the ball, etcetera. At least try.",caring,0.1504
Vorm ever willing to sweep up coming outside his penalty area.,desire,0.1676
Hero as much as he is for the penalty saves in the Derby in Europe last season.,excitement,0.1191
Stewards and other security men around this stadium.,caring,0.1465
"There's a tackle, no penalty.",neutral,0.2341
"Just cannot keep the ball at all Arsenal moment. Now they can. You need to be able to keep the ball, get a little bit further forward that just so deep right now, Arsenal. Douglas Costa again.",caring,0.0791
"Chiellini, Bonucci. They will lap this up. These are very, very experienced professionals, as you rightly said before. They've been in tougher games than this.",caring,0.0995
"That is probably as bad a miss as I've seen this season from a man of that quality. Expect to be scoring that. Didn't get hold of it at all. Decent save from the keeper, but poor miss.",disappointment,0.2716
Needs to be changes both in terms I think of. Maybe the fitness of Iwobi.,realization,0.1126
"I know it's slightly behind him, but look at the power he's generated. He just needed to place it in the back of the net.",realization,0.1264
Is Sterling on the ball for the first time that firmly by Flanagan,realization,0.158
"There's probably 1. This is not. This is in their observation that he would know himself just to add that little, that final pass them more, more goals and you really have got a top player. But he's worked for the team, his intelligence, he's understanding, he's very good and his application.",confusion,0.1634
"And that was better pressing, wasn't it? Azpilicueta came out there really quick, read the situation, pressed really hard and they've won the ball back.",excitement,0.1532
"Regular defenders, who who seems to have started out as a centre forward. He loves getting up for going from the goals. I think he likes something slightly less defensive responsibility as well. And that's not the best of balls. It will be a goal kick in favour of Sevilla. ",desire,0.0819
"Not repeating if Manchester City were to claw their way back and get a draw and keep top spot in this group and stay in charge of that going into the the final day, you feel it would be important for them and a great bounce back from what happened to them against.",caring,0.0811
Yellow card shown to Alli for kicking the ball away.,disapproval,0.1276
Modric. Running into trouble. Really. No complaints from him that there was a foul despite there. Bellyaching from the rail fans.,nervousness,0.1459
"They must feel if they can get control possession, they will make more chances because City are gambling.",realization,0.1068
Real Madrid enjoy more of the possession so far.,pride,0.1347
 Maxwell. Backfoot into Pedro coming back into acting as the right side defender.,desire,0.0736
We've seen that from these two teams all night. The reaction to giving the ball away and then the ball back has been absolutely brilliant. Was it one of them taking a rest Iniesta Another great tackle.,excitement,0.1374
Quite sure what he had in mind there came back into full training yesterday after nursing a knee problem for a week or so. James Milner. The problem for Neymar seems to be more to do with the thread on his tyres.,caring,0.1152
"Here's David Silva. Clichy, Zabaleta. Jesus Navas.",realization,0.0792
"Mario Rui, speculative effort Mario, Rui. Well, that was fun.",amusement,0.2762
"It begs the question, Glenn, that we've seen Manchester City go on big runs at the end of the season in the past to win the championship.",curiosity,0.3792
Good ball. It wasn't that ball to [inaudible]. As well. Neymar. Charged down by Lucas. Silva. Matuidi. It was a bad pass.,excitement,0.0741
Put the ball in those little areas in between the midfield and the forwards.,caring,0.1138
 Matuidi presence again. Proving the difference.,realization,0.3503
Here's Gámez flags those down Koke.,disapproval,0.1108
"Here's Maximiliano Allegri Nice headline in one of the papers here today, Max and the city. That's how they were. Billing this game.",caring,0.1058
"The goal came at a time when Manchester City, were in their best spell of the night. Here's Sterling",optimism,0.0993
From the penalty spot until the dying embers of the first half and Coutinho. Struck a splendid equaliser. Liverpool in contrast to,approval,0.0804
Playing pleasing football without the end product as yet.,realization,0.0843
Just went through and you see it late include bodies. He will see it late though bodies. It's such a wonderful save So close to it. Power of the shot,caring,0.1232
Decent enough strike Cuadrado again. Carrying away from the goal.,excitement,0.0937
"The Colombian star of the World Cup in Brazil and himself a move to matches like this, James Rodriguez.",excitement,0.1379
"It does give Barcelona that extra little dimension, though. The ball behind, he's always looking on the shoulder, the defender calling up the ball in the space behind.",caring,0.1088
Nice chest brings somebody else into the game.,caring,0.1
"His Dybala, who is okay again. It was just an impact injury. Got a painkilling spray went on that Pogba.",caring,0.0683
"If it stays like this, Manchester city showed lots of endeavour and worked hard, but they haven't had enough quality this evening.",caring,0.0935
Made sure that stayed in. It's a Liverpool throw.,caring,0.08
"In the first game at the Etihad, got his lovely ball through to Mandzukic for the equalizer.",excitement,0.1082
City have lost their last two Premier League matches against Leicester and Spurs; two that they would have put an asterics next to. Big ones for them in the title race if not lost three on the trot in the Premier League for over 7 years.,curiosity,0.0723
"Unfortunately for Empoli, fortunately for Milan.",sadness,0.3044
Very late stages of the Champions League.,excitement,0.085
He got the time for the extra touch in the Derby?,curiosity,0.2304
"Wasn't too happy with, it was Messi. Celebrates a goal against Carvani.",annoyance,0.1453
"He's not falling for it, the Italian referee. Suarez not happy.",disapproval,0.1817
What comes out of his side. Andrea Poli back in a defensive position now. Ménez. Bonaventura.,surprise,0.0703
"Because of his ability to be able to hold the ball up and his introduction here will see Kane playing a slightly deeper role as well. But it's a concern for that man, Kyle Walker who leaves the field inside the opening half hour.",caring,0.1102
"Doing the world a good that. Just when you get in the team, you need a bit of confidence. Clean sheet last week.",optimism,0.2348
Just a little bit immobile upfront Manchester City. They're movement just has to be a little bit quicker. Juve with a quick counter here. Comes to nothing.,disappointment,0.1067
"The goal in the 16th minute from Marcus Rashford, has given Manchester United.",realization,0.1512
"[commentor] Looking at the past games, Liverpool, where was it at Norwich were involved in a 5:4 away win that was only last season.",curiosity,0.193
"Here is Pepe. There was a spell 15 minutes or so ago, and when it looked like Real Madrid, we're really reaching.",caring,0.1034
It's real pressure on Real Madrid here in this last five minutes to go.,realization,0.1688
Whose number is up.,curiosity,0.1126
"They played a lot of other games as far as the 38 and the League, 25 in all competitions, 63 in total.",approval,0.0952
"It was too strong for Maquinhos at the far post and Marcelo Bielsa vindicated in his team selection, picking Gignac ahead of Batshuayi.",curiosity,0.0769
"In between the sticks for Unai Emery and they've had a torrid time with goalkeepers as of late, Sevilla with Barbosa, who they brought in from Las Palmas. He got injured right at the same time that Beto got injured which meant that Rico got his chance and Beto's injury in Eibar was very unfortunate. Nobody touched him. He landed awkwardly and he is out again.",disappointment,0.1047
Just steps across the Pastore. Not quite sure. There's too much contact.,confusion,0.2938
So substitution here by. Emery,relief,0.074
It's been a real predictability about the way Manchester City's attacks have been formed tonight.,realization,0.2175
"Particularly after the first pass, that was a little nervy.",annoyance,0.2203
"Yeah. Otamendi was almost trying to read the pass he thought was going to get laid back to Henderson and allow Firmino just to take that turn and have a shot. He's David Silva. It was a good run to set him up by Clichy. Now Navas. Zabaleta's got forward to join in, opens up the space a little bit for Jesus Navas. Now David Silva. Fernandinho. Navas.",excitement,0.1289
"They hve started almost like man to man at the back, Bayern Munich, looking like gonna be very aggressive. You wondered whether Pep would drop his ego. Obviously he's famed for wanting to keep possession, keep his team on the ball. But you can see that space there, Neymar, just offside as that ball gets played forward.",curiosity,0.1484
Gets an early touch. It was all about the fast start when Liverpool blew Manchester City away at the Etihad earlier in the season. Three goals inside the opening 32 minutes made all the difference that night with an extremely fluid counterattacking display then.,excitement,0.1578
"Navas is back on the pitch, he's running around, he's still doesn't look entirely comfortable.",confusion,0.151
He puts his foot up and does Sergio Ramos. Catchy studs.,excitement,0.1397
You're trying to get past your man. He's almost just gripping hold of you and not letting you past.,nervousness,0.1141
Lovren It's gonna take some watching that battle between him and Harry Kane. They are two big lads there.,excitement,0.1049
Luis Enrique is the coach of Barcelona. Like Pep Guardiola and some of his most successful predecessors are former Barcelona player and that carried for little when his head was on the chopping block at the start of the year.,approval,0.0936
They're likely to finish this game strong with the fans behind them. The ball drilled in it'll be.,excitement,0.1439
There's Coquelin who wanted to play it forward but no lots of room. From Sanchez To Xhaka. Oxlade-Chamberlain thinking about the next pass Rather than the touch when the ball arrived.,desire,0.1429
Ibrahimovic. The height of United telling.,realization,0.1297
"Dani Alves just couldn't help himself, but haven't nibbled there at Sergio Aguero as he run away from him. It's a yellow card for the Barcelona right back. Pointing at the ball. Not too sure he got too much on it.",confusion,0.0819
Onomah wasn't going to be able to get on the end of the ball that he left for his goalkeeper.,disappointment,0.1506
"The sort of range for Pogba, but not that kind of shot. He had to go through Rashford. He was apologising to him.",disappointment,0.0919
"He did, but it was interesting that they had seven players in zonal along that 6 yard line, Liverpool and gets a run on him and just gets the header. Really got to do a little bit better.",curiosity,0.32
"City settling into more of a rhythm now, Zabaleta.",realization,0.1679
"Doing a tremendous job to stop there., Sergio Rico, but both sides look like they're pretty clear about what they want to do. Sevilla looking, very organized. They've tried to hit on the counter a few times, sent those balls, look forward to Bacca.",desire,0.1477
"Arsenal on and slips into a Cortinia fanty. Liverpool's change straightforward. Here, Mané.",excitement,0.1092
"Little step over gets a yard on James Milner. He's uncomfortable, James Milner. He puts it into really dangerous area.",nervousness,0.2302
First task for Rakitic. We still have this corner. Maxwell's head it. Iniesta to Rakitic.,caring,0.1075
One or two signs that Liverpool are playing their way into the contest after.,realization,0.139
PSG a bit slow to close the midfielder down.,annoyance,0.0952
"Opposite hand, David De Gea. I thought it was past him.",confusion,0.1867
In terms of extra time and maybe penalties.,realization,0.1198
Douglas Costa. Here is Coman.,confusion,0.0568
"Played for Chelsea of course 8 times, once in the Champions League and his manager then was Carlo Ancelotti.",approval,0.0959
Adriano with the ball across and taken off Messi's head by Marquinhos. Desperate defending from Marquinhos. Stretch in full stretch. Just gets a touch.,desire,0.1026
A booking who is 1 yellow card incidentally away from the suspension. Can. Matip. Can still going.,caring,0.0719
"Effective by Cavani, but Rubio intensive as he had to be there against Busquets.",excitement,0.0969
"It's interesting David Silva playing in the pocket, but when they're pressing, when City are pressing he's up there, he goes up there with Aguero.",curiosity,0.3187
"The trademark of for Bielsa's Marseille this season has been a very aggressive team and a very attacking team. Marseille, though showing respect to PSG and they're not coming out all guns blazing.",desire,0.0896
Mandzukic of course has a winning goal in the Champions League to his name for. Fight against Dortmund.,excitement,0.1178
Many more to come. He'll have better days than this.,optimism,0.0777
"What surprised me is that the assistant behind the goal was more than happy, but the assistant behind the goal had to see it.",surprise,0.5344
Busquets. Here's Montoya. Now Pique.,confusion,0.0933
"Zabaleta Henderson was there, and Firmino too and then away by Toure",excitement,0.0992
Really latches onto it and Aleix Vidal probably soft cushioned header into the box. First time we've really seen him Mbia get forward.,caring,0.0903
"Just trying to build up a head of Steam here, the home team.",pride,0.1142
Cristiano Ronaldo jarring his knees had a few grimaces afterwards on subsequent runs.,nervousness,0.1225
All the problems are coming from these wide areas. This left hand side it's been overloaded.,annoyance,0.1516
City have got some concentrating to do first. Jordi Alba stopped by Pablo Zabaleta.,excitement,0.0809
"You would suspect not changed his play, but he's taken too many risks here. He must wonder what he's walked back into it. Yeah, I don't think he's been culpable for anything that's gone wrong in terms of the actual goals. And he has been quite safe if anything. When the balls gone down the channel, he's not trying any Cryuff turn. He just kicked it out of play.",curiosity,0.0948
Right swinger at this time which is dealt with by Kane.,realization,0.0701
Fernando. Now Fernandinho.,realization,0.084
A war of words before a ball was kicked usually.,confusion,0.148
7 minutes past stoppage time. Liverpool's lead.,realization,0.1213
So they have won that League Cup. They're the only English club.,realization,0.1105
"The nervy moment here from Mignolet goalkeepers. We know it's not just about the says that they make, it's about their footwork. They work very hard in training just for situations like this. But when you're up against Ronaldo and Benzema and taking a major risk.",annoyance,0.1387
" Silva towards Wilfried Bony has been pretty isolated so far, hasn't he? Bonucci and Chiellini have dealt with his threat and defended comfortably.",curiosity,0.1072
James Rodriguez. Scored coming in played a couple of 1 twos and scored spectacular at the weekend. Using his left foot from the right.,excitement,0.1126
The referee could hardly have been closer to rule against Lovren. It's stupid from Lovren.,confusion,0.131
"From Bonaventura, obviously just to break up Empoli.",anger,0.1084
The atmosphere here has been better than we've had in games gone past and got to try and keep the crowd entertained because that certainly does help.,relief,0.1217
"Sorry, might go through a half here without scoring.",remorse,0.2479
"Currently on 29 points, which is the same token that they had after 22 games in the last campaign.",realization,0.1269
"Matip Lovren Now in possession again. Sends it out to Milner. Bailly deals with the cross. Then, Smalling. Can would miss it.",caring,0.0793
Play and threat of extract. Mario Rui looks to get past Honda done well the Portuguese left back. Croce.,nervousness,0.0899
"Yeah. Kolarov just going one way and you see, it's a flailing arm. I don't think it's an elbow. It's more of a wrist in the face. Quite painful on a cold night.",disappointment,0.0926
Oh Matip took a chance.,surprise,0.0957
And it's Empoli looking to press early.,desire,0.0992
There's not much anybody can do. The cross is exceptional. It's just where Ronaldo wants it.,excitement,0.1133
"Looking to slide one in towards the Diego Costa and Laurent Koscielny made sure he got in front of the Chelsea striker, good header by Koscielny.Even better by Chelsea, get it wide, couple of crosses into the box, cause a little bit of chaos, cause pressure.",excitement,0.142
"But it is very much a transitional phase for them at the moment. They are historically good recruiters, picking up bargains from across the European leagues and in South America as well. But it might just take them a little bit of time to settle here with the new players coming in and the likes of Vidal and Pillo and Tevez leaving the club. Of course, Marchisio is unavailable as well, and the likes of Sammy Traoré as well, who will provide some experience when he's fit.",approval,0.1013
Real Madrid push the ball forward to Cristiano Ronaldo. Carvajal is outside him. Cuts inside to James. James,excitement,0.1135
Schweinsteiger.Muller got there. He's quick and he's nippy. Lewandowski. Pique has gone through them.,annoyance,0.0776
The good news is you still got one substitution left.,relief,0.3876
So not the easiest opening. This for Lauren Blanc and his. Wounded troops.,disappointment,0.1532
"You know, they'll be James Rodriguez, if it's the left footer. Cristiano Ronaldo.",excitement,0.1284
"That may not be Carlo Ancelotti's opinion, but I'm sure.",confusion,0.1172
"No Sakho tonight, no Lucas either. So Jurgen Klopp has had to change both of his central defenders. Emry Can, quickly on Fernandinho and he's won his side the free kick as well, which Henderson gets on with. Here's Flanagan.",disapproval,0.0759
"3-1 remember, they won here last season in October, shortly after Jurgen Klopp arrived. They actually went a goal down early in that game. To Ramires",excitement,0.0927
"They have a wretched record in this stadium, Liverpool but.",sadness,0.1904
And can he finish? It's an absolutely incredible finish.,excitement,0.2032
"It's no good having the blue shirt in front of the yellow shirt. If you don't, then go to the ball because you just pick any pass he wants and then you go in on your own. You've got to go in twos and threes. You can't close down on your own.",annoyance,0.1326
The referee wants to wait. He's gonna talk to. I think Motta and Ocampos.,nervousness,0.091
"Azpilicueta, Hazard Diego Costa, not quite on the Money. Good covering by Clyne. It was good from Clyne. Matic Run out of room here. 20 minutes to go.",excitement,0.077
City have lost their last two Premier League matches against Leicester and Spurs; two that they would have put an asterics next to. Big ones for them in the title race if not lost three on the trot in the Premier League for over 7 years.,curiosity,0.0723
"Although Liverpool have been impressive with the ball, because they're hunting and pressing together that has been outstanding tonight. That really has they've put City under pressure every single moment and they're rotation in midfield. It doesn't matter about positions. Milner is out here on the left, Lallana is out on the right this time. They've really covered each other and they're pressing is really, really been outstanding and keep winning possession in the middle of the pitch and like this and they can break on City.",caring,0.1038
"We've just seen some brilliance at the other end, Oxlade-Chamberlain, there's that gap that you don't like between fullback of wide play when defending.",surprise,0.1734
All of the team. Ramos running along the beach there and for a for a nice romantic scene in slow motion. Doesn't look as if Ramos' is knock to the nose is anywhere near as serious as Krychowiak in the first half.,excitement,0.0839
"Everything in the first half they didn't do and soon as they do that, they're in real business. Runners arriving from late.",disappointment,0.0875
As ball went out for thrown in favour of the All Blacks of Real Madrid.,excitement,0.1292
"Confused of what he should have done Rakitic, but didn't have the peripheral vision. Now David Luiz. ",confusion,0.3034
"All the fine managers who come here say, oh, kill games off in the countries that we've left. But. Here in England, it's. A different matter.",confusion,0.1235
"Godín. I thought he was found as he played it forward, referee shaking his head. I'm not sure he saw the last bit of contact.",confusion,0.1866
"The waiting PSG in the game. It's a tactic, obviously not to give space away, but once you can see the goal, plan A goes out of the window, they're gonna have to change now. Work the way back into this game.",nervousness,0.0944
Here is Adam Lallana started again brightly. Firmino,excitement,0.1648
"Even signalling don't pass it to me because I'm in an offside position. He wanted that pass to go to Banega, and when he got it, no flag up takes a look up because I have to shoot this now. Casillas can see us doing a good job there. And this man we've seen him advancing as well. It's left them a bit vulnerable. Trémoulinas pushing up from left back. They've covered well though when Real Madrid of hit on the counter. This is another delightful ball behind the Real Madrid back four. Vidal playing it in Bacca and unable to get around Varane. This is Banega. Shot blocked. Madrid have it but. Sevilla with",excitement,0.1191
"Young player who's come back with two more caps for England as a substitute in the two games during the international break, which",curiosity,0.0943
Their wishes start talking about where you wanna play and stuff like that. He's got to get on the pitch and score some goals and show the Liverpool supporters and his manager that he's willing to.,desire,0.1811
"Just can't control. It's a good, good chance for Neymar.",confusion,0.1327
"On the plus side for Arsenal, when they have managed to get forward, it hasn't been often they've carried a bit of threat or they have they look dangerous going forward.",approval,0.0862
The feeling of Liverpool fans towards him by signing for Manchester United all those years ago.,admiration,0.1151
"He's not comfortable, he's not. Doesn't really want it here. No, it's not one for him this.",disapproval,0.2312
"Mascherano good run. [inaudible] What was that, wasn't it?",confusion,0.186
"Connor forward to Raheem Sterling, Bonucci just moves in the side and then Buffon is waiting for the ball.",excitement,0.1143
"This certainly hasn't been a good ground for Liverpool, just one win.",disappointment,0.3633
"At the European elite, by featuring in the.",realization,0.1052
"That's a push by Ibrahimovic on lovern that Karius couldn't have seen. It's poor from the goalkeeper. The lads in the studio, showed some examples before the game. He was hesitant. in crosses. Sign from one of Jurgen Klopp's former clubs, Mainz. Firmino was looking at Valencia. Trying to win the ball. Young.",curiosity,0.1031
Then get beyond the last 6 minutes. Here's Morata.,annoyance,0.0707
"Chicharito, Chicharito but maybe James Rodriguez might be a player who made way, but I think there's a pecking order there. I think it's going to still be though a 4-4-2 with Gareth Bale and Ronaldo up top.",confusion,0.0956
"Lichtsteiner to Marchisio played a very clever little ball there, didn't he? Very dexterous it was, Lichtsteiner coming forward and in the end, Joe Hart does enough. Yeah, he did very well. Joe Hart. Gael Clichy didn't follow Lichtsteiner.",excitement,0.1157
It's great ball in as well and City have played pretty impressively for that point. Suddenly that Fernandinho miss.,surprise,0.1426
"We've seen glimpses of Pastore's best football tonight, but.",curiosity,0.1364
Here he is then. Michy Batshuayi is coming on along with Roman Alessandrini. The last throw of the dice from Marcelo Bielsa.,excitement,0.1031
This is a weakness of Liverpool.,disappointment,0.204
Now it's Coutinho again. There's suspicion of handball.,curiosity,0.0938
The lack of accuracy on the Lallana cross takes him behind for the Manchester City goal kick.,disappointment,0.163
"Warm up is quite vigorous as well, so suggests that he's getting ready.",excitement,0.1938
"As turned, cleverly is a chance for Liverpool here. Enter. He took far too much on it. Moreno.",excitement,0.1131
 Suarez was a little heavy. Busquets rescued it for Jordi Alba. Here's Iniesta. Neymar. Jordi Alba on the overlap here. Left his lines.,caring,0.079
"And European football terms, Real Madrid are on a different planet, though 10 times the winners of a trophy, which is never been in Atletico's hands.",confusion,0.0851
"Rakitic trying to find a way through the congestion, Messi.",annoyance,0.1991
than Sturridge can give you. What Sturridge can give you that Firmino can't is.,realization,0.1052
Lived in Liverpool for a while or worked in Liverpool. Should I say with Everton? Flag is up on the far side.,curiosity,0.1401
"Just eight league goals, though this season for Cavani, disappointing in domestic competition, more successful in the Champions League.",disappointment,0.3131
Nathaniel Clynee looked like he the lost flight of the ball in the air. Very good game.,excitement,0.1118
"there's no impeachment. Yeah, there's no one appealing for Liverpool.",realization,0.0838
The other end. The ball to Pucciarelli. Control.,realization,0.1105
It was exceptional from the City in that. Which made good.,admiration,0.1478
"Could be a night for patients, for the home team here. Trusting in the talent. Miranda with the free kick.",caring,0.1335
"For those who are fit of a senior status, we've been hoping to play in such a wonderful Amphitheatre. Modric. Skrtel. Working overtime.",desire,0.1489
"Well, like you were calling for Jesús Navas, Steve, you're saying you're surprised he's not come on, he's ready now. And he's got that lightning pace as in the final 10 minutes or so where he can be dangerous. The game like it's crying out for Samir Nasri, I think is is not mobile enough. Here's Morata he is gonna try one and he manages to find the corner.",surprise,0.1364
"Diego Lopez deals with the the back passes, but.",curiosity,0.0907
2-1. Can Marseille keep their lead this time? They didn't manage to keep it for long after Gignac's open up.,curiosity,0.2203
We have Vitolo who's taken his bib off and he's sat on the bench. Iborra is the number 12 warming up.,excitement,0.0979
Rakitic keeps it in. Messi gives chase. Rafinha  Able to receive it from the goalkeeper again.,excitement,0.1164
Pique. Mathieu. Lazy layoff from Busquets. Matuidi stop excellent challenge. Coming back from an offside position.,disappointment,0.1192
His 98th Manchester City goal is his sixth in this competition this season.,realization,0.1048
And Liverpool lead Chelsea by two goals to nil and even the giant Courtois could get nowhere near it.,excitement,0.0925
"Well, I've got no margin for error. Real Madrid? Absolutely not. But Isco has to take this first time. Ronaldo is waiting and waiting picks out a beauty of a cross, picks out his scope.",confusion,0.0849
"Because he's not scored for England yet, it's 26 caps now. Yeah, that would be the one. Obviously observation. He needs to improve that. Return. Better than that as well.",caring,0.102
Gets the ball through to Bacco and Casillas,excitement,0.0874
With Lallana and Wijnaldum not there.,confusion,0.0982
"Just getting played by Marco Verratti.  I wonder, will Luis Enrique see what I've seen in the 1st 40 minutes [commentor]Rob[commentor]. He's got players on the bench that can make a massive change to this team in the second half with Rakitic and Jordi Alba and Alba's pace on the left hand side natural width as well.",curiosity,0.3993
Very bright start indeed to the second half for Sevilla.,optimism,0.3106
"Here is Douglas Costa. Alaba from long distance. It was dipping, and Petr Cech, who was absolutely brilliant in the game.",excitement,0.0837
"Clyne, Can. Now Coutinho. They've worked it to Milner.",realization,0.0627
"It's such a great striker with the ball again. No pressure, Gabrielle. It's too far away and I don't care how good Peter Cech is.",admiration,0.0966
By Neymar. Benatia,caring,0.0896
Behind you gotta get rid of it.  Time's running out. Could have done that 20 seconds ago.,annoyance,0.1313
Not sure who he was streaming at or what he's screaming. Have got the players available to combine like that doesn't get the space Roberto Firmino. If you look at those attempts.,confusion,0.2574
Stuivenberg and Ryan Giggs being consulted about possible changes.,curiosity,0.1909
Got Aguero with him. Blind has forced him wide. Jesus Navas.,excitement,0.0666
There's an opportunity to have a look at.,curiosity,0.4767
Should have put it across goal. Tried to beat Dejan Lovren.,desire,0.1251
6 minutes plus stoppage time. Chelsea still chasing.,excitement,0.1823
"Well defended by Adriano, which bounced kindly for Suarez, crumbled to the ground by Fernando.",curiosity,0.079
Some nifty footwork from Simon Mignolet.,curiosity,0.1175
"Around 3000, Bayern fans, anybody who's come here as a visiting supporter will know that they're a long way away from the action up to the top tier. Rakitic.",caring,0.0877
There's a booking now David Luiz on Alexis Sanchez.,excitement,0.1038
"He is a cameraman's delight, Daniel, I suppose as well, but I'm referring to Jurgen Klopp. It's four years with Chelsea.",amusement,0.1633
"Plenty of Volunteers. James Milner, who scored a terrific free kick here against Hull City the week before last.",caring,0.1144
"He's chasing back, Rooney to help curb Milner from United's perspective. He has to do that job, Rashford and Young with it so well for 77 minutes, staying with the full backs.",excitement,0.1032
City were without Aguero and Silva. Here's Martial.,anger,0.0953
And I think Matic is where you got somebody that can actually slip in.,realization,0.1142
In place of Ivan Rakitic.,realization,0.0874
"Before the game, we have more mobile players than Chelsea. We are certainly told. Azpilicueta",realization,0.1025
"Takes the fouls, buys a little bit of time.",relief,0.1148
"And of course, it's a real setback, isn't it? For Manchester City and Manuel Pellegrini.",disappointment,0.1161
"Daniel Sturridge's got to keep an eye on Azpilicueta pushing on trying to do Cahill, but well, it's been a rather hapless first half an hour for Chelsea here.",annoyance,0.1025
"Will look to work the ball onto his right foot there, Can then lifts it in towards Milner.",excitement,0.1006
Fernandinho carries on running and then David Silva and back towards Aguero and it was alert defending again from John Flanagan.,excitement,0.1375
It was blocked by Cabaye. It was good covering play was there for Cabaye that holding midfield role.,caring,0.0954
Draw enough for Paris Saint Germain to clinch the group. Only a win is good enough for Barcelona.,desire,0.1097
"Rashford. Now here's Valencia Here comes the Liverpool press and it works from Coutinho., Firmino the beneficiary. Sturridge has gone into the middle.",surprise,0.0685
"I think that's the other thing that Xhaka does. He will put his foot in, but he's got strength. He's a big lad, he won't be pushed off the ball and that's something that Arsenal over the years, you know, people say they can bully them. I don't think this lad will be bullied.",curiosity,0.072
Watch out for Ever Banega from his free kick. He's got a really good delivery. Casillas lining up the wall.,excitement,0.1183
"And he decided that he wasn't going to get there and also decided that Janssen wasn't going to run past him. Yeah, it's a good tackle that. I mean, he does block his run yet.",caring,0.1031
Navas fisses one through towards Aguero and almost found him.,excitement,0.1137
Italy's most decorated club.,pride,0.1946
"I think he probably feels the Lamela's not in the game enough, not testing Milner enough. Maybe Eriksen can cause Milner some problems down that right hand side.",disappointment,0.1182
"And the man, free is Edinson Cavani. Outside to slip in Pastore. And Mascherano got to him. Quite looked comfortable. Cavani. You wonder whether he could have taken it on himself. It was good by Mascherano. It was all or nothing.",curiosity,0.1105
"Well, everyone's here tonight. No surprise that, Sir Alex amongst them. He will be pleased with the start, but he will know.",excitement,0.1072
Zieliński will. Have a good job today in terms of linking.,caring,0.0989
"Pretty frustrating start for him so far though, hasn't it? Raheem Sterling. John Flanigan's been winning that battle. Up to now.",annoyance,0.3159
"So we're coming up tonight after us 10:30. BT Sport One HD and BT Sport Films presents Ali- The fighters journey presents the remarkable story of the former World heavyweight champion Muhammad Ali, focusing on his title fights with Sonny Liston in 1964 and George Foreman in the Rumble in the jungle in 1974. I've seen one or two trailers around that, so if you get the opportunity, I'd suggest you watch that. Later on tonight.",excitement,0.1172
Alex Iwobi and it's opening up again. here's Hector Bellerin. And there's Theo Walcott and the flag stays down And Arsenal make it 2-0. Fantastic Arsenal goal.,excitement,0.1464
"Looking to Griezmann, who's in fantastic form, six goals in his last five games.",desire,0.1276
Carlo Ancelotti does make a change as we approach the 90 minutes and. Prepare for extra time.,caring,0.0906
I think maybe Mitchy Batshuayi has done the good things. From the bench already. He has options.,optimism,0.118
"Seen him play against England. Play with good control. Technically, and of matches.",realization,0.129
"Jordi Alba arriving late in the day, he's on side back to Lionel Messi.",excitement,0.1135
A nasty challenge there from Verratti. Verratti is. Also booked.,annoyance,0.1831
"The emotion that he is in, Conte now. The entire country has beeen talking about the difference between managing in Italy and in England and how you can control games you can. Effectively.",excitement,0.1396
"And he's what the left midfield and he's got back to help out clear the lines. It's better for Chelsea getting left foot, a left footer out there, putting that cross in early. Batshuayi turns and that's going to be a goal kick.",caring,0.1044
Thiago Silva heads it long. [inaudible] play.,confusion,0.1039
"Header won by Can, coolected by Fellaini. Daley Blind",curiosity,0.0738
"I think you have to consolidate because if you start pressing with ten men, this side will just pick you off from what you don't want to do is lose three and four. Still in the tight at 2/1.",realization,0.0731
"Only a couple to try and kick out with the cut back, but. Yeah, build up play.",optimism,0.1085
Out goes Varane didn't go up and the end were able to clear maybe a bit more comfortably than they thought.,surprise,0.1267
"Just being cautious. Sensible from Jurgen Klopp, I think.",caring,0.1751
"Make it 3 defeats out of four in the group, but they would have to win there. As we look at Gareth Bale. Checking out his footwork.",curiosity,0.1219
"Replaced by Javier Hernandez, who's had his moments against Liverpool in the past with Manchester United.",curiosity,0.0854
It opened up nicely for Dimitri Payet.,caring,0.1065
"Taken out by Kroos no card. Interesting, clumsy, more than anything else, but it's fairly cynical on 2nd viewing, Kroos knows exactly what he's doing, then should be booked for that play, breaking up foul.",curiosity,0.1999
I thought the sides got space. So does Zieliński now.,realization,0.0975
"Put into a good position, Gary Cahill, to be fair to him, really well.",caring,0.1563
"Yeah, a little bit of life in this game just bubbling over, boiling over a little bit.",excitement,0.1696
Messi and Luis Suarez. Suarez wearing nine and starting as the central of the three. Messi Just going roaming.,confusion,0.1253
"With Liverpool, great overtures from Sunderland to take him for this season signed him on a permanent basis. He was of course, on loan. The Stadium of Light.",optimism,0.1754
"Lingard 10 minutes to go. Schweinsteiger It's past Fernandinho, Toure.",excitement,0.1546
"Stop the cross, was the message to Milner, and that's what he did. Firmino",caring,0.0866
"Alaixys Romao battling through the midfield, winning the free kick that Thauvin takes quickly.",excitement,0.1312
Maxwell rattling away at the feet.  [inaudible] ter Stegen comes along with a good anticipation. Nifty feet to stay up.,excitement,0.343
We've got some measure of revenge a couple of weeks ago.,anger,0.3198
"[commentor]He's holding his left hamstring. [commentor]Has had hamstring problems. [commentor] Yeah. [commentor] Was holding onto past the back of that left leg, I think.",caring,0.0852
Foot from Pogba When or if for Wayne Rooney.,excitement,0.0769
Who has chipped in with two goals this season got it all wrong.,disappointment,0.1927
"Liverpool's first corner of the second half, only the second of the game.",curiosity,0.0717
"It's a single goal in the two full tyres already played, showing the cagey nature perhaps on the quarterfinals so far.",nervousness,0.1542
Since Barcelona stopped them four years ago.,realization,0.0952
"They need to step up the pitch, Manchester City and just help the centre forward out.",desire,0.1335
Reyes claiming a corner there. You can see Isco looking over the bench I think.,curiosity,0.0913
"Here's the Arsenal change and the last one for Arsene Wenger today and Olivier Giroud, given the last 12 minutes of the match and Alexis Sanchez who got the ball rolling in the first half.",curiosity,0.0825
"It's an interesting situation, you know, as far as JUVENTUS are concerned tonight, only Mario Mandzukic took the starting 11th, actually scored a goal. The other player has scored for them this season, Paolo Dybala, the young Argentine striker who they signed from Palermo for a lot of money in the summer, is only on the bench and they found it really hard in the early weeks of the season. Back home in Italy to actually score goals.",curiosity,0.4271
"Yeah, this is wonderful. Play from Liverpool, isn't it? Free flowinbg football. Milner comes onto this. A really confident move. Fancies it going top corner. He's curled it and it is a good save for Joe Hart and great play from Liverpool. They really are passing the ball when the movement off the ball is is tremendous at the moment. Yeah, another mistake as well, Otamendi, poor clearance just left it into the path of Milner.",excitement,0.1091
"Hands on for the referees liking, it's been a comfortable day for Valeri in the middle of the whistle.",gratitude,0.1137
Ticking off from the referee for one of Real Madrid's outstanding players in Liverpool. The earlier group game.,excitement,0.1682
City in a mad tearing rush to take it with a clock ticking round towards 87 minutes.,excitement,0.2206
They really did play some nice stuff early on.,admiration,0.1431
"A definite weapon in these circumstances, I guess both fullbacks are for. Carlo Ancelotti.",realization,0.1081
"Chelsea have got four in the middle. If they can get in across here. It was an overloaded at the back post, didn't put it in.",disappointment,0.0784
"That could be very, very important. They've almost got to think February in November here a little bit. Really able to.",caring,0.1366
So after Marseille's first corner. PSG respond.,excitement,0.0967
Manchester City have really come up short this season. It has been against teams from the upper echelons of the Premier League.,disappointment,0.0815
2 balls. Rakitic at the moment is allowed to carry on.,caring,0.0737
Demanding the ball and quite often getting it too. And deeper lying Fernando.,desire,0.2532
"It's relatively restrained Jurgen Klopp, and I think that tells you how the first half 40 minutes has gone from Liverpool's perspective, nothing to jump up and cheer about.",disappointment,0.1166
Didn't help Honda's case. There was just done a little turn so it was off balance.,annoyance,0.1146
"Otamendi. the good news for Manchester City is that they've got David Silva nearly fit again. Big improvement this week from him. He might be in contention for the weekend, probably only for the bench and Wilfred Bony.",optimism,0.1804
"If anything, you can criticise Raheem Sterling. You can see caught in midfield. Sturaro Fernandina goes on to it like a flash rolls in by himself. He doesn't get enough power. Really tries to place it past Buffon lovely saved with his legs.",disapproval,0.1691
Good pressing by his team and a little bit of confidence on the ball.,optimism,0.2082
"He's doing well, there's no doubt about that.",optimism,0.173
Little bit risky from Sergio Ramos. Had the collection helped him in the end. Coentrao wanting to go long. Since the run of Ronaldo.,desire,0.1047
"Here's Adam, Lallana, and Firmino.",approval,0.0936
"Heavy touch from Demichelis, no problem.",caring,0.1057
"Motta accelerating, but Thauvin steps in.",excitement,0.1218
"That's been broadcast live to Javier Hernandez's home country, Mexico. Middle of the day, with the time difference.",realization,0.0743
We will have some tight judgment calls you feel. Could be.,confusion,0.095
"Well, this is a change that Barcelona had planned before the goal anyway. Montoya often Adriano on, but the key difference in this match has been Luis Suarez. Two goals from him.",curiosity,0.0699
"And that, a late challenge on Sergio Ramos.",curiosity,0.0977
Still got the potential for.,excitement,0.1881
"Hazard's made a run through the middle, Azpilicueta's up and supporting as well for Chelsea as is Willian and they find him and Hazard wants it and gets him and it was a really important block by Laurent Koscielny for Arsenal but one or two signs here that Chelsea are working their way back into the match. Although here come Arsenal on the counterattack with Ozil",desire,0.12
"Alonso. Muller's giving it away this time. Of course, having demolished.",annoyance,0.0926
"Ter Stegen, known for his distribution.",caring,0.0804
"And we could perhaps understand it if they did it with one covering behind. In the end, the 4th player to defend, but there's no sign of that. No, there's no sweeper there. The keeper maybe. Yeah. You know, we've just seen the sweeper keeper here. The frustration of Suarez.",annoyance,0.2224
We've only got the scorer of 1 World Cup Final winning goal on the pitch.,realization,0.0804
Pep Guardiola just seen his side.,realization,0.0992
"Pellegrini won the League Cup for the second time on Sunday, says the experience will be the key the rest of the way. Vincent Kompany talked about it being hunting season for Manchester City in the build up to this one. Here's Navas.",excitement,0.1255
At the moments they're holding sway against City. Liverpool get past them in the Europa League. Jesus Navas. David Silva,excitement,0.0967
"Here in this much heralded Monday night fixture. Looked angry when he walked out early, Jurgen Klopp in the second half. Milner.",anger,0.3534
"Away we go. Ashley Young starting on the left, Rashford on the right. Young, a pillar of reliability. Gary,",caring,0.1293
"Verratti to Matuidi, everybody's gotta get back now for Marseille. Matuidi nearing over halfway. Ibrahimovic.",excitement,0.0955
"Up against Thiago Silva, Ayew has won a corner",realization,0.114
"Lallana. And they're engaging better, Chelsea, but they're still not doing it to actually being able to control the game as they desperately need to in this last dozen minutes or so.",disappointment,0.1161
It's the runs that frimino is making. Those little diagonal runs down to the channel.,excitement,0.1113
PSG opts to keep possession. Verratti Matuidi.,desire,0.0995
"Corner kick. Much to City's frustration. They want to be on the front foot here. Yes, since those. early substitutions and.",annoyance,0.2766
They now have scored in the last 22 home games in the Champions League.,realization,0.1796
Not sure what the Rami was thinking that.,confusion,0.4051
"Here's Iniesta, this is Neymar, Suarez, Messi.",confusion,0.0965
Referees. He's having to back down though. As the referee looked over at him.,nervousness,0.1291
Mascherano. ter Stegen.,realization,0.0569
Away by Luiz and then by Maxwell but Montoya thought was there to be reached. Still keeps up the pressure on David Luiz.,curiosity,0.0927
"And that raises the spirits even further of those supporting Leicester City, Tottenham and Arsenal losing tonight, Manchester City losing as well.",excitement,0.1031
In Russia in the quarterfinalin Saint Petersburg got that vital goal 5 minutes from the end that set up the. Europa League semifinal.,realization,0.1093
"And those stats, Manchester United are actually bottom.",disappointment,0.2864
And Ibrahimovic stopping Liverpool from playing make them kick long. Fancy the chances against Sturridge and Mane and Firmino in the air.,excitement,0.1534
There have been two fantastic saves from David De Gea in the second half. I think about this one for me. He goes late. I thought he's gonna stick his hand up.,caring,0.0977
"Manchester City against Dynamo Kiev, Tuesday the 15th of March, sitting with the 3-1 lead from the first leg in Kiev, 7:00 o'clock the build up starts on BT Sport Europe HD as well.",approval,0.0942
"Again, the overhit cross. How many times have we seen that in this second half?",curiosity,0.1884
"This is 68th game. It's not the most wonderful ratio, I suppose, by Manchester United standards, but he can take great credit. [coach]Louis Van Gaal[coach] for involving today's scorer in the first team. Louis lads. Might be a legacy.",caring,0.0841
"Is that Leonardo Bonucci. Another one of the Italian internationals in this Juventus side, he's won the last four championships with the been a real period of domination for them four successive championships. They won the last two by 17 points. That's how dominant they've been 31 in total, which would have been 33. Of course, if they had never couple taken off them for the match. Fixing 19 years though, since they've won the Champions League.",excitement,0.0843
"And you are, as they always say, the old football cliche, the most vulnerable when you have just scored as Liverpool have.",disappointment,0.0946
Relentless 70 minutes of this match. Banatia. Muller.,excitement,0.1366
"Now, Montoya, back to him from Messi. And this is Gerard Pique, who's playing his 300th game for Barcelona tonight.",excitement,0.0913
"So importance of course, you get off to a good start in the group stage. City haven't managed to win their first home match in any of the four years of Champions League participation, but you are always chasing after that.",caring,0.1175
"Sanchez counter strikes with Lovren, he does well. [commentor] Arsenal still on the comeback trail here. Mignolet .",excitement,0.081
"Make a lot of it. And Michael Oliver pulls the playback, Michael Carrick was complaining that as he got the ball away. There was a rush challenge on him.",excitement,0.1148
"A controlled start. Discipline, concentration. Rashford there going back to James Milner. It's not a 41-minute job. It's a 90 minute job and you have to keep going. Little bit tired and blowing.",caring,0.0803
"Better delivery there and. We would have seen an equalizer, I think.",realization,0.0905
"Picked up a yellow card on his debut 2 rounds ago. Fourth of the season, so he missed. Juventus.",disappointment,0.1304
"But they've been overrun. Thomas Muller always seems to find a way to be in the right place at the right time. Even though we played on that right hand side, look where he is gets a little bit lucky. He seems to get lucky very often. Good finish was just thinking that might be more here Levandoski and Cech just about with his legs did very well there.",curiosity,0.0911
"Well Neuer's come and the flag has gone up, Suarez thought coming. Messi knew he was offside. It was ridiculous from the assistant referee. I cannot believe as Suarez wins that ball, he puts his flag up after the challenge.",excitement,0.0993
"Hates not playing, Hates being substituted. Never one to",disapproval,0.2202
They are not going attack the others when they do get it into Diego Costa.,realization,0.0773
"Had the best view that that whole incident didn't, he. He was looking right at it. Giorgio Chiellini went straight over to him when the goal was given.",excitement,0.0909
Has the ability Pogba hasn't he with the long legs just to move away from players when he doesn't actually look as though he's putting too much effort in to to get away from them.,confusion,0.1035
And it was a foul on Valencia,disapproval,0.1277
Players with the ability to run past people and dribbles. Zaha will certainly give them that.,excitement,0.1609
"Came across Neymar and of course has been booked and now the Bayern players are saying, well, if that's a dive.",confusion,0.144
The Champions League tonight is tomorrow night at 6:30. You can see that on the BT Sport Europe HD.,excitement,0.1181
"But when you've got Costa in this type of form, he knows he can have Koscielny today, get it up to him, be a bit more route one. There's no problem in that play to your strengths. Arsene Wenger said something interesting. things about Diego Costa in the build up to the match. He said since Conte he's been there, he's become a little bit calmer and a bit more focused, which makes him a more dangerous player. But.",caring,0.119
Silva with the corner Suárez. Dzeko.,excitement,0.0643
And playing very well recently despite a knee problem. Miranda with the header away.,optimism,0.1021
"Maybe he's got it right by a foot, not sure.",confusion,0.2136
Milner is told to hurry up with the taking of the throw and Origi continues to receive instruction.,excitement,0.1062
Simple to get possession. We've had that in the 1st 5-6 minutes of this half.,realization,0.1457
Rakitic won it back and Neymar has a swipe at it. Erratic from Maxwell.,anger,0.1549
"Have they changed Barcelona this season? Gary? I think they've made them less perfect, but I think they've made them better. They've got more solidity about them, certainly more, I think physicality. I think Suarez up front is a fantastic player for them. Rakitic does things in midfield. There's a real good balance to the other two Busquetsand Iniesta. The two of them involved there after a terrific take by Suarez on pass placed into his feet.",curiosity,0.1842
Marcelo up and running and it's just behind Ronaldo. On the East Coast. Chances his arm.,excitement,0.192
"Clichy there for Manchester City and then Sterling to Fernandinho. Now, Silva.",caring,0.0715
Iwobi into Ramsey. Monreal.,realization,0.0641
"He thought it had opened up there, Paul Pogba. He thought he was through.",confusion,0.202
"One explanation would have been, but he played twice for Argentina and had a long journey back from South America in defense of the coach's decision. Here's Bonucci for Juve.",curiosity,0.1076
The City game in that first 45 minutes is a real test for him.,caring,0.0836
"Yeah, I think Debuchy might be quite glad to find that he isn't facing directly anyway Douglas Costa. He's just got the very exciting extra Coleman to deal with. Here. Is Costa playing more centrally to add some thrust through the centre of midfield.",relief,0.1254
Let's them get that one forward instantly they could have been exposed again.,excitement,0.1362
"He needs the pace needs to be picked up, passing needs to be quicker moving. Spreading the ball.",desire,0.1138
Good thing for Sevilla if they can get it to Bacca. If he's really good at holding it up and the Alex Vidal and Jose Antonio Reyes will take the hint and Sprint up to help him.,caring,0.11
"The feedback towards him by Mario Mandzukic itching in the end, it's gone behind for a goal kick to Manchester City. Mandzukic just stayed down and following that challenge.",disappointment,0.1025
"PSG, looking menacing once more, Maxwell.",anger,0.2174
Fernando. City looking for a helping of the former. Aguero.,desire,0.1123
"You can throw blanket over the Juventus players, can't you? They're more than happy when Mangala has the ball all day long. Nasri",excitement,0.1194
"It's easy to forget that Real Madrid started that first leg really well, didn't know you mentioned all black sides, Martin and.",surprise,0.0975
Because of the hieght didn't win it. Messi is the offender.,disappointment,0.2154
Thiago Silva to Yohan Cabaye.,admiration,0.0661
"You don't get 50 goals by passing up opportunities, but very few of them have come directly from free kicks this season.",disappointment,0.0893
"Definite imprint that Jurgen Klopp's made, but this performance is different class really has been from start to finish. I think it's important that obviously Klopp brings some new players and a lot of these players are playing for their futures as well of course. But I think he needs a really good summer under his belt trying them the way he wants them to try to press that they are. Joe Hart came and the ball just seemed to hold up a little bit. Benteke was in there for Liverpool.",confusion,0.1758
And towards Godín he did get a touch.,realization,0.1091
"Muntari and Secador, both those who are injured. Back.",realization,0.0641
City just melting away from Mata. beginning to look.,realization,0.106
The first 20 minutes Juventus defended really well.,excitement,0.1249
James presented it to Alves. Fernando got a foot on the ball but it runs for Iniesta. Neymar felt that.,caring,0.0798
Hope the Liverpool fullbacks are Spanish Alberto Moreno. Here before for severe.,desire,0.0711
"Here's Maxwell, the former Barcelona player.",realization,0.0988
Here is Adam Lallana started again brightly. Firmino,excitement,0.1648
Navas and Zabaleta in support. Here's Navas.,approval,0.3033
"Dja Djédjé Ocampos, no. Straight into touch.",realization,0.0984
"I think when Joe Hart sees that back tonight, he'll feel that he should have got nearer to it.",realization,0.0984
Give themselves a chance to play with confidence. What leads to Barcelona?,curiosity,0.2135
Origi ran into Otamendi who's a tough no nonsense customer back there for Manchester City.,excitement,0.1432
A lot of talk about well in the old days they played.,amusement,0.1167
Coutinho! Oh and the deflection could have wrong footed Courtois. It could have gotten there for Origi.,excitement,0.1425
Holden. Probably not quite the Premier League game he was expecting on his debut.,disappointment,0.2062
The organization of the Free kick's terrible from Chelsea on the way out as the ball goes back with three or four Liverpool players at the back post. Let's say the usual free kick. Poor from Ivanovic,disappointment,0.2577
Suarez just cutting the ball back here to Lionel Messi.,excitement,0.0946
Klavan did play for Estonia in the European qualifiers.,realization,0.082
"The German manager, feeling that he wanted to shake things up a little bit tonight, give one or two other players an opportunity after the 120 minutes at Wembley at the weekend. Here is Zabaleta and Navas. Liverpool had plenty around the ball.",desire,0.155
No signs of that tonight in terms of a drop. Even that,disappointment,0.1582
Just takes the sting out of the game and the crowd. Nail biting.,annoyance,0.19
Oh it's short and Hart has,confusion,0.0727
They'll try and make challenges. They've gotta try and impose themselves on the games. Zabaleta that kind of character.,curiosity,0.0752
Maccarone. Who was a A Milan youth product. Was raised in the Primavera here.,curiosity,0.0834
Premier League debut for Liverpool against Manchester United.,realization,0.1047
"He did, but it was interesting that they had seven players in zonal along that 6 yard line, Liverpool and gets a run on him and just gets the header. Really got to do a little bit better.",curiosity,0.32
We would expect it Roy Hodgson to start thinking about him again.,curiosity,0.0867
"And now Sanchez, Hector Bellerin. Gary Cahill in there for Chelsea. The only real choice on the table, wasn't it for Bellerin to take a shot at goal? Yeah. Brilliant play by Alexis Sanchez wasn't.",curiosity,0.0808
"That front 3, Coutinho, Mane and Firmino all of a sudden they linking They are closer together.",surprise,0.1756
"Manuel Pellegrini's out in his technical area, shouting and moaning and pointing Fletcher, which is not like him.",confusion,0.1202
Clever pass with the outside of the foot. Couldn’t quite get the elevation right out to Sturridge. Hazard The risk for Chelsea is the turnovers.,excitement,0.0793
"Mertesacker's back past just about gets to Cech. It's a beleaguered Arsenault who are worrying where this might end up, because last year in the Champions League, Bayern Munich put 7 past FC Shakhtar Donetskand six past Porto, who had the temerity to beat them in the first leg of one of the knockout round games. Well, Bayern have done it to some great teams.",nervousness,0.1338
"Only with the challenge on Chiellini, no foul. According to the referee.",caring,0.0873
"Really been able to grab hold of the fixture, but you would expect that.",confusion,0.1457
The real positive ball going forward through the lines from Granit Xhaka and he was in on the move later on to put Walcott through.,optimism,0.3101
"Prefer to see Jordan getting himself forward, using his tremendous athleticism to get on the end of things.",desire,0.2896
Here is Coquelin. He's still fending off Granit Xhaka with the starting place in Arsenal central midfield alongside this man Santi Cazorla.,desire,0.073
Markovic ohh Kolo Touré.,excitement,0.0858
"The other Rafinha, Thiago's brother is getting ready to come on for Barcelona, incidentally. Gotze Bernat",excitement,0.1087
Flanagan knew what he was going to do. Kolo Toure was there to help out as well.,caring,0.1486
"Another runner for 11 successive wins going back to last season but defeated on traffic in the Derby, seemed to be the catalyst for Manchester City and they've won every match since then. And of course they're yet to concede a goal in any game this season. Either Joe Hart, making his 50th appearance in Europe for Manchester City tonight.",approval,0.1015
And it goes towards Can. He was looking to tease it through towards Firmino and Zabaleta was back there for Manchester City.,excitement,0.095
"Well, that was nearly two minus from Dani Alves. Gets lucky with the rebound off Milner, but. He definitely means this for a little chip.",caring,0.0981
One of the summer signings from Fiorentina.,approval,0.0955
Three games of all ended with a 3:1 score at it again. Antonelli look in trouble behind it.,disappointment,0.1919
Defenders cropping up everywhere for Manchester City and they need to equalise.,excitement,0.1578
English clubs don't give up and.,relief,0.1275
"Aware of the presence there, that flick on is a wonderful one and.",joy,0.1762
Wijnaldum quite in harmony with Alberto Moreno. Henderson. Lallana. A different complexion to this game. Look at this.,curiosity,0.0979
"Make a mistake, but they just seemed a cheeky little grin from Ozil at the end of it. The practice wasn't that vehement.",amusement,0.1988
"He's pointing to the ball, which rather accidentally rolled his way.",surprise,0.1105
Fashioned from very little ingredients.,realization,0.0864
Looking forward by Godín again met by Danny Carbajal. Given away by Ronaldo. Arda Turan.,excitement,0.1561
"Are going to press Manchester City in. Mandzukic working extra hard to try and close everybody down the defenders, the goalkeeper.",excitement,0.1373
Van der Wiel Coming back to the. Skipper Thaigo Silva. Marquinhos to Sirigu,caring,0.0749
"The first defending for Ivanovic to do on the Nacho Monreal and the first corner here for Arsenal, which Santi Cazorla has gone out to take, and that Laurent Koscielny and Shkodran Mustafi have made their way into the Chelsea Box.",excitement,0.0902
"By a goal to nil, Michail Antonio with another one for West Ham. So West Ham have moved towards the top 4. Tottenham would have gone top with a win tonight.",desire,0.1038
"Asking for it? Jordi Alba, not going to get it. Takes a tumble to merge, not falling for it. It's poor defending down that side, initially from Paris Saint German. It's a late fall from the fallback.",disappointment,0.2138
The race for the Pichichi very exciting one indeed this season. Ronaldo has now been overtaken by Messi. He has 39. He's looking for his 40th goal in the league of this season.,excitement,0.3123
The overlapping run from Monreal opened up in the room. Away by Kante Here's Coquelin Now Cazorla,excitement,0.1309
May be a problem late into a half. He's works so hard. Manchester United are going,caring,0.0976
"From the most part, they kept Ronaldo out of those danger areas. He had that one chance didn't. That he couldn't take. Has the best chance of the games. In the first half.",caring,0.0689
Sticking to Clyne forcing errors.,annoyance,0.1156
"Well, it was a really, really errant pass from Claudio Marchisio. It was nothing incredible, Ian, because a couple of seconds before he looks up and sees the passes not on and then looks up again and passes it.",surprise,0.1027
"Starting the night 10 points behind the leaders Leicester, with 12, left to play, facing a Liverpool team wounded and hurting from Sunday, city can't afford many more slip ups along the way, all red for Liverpool. The darker change strip for Manchester City tonight and lots at stake here. For Manchester City.",desire,0.0781
Godín. Tiaga.,realization,0.113
"He slid in here and you can see his knee comes through. He gets caught by Tiago accidentally, I would say. And he actually hits Tiago. His momentum carries him in and you see his knee sliding into the knee. It's a clash of knees between peak and Thiago Motta.",excitement,0.1445
Otamendi. Now Clichy Sterling.,realization,0.1186
"Again, how high Empoli are there? Just cleared out everybody.",curiosity,0.1297
"Fernandinho, for Silva, and now Aguero.",admiration,0.0699
Space here for Banega. Nice ball inside.,joy,0.0931
"Howard Webb is with us as always today. He has had a look at that said it would have been a clear booking for Fabregas had Michael Oliver, seen it clearly.",realization,0.1079
He will be hoping to do something similar. Mane. Coutinho waiting to shoot. Cut out By Pogba,desire,0.2134
"Yeah, I think when you've got the baller who's scored, the majority goes and Morata on the bench, whoever plays they have to perform straight away because they know there's a suitable replacements on the bench. So the pressure is always on.",realization,0.1338
It's a cheeky little hand shoulder. Can't score with that part of your body.,confusion,0.1099
Say it's harsh because he's a young man and he's worked hard again. Thauvin just struggling for form.,sadness,0.0985
Will Liverpool be able to impose,curiosity,0.0966
"Will be made of Liverpool's defensive performances up to this point of the season. Well, they've been poor, bviously. I am surprised Milner is in the left back today.",surprise,0.3943
Piece of magic from Coutinho. His touch just maybe cut back across too far. That's being critical because of brilliant defending.,surprise,0.0986
They've got an overload this side down the right and Azpilicueta supported by Hazard.,excitement,0.0897
"They really have split now Bayern Munich front two strikers, Lewandowski and Muller playing wide in the game outside the line, Muller has just gone inside now Lewandowski on that far side. Can Lewandowski knock it down? Oh and he takes it down. Muller is in the middle.",confusion,0.0993
"Well, they are under all sorts of pressure here. Manchester City. Just about clinging on.",nervousness,0.0918
"Expecting the free kick from Michael Oliver, who was following play and he's disappointed not to get it Now Kante. Hazard Fabregas.",disappointment,0.3297
The shoving off for Raúl García. I think that was for.,anger,0.1275
Liverpool special. [commentor] You're definitely right a couple of instances in the last minute or so where at Liverpool have almost stopped whilst attacking in there Wijnaldum.,excitement,0.11
Cavani may have tried just to go at his calf. Given against it.,disapproval,0.133
He's proven to be a very good signing indeed from Almeri,approval,0.1197
Don't know whether the Arsenal fans know too much about Kevin Stewart.,confusion,0.1966
"Man, it's good touch with that's managed to get some form of contact on the ball that had to be delicate the way he was spinning 180 degrees. Just got away from them.",caring,0.1247
Spurs only took three points from the first four matches last time round. A tally they've already bettered.,realization,0.1219
Corners towards checkout. It's found a way through and Fernando just couldn't quite.,confusion,0.1125
"Lingard's having a good game just behind the centre forward there, popping up in space using the ball well. Clichy",excitement,0.1241
Foul by Mascherano. Referee tonight is the experienced German Felix Brick. Manuel Pellegrini was unhappy with last year's referee. From Sweden.,disapproval,0.1493
Terrific response from Laurent Blanc's players. The coach will be thrilled.,excitement,0.1597
"A bit wayward from Ngolo Kante on the subject of putting the ball a bit casually at the back, Lucas in the back row there now because perhaps of that mistake, which I'm sure most of you saw Costa. Livepool the only goal they conceded for the Champions, last Saturday. Here's Lallana. He has seen plenty of the the ball here tonight. In these early exchanges.",remorse,0.0866
He's doing okay in this role. Today. He's linked up play nicely.He;s been strong on the ball.,optimism,0.1497
Diego comes over to take the reins. Handle it here. Rami Not too much attacking in this first period. Jérémy Ménez hangs onto the ball. [inaudible].,desire,0.0661
And Liverpool have the first opportunity here from the set piece. They've sent Lovren.,excitement,0.0952
So easy to defend that because you know he won't do it. So he stood his ground and blocked the angle. Got to go on his left foot and take a risk there.,nervousness,0.0674
So we don't forget straight after us tonight 10:30 BT Sport Films Ali the fighters journey 10:30 BT Sport one. It's the remarkable story of the former World heavyweight champion Muhammad Ali focusing on those epic title fights against Sonny Liston and George Foreman.,excitement,0.1404
"He needed the run there earlier from Ashley Young, Daley Blind. Hadn't showed up early enough.",desire,0.1288
"They are both entitled to go for it. There's not too much in that because Carvajal is just following through when he catches Mbia. He was just unfortunate to plant his foot at the same time. I don't even see the offence there from Carvajal. He's concentrating on the ball, clears the ball and then as you say Mbia goes over him rather than the other way round. Reyes again.",excitement,0.0974
Kroos. Markovic.,amusement,0.0734
"The Champions League final for Barcelona against Manchester United as a Central defender. I know it would probably not quite fit the bill in these circumstances, but it might have done at the start of the game. You know, it was a few years ago though. Yes, it was. It was not quite as well equipped physically to do that. It was seven years ago. So you're absolutely right. He did keep a clean sheet. Sagna",caring,0.0919
"Xabi Alonso did well under pressure, What a pass from Alonso. Here's Lewandowski. You should have hit it Lewandowski.",excitement,0.1164
"Jose Mourinho thinking when is he going to come on at this moment? Lallana, that's a long way wide, but again.",confusion,0.2198
"From the opposition, certainly in the second half, but really they.",disapproval,0.131
Bony. It's worked by Mangala to get it for the substitute.,annoyance,0.0803
"Well, Messi was denied by the woodwork in the first half.",disapproval,0.1465
"A goal threat. So far, they've been. Lacking. Just the build up play as well. Maybe that can.",disappointment,0.4213
"Well, they made sure Levandoski wasn't going to get anywhere near getting on the end of that one. I thought that's what Arsenal did very well in the first game at the Emirates Post. Centrebacks played tremendous hit Petr Cech was the best player on the pitch for Arsenal, just dealt with everything that came their way.",caring,0.0899
Get to start when there are injuries and see why he's promoted him.,curiosity,0.2839
"That's the danger of the late flag, isn't it? Because Suarez could have been wiped out then so could Neuer, yeah.",fear,0.1031
"Yeah, he is offside. So was Bacca but.",disapproval,0.1331
Fabio Coentrao remember in for the suspended Marcello. Varane.,curiosity,0.0722
"Pretty strong temperament. Not only did in the only 15 minutes or so came off understanding to turn on him, he's wanted the ball still and. Trying to influence the game a bit more. Matip.",desire,0.1031
It's the incredible getting the better of the seemingly impassable. But it takes that. To do it. And very few can.,excitement,0.1151
We had those two early strikes before Marcus Rashford put Manchester United in front. Sagna. Offside.,curiosity,0.0809
He's taken the lot. Gerard Pique. He recognises that Muller's making the run in very quickly.,excitement,0.1519
And Ter Stegen managed to extricate himself from the crowd. And out come Barcelona. But,excitement,0.091
Not showing any Derby day nerves. Sterling nearly went through for David Silva. Just needed a bit of height on it. It was levels away.,disappointment,0.089
Another decent free kick for OM. Thauvin looking like he fancies this with his left foot.,curiosity,0.1055
"Liverpool fans, if they're going to be quiet to start with, that's got them on the edge of the seats. A few good tackles always gets them warmed up.",excitement,0.1176
It's an attempt by your wife to make sure that that we don't have a final with a lot of players suspended.,annoyance,0.0966
"Maybe there weren't too many other alternatives for him to cut it back. No, there were a couple emerging on the edge of the box, but I don't think either was an easy pick out.",disappointment,0.0875
"From Juventus before, we'll have to wait and see. the Morata opportunity again.",curiosity,0.0867
"Back in by Coquelin, but straightforward from Mignolet and he's playing for Liverpool for the 150th time today and his debut on the spectacularly on an opening day and saved the penalty to ensure a win.",excitement,0.1207
"Options to the right for Joe Allen, but really could have gone on himself. He's not a midfield player who thrives on scoring goals.",curiosity,0.1012
Fellaini might be one if city start loading the box with high balls coming in. Bony Here's Carrick.,annoyance,0.0884
"It's Danny Rose, nut-megging Clyne. It's gonna get talked about on international duty next week. More harm done for Liverpool. Firmino.",anger,0.1233
It comes on. They are short of strikers at the moment with Bony unavailable.,realization,0.1747
Still have reached the last 16 in each of the last 15 seasons. That record is very much under threat this time.,approval,0.0863
"Working on the left, you've got flexibility. In their front 4. Rashford did start out.",realization,0.1158
This is Adriano. Blocked by Demichelis. Busquets easy for half.,nervousness,0.0673
"It hit the arm of Eriksen The referee played the advantage, Lallana. And it's Firmino.",realization,0.0935
Not a player who likes to be substituted though.,disapproval,0.1048
Pellegrini on the sideline just telling all these players to get forward.,excitement,0.1152
Seems strange to say that local come up off here just losing one nil. Those give them a major boost because they have given.,confusion,0.1806
He was outside with the flag.,excitement,0.1235
"Now this is a sloppy ball really easily cut up by Marchisio. Now, Dybala hasn't really got into it tonight, the youngster. They do have very high hopes of him. He's got 6 Serie A goals already and he's going to get the free kick here match to Manchester City's annoyance. Well, it wasn't a free kick, that's why. Dybala goes to grand far too easy.",disappointment,0.1977
"Valencia Effecting that, Manchester United have relaxed the quicker of the two. Pogba again in his role upfront Fellainihopeful enough to get forward as well. Ibrahimovic Awkward.",annoyance,0.0648
"Opposition fullback keeps his eye on the ball, himself a free kick. Have good tracking from the full back.",caring,0.1396
Firmino Here is Mané.,pride,0.1213
Man who got through the semifinals in swashbuckling style. Last night.,excitement,0.168
Here's Toure out again the City attack is relatively slow.,nervousness,0.085
"Good three games this season for Arsenal, Liverpool first game this season 4-3, the Manchester Derby and now this one. All really good games to watch and see there now Chelsea.",excitement,0.1374
"High foot. Beginning the right position for: screening. Those two centre backs. That's the point you made right at the beginning, Gary, about helping, Holding and Chambers settle in.",caring,0.1787
Let's play a book for Sevilla and he's going to miss the next match for them.,nervousness,0.0684
Mignolet The perfect penalty high is a poor one from Theo Walcott.,disappointment,0.0778
"Sure, haven't touched up. Intentional at least on that occasion.",remorse,0.0738
"Pique, in particular. He wasn't aware it was offside.",annoyance,0.094
"Honestly, Young is certainly and well, Manchester had a",realization,0.117
"So smooth coming forward, Neymar cut out by Kompany.",relief,0.1711
"Everything and united in possession, Lingard.",realization,0.1486
Kroos. The worst ball out wide from Sergio Ramos. Everything is.,disappointment,0.1446
"Ramsey, who I think will relish the role playing him behind the main striker, think so. Obviously he's not here.",admiration,0.0982
Hnederson back for Joel Matip Milner.,desire,0.0622
"It takes all sorts will take that all day long Manchester City. Thank you very much. Let's get away from everybody. Well, Vincent Kompany wasn't showing, claiming that Steve wasn't. And who wouldn't be because they needed something to pep them up tonight. Chiellini complaining about the challenge from the Manchester City captain. Damir Skomina. Maybe more important than the official behind the goal. Didn't see it that way. And Manchester City 12 minutes into the second half leads.",gratitude,0.1475
And all the signs that little bit of concern for him. Somebody changes it. Mane. Can Here's Lallana.,nervousness,0.1179
Off balance he did try his luck on his less favoured side.,relief,0.1496
Here is Messi. And how will he react? Somebody trespassing on his manor.,confusion,0.1541
"Great goal from Bayern Munich, but you'd have to say Arsenal, no pressure on the ball. That's Tiandi's fourth assist in the Champions League already.",caring,0.0836
Chelsea Triplets still waiting to come on.,excitement,0.1284
If lost this game. Manchester United would only be a point behind them.,desire,0.069
Barcelona have only beaten Bayern here. Once. Guardiola was their coach.,realization,0.0824
And no surprise that there was,realization,0.1048
That is under control. He's not even on the Manchester City bench this evening. He's with the party. I saw him arrive.,realization,0.0772
Caused the counterattack for Arsenal. That's what 1 Chelsea boy thinks of it.,excitement,0.1045
"It's a huge task for Marseille tonight. They've got a terrible record in recent years in this fixture. 7 defeats and one draw in their last eight classics as Ibrahimovic sets up another attack, Marquinhos. Finds Pastore",disappointment,0.1595
Sterling has a very little impact so far.,neutral,0.0894
Now Henderson. Up towards Ibrahimovic from Blind He's given Pogba something to chase here. And there was just enough. To hold Pogba off,excitement,0.1209
Nobody near him can't get over the ball in time. Heads it up.,excitement,0.0906
Valencia. Forward by Clichy.,approval,0.1103
"Gary Cahill is pushing out there, but Lovren just pulls out to the back post. He's never offside. No one anywhere near him. It's a really good delivery from Coutinho and the finish. Fantastic from a centre back.",caring,0.089
"No Morata taken away from him, though by Yaya Touré. Now here's Raheem Sterling for Manchester City with that Kolarov running beyond him, Sterling gets it back from Silva.",caring,0.0644
Tottenham believed to have table £15 million bid for him.,excitement,0.112
"You say all those nice things about him, but he goes to grounds.",confusion,0.1095
"Dropping it as well. He looked a little bit casual Sirigu. Look at this. He doesn't take another chance point and Suarez gets his body in between him, almost puts him off. But this is a great ball for Mascherano. Great comeback from Suarez and an excellent finish at the four posts. Look at Laurent Blanc. He can't believe that. They won't like that as a center, half will they?",confusion,0.0971
"Second leg of this quarterfinal, Cristiano Ronaldo. And Oblak has made several saves in the first leg at this point has to keep that one out.",approval,0.0772
A greater member of the Manchester constabulary.,realization,0.1295
"Well, it's not going to help his course. Wanyama, a late winner from him last week but not at this juncture.",disappointment,0.2438
"What an important player, Blaise Matuidi is these days for Paris Saint Germain. He comes charging in and.",excitement,0.1417
Ibrahimovic back for Pogba again. Blocked by Matip.,annoyance,0.0757
Now the team heading to the top of the league.,realization,0.2007
"I think he's gonna go for power on this one, Ever Banega. Really solid right boot. But Jose Antonio Reyes, of course, a candidate as well.",excitement,0.1414
"Henderson to Clyne, who as we suspected and as the Liverpool warm up indicated, is playing at left back tonight with John Flanagan on the right. That was something that you spotted early when they were going through their warm up routine. Yeah, they were warming up with Flanagan crossing balls from the right and pulling from the left. And I can only think that's for him to be up against Navas' pace or maybe Flanagan to really get tight on Sterling and give him a dig like he did in the first seconds.",curiosity,0.0965
Isn't Swagger about Bayern Munich almost an expectation that another goals coming it might be to Coman.,nervousness,0.0857
Saw a good 40 minutes from City in the Derby last weekend and this has been as good.,optimism,0.1379
Let fly with his left foot. It's just the merest of contact. But. Put him off.,annoyance,0.1084
"Without Mertesacker, Michelle Nick would be vulnerable in set pieces.",disappointment,0.0863
"Ibrahimovic, with a low one and surely.",curiosity,0.0687
"It just takes the foul, just turns and runs. He was starting to lose control actually, Iniesta. You should look at that.",disappointment,0.0889
"In the left channel, United right side just there and they're not quite getting across this time. Then the runs are away. Lallana.",confusion,0.1327
"We don't know if they'll have Karim Benzema back for that game, but Luka Modric certainly won't feature. He's only likely to be back for the final game of the season.",confusion,0.1024
"He was defending his side away in Mario Mandzukic, the centre forwards.",desire,0.099
He was just on the edge of it as well. Might just be on in fact.,excitement,0.1227
"Well, they've opened Spurs up so well there Liverpool growing into this game. Again Mane involved spots Coutinho not sure where walkers going. Tight angle. Not a bad effort but I think",excitement,0.1093
Is permitting Paris Saint Germain to continue playing.,approval,0.1447
"The possession Liverpool have looked very lively from the kick off. The major problem is when they lose that ball. If they're committed bodies up the field, we know how quick Real Madrid can counterattack.",excitement,0.1344
"Yeah, just been missing that little bit of quality spurs, haven't they in the final third? That last pass.",curiosity,0.1069
No pressure on the ball. Everybody behind the ball. Too much space. Could be one of these wide areas.,annoyance,0.1588
"Thauvin Thauvin dispossessed by, you know who? Blaise Matuidi. This is Verratti Ibrahimovic",disapproval,0.0915
Turning up the heat a little bit. Searching for the equaliser. Valencia.,excitement,0.1245
"Jesus Navas.Manchester City loading players into the United penalty area, Sagna. Corner.",excitement,0.0768
Isco. Modric.,realization,0.0859
Not too much to worry about. Coquelin .,relief,0.1548
 You can call they are patient. It's 4-4-2 formation of Paris Saint German and Barcelona trying to be patient and looking for the right pass. And that wasn't it.,confusion,0.135
So we have plenty of football coming up for you in the days and weeks as we reach.,excitement,0.1126
[commentor] The chase goes on for Arsenal. Mane.,excitement,0.2375
Corner taken but. Pushing spotted. It's interesting. Manchester United haven't had a corner. When we talked at the start about Liverpool being weak defending corners. United having the height.,curiosity,0.4075
Cavani off to court. Batra back to ter Stegen.,excitement,0.0641
"Just get the feeling Sergio Ramos enjoys playing in the midfield, even though he's, you know, we've recognized him as a centre half and. He's one of those.",realization,0.1085
At one stage it looked as if it was too much for Suarez.,confusion,0.0964
Goes down. The referees having none of that and he was two yards away from it. Coleman stays down too.,disappointment,0.19
"Men with the flags this evening are our World Cup final assistant referees, FA Cup final as well, and indeed Champions League final assistance because Darren turns 46 months in January.",caring,0.1026
"Yeah, the same. The positives he'll take out of this game is who he can trust, what position, what formation they're gonna play.",optimism,0.3509
The Kompany beating Suarez to it.,excitement,0.0963
"Strikers need early crosses when you get that, you create that space in the wide positions that early cross before defenders get set.",caring,0.136
Swinging now towards Paris Saint Germain. Luiz. Skipper Silva. With the ball is a perceived weakness Jeremy off to the side.,confusion,0.0645
Once Liverpool settled down and just start to play a few passes. They may cause some real problems.,annoyance,0.0816
"That's a push by Ibrahimovic on lovern that Karius couldn't have seen. It's poor from the goalkeeper. The lads in the studio, showed some examples before the game. He was hesitant. in crosses. Sign from one of Jurgen Klopp's former clubs, Mainz. Firmino was looking at Valencia. Trying to win the ball. Young.",curiosity,0.1031
"International. Corner for Paris Saint Germain. This is an area where it caused problems for Barcelona in Paris. Two of those three goals came from set plays, corner kicks Rob. They didn't defend particularly well. I know they've got a lot of bigger players on the park tonight, but.",disappointment,0.1842
"Zabaleta Henderson was there, and Firmino too and then away by Toure",excitement,0.0992
"Deciding that the more subtle measures haven't made the breakthrough, it's time to go a bit more direct.",realization,0.2109
Rodriguez in trouble the way he stopped him.,confusion,0.1047
"Kevin De Bruyne is ready to come on to make his Champions League debut for Manchester City. He came off the bench at Selhurst Park at the weekend and he's going to be coming on the next time the ball goes out of play. In the meantime, City have got some defending to do, Chiellini to Pogba now, Patrice Evra.",excitement,0.1232
It's going to be Fernando. Serious for the limping sterling. Schneiderlin,nervousness,0.0922
"Again, the front four just stay of the pitch, not helping out the midfield in the back 4.",disappointment,0.1189
"It was cut out by Clichy, but Juve have taken control of this. Especially since the goal.",realization,0.1012
He's now moved ahead of Ibrahimovic in the scoring charts. Still shy of the current leader That's about.,desire,0.0809
"Liverpool feel they have put behind some very difficult away games already this season. Winning at Arsenal and at Chelsea, drawing at Spurs. Some tough fixtures out of the way. Liverpool maximise the extra",approval,0.1159
Long ball by Sergio Rico. Flicked on by Bacca but he'd come from an offside position.,excitement,0.101
Matuidi is down again with a couple of blows in the space of a couple of minutes. Being wildly old maestro.,disappointment,0.1211
"It's Rooney time. You think it would Rashford after getting cramp on the far side. Wayne Rooney look to go on the right hand side, he did that against Manchester City in the second half.",nervousness,0.1204
Free header Maccarone. It's 1:1. Where was the defence for Milan? Empoli.,curiosity,0.1305
"Two in the Europa League, two in the Premier League on his debut against Arsenal and now here. What's a quarter of an hour into his first Derby. And he is the man of the moment again. The boy of the moment, really. And city have been the team.",excitement,0.1384
Manchester United went into after a disappointing draw in terms of the result at home to Stoke but what Jose Mourinho said was their best performance.,disappointment,0.1926
"Here's Leonardo Bonucci, with their defending this time again, Juventus gave the ball away. Aguero, might there be a price to pay for that. They've been a bit sloppy back there, uncharacteristically slow.",excitement,0.0773
Ball played into the six. It's a decent header. The shot comes in from Reyes. It took a deflection. It will be another corner and some of the players there waving their arms at the fans.,excitement,0.1333
Silva then hit it straight at Henderson.,anger,0.1717
You can start ringing the changes. With the old faithful. Pazzini on the bench as well.,caring,0.1096
"Eden Hazard and now Willian and he's just opened up a little bit for Chelsea and it just beat the far post from Willian, but it's the best passage of play we've seen from Antonio Conte's team. Much better by Chelsea",excitement,0.0887
And it's very well finished by Adam Lallana. Very well finished indeed.,approval,0.1331
Dja Djédjé. Dja Djédjé trying to get to the byline forces the cross in. Gignac! Appeals for handball.,excitement,0.1248
"Alberto Moreno's down there as well, straight for action. Firmino one striker for the other",excitement,0.1186
Ronaldo against Rico. Ronaldo into the wall. Sevilla will look to counter.,anger,0.193
"Matip, so poor and just didn't have to do a lot in the end, just chips it over. It's a simple finish. A little bit of a attempted block on the line from Milner.",disappointment,0.1321
Duncan said the decision will have to be made shortly. And I would say. Probably Iborra should be warming up.,excitement,0.0971
"No, almost find it away around Sergio Rico. Little shake of the head there from the Portuguese superstar.",confusion,0.0847
"Do a job for the team and of course, when Daniel Sturridge was fit and he's on the pitch, he will score goals. Klopp has talked about the need for fluidity amongst his forward 3, Cited the example of Cristiano Ronaldo is a player who utilises wide positions, but he's always in the centre when it matters and I think that that's how he sees Sturridge's place in this team. Here's Origi",caring,0.1452
"Last time they went out to Barcelona and knockout phases, they certainly lacked it. A bit further on now this team.",disappointment,0.1584
Here's Origi for Liverpool and Otamendi brings him down unfairly. Martin Atkinson's going to give the free kick and will speak to the Argentine for the challenge too. And that's what I want to see from Origi. I mentioned at the start that it's very easy coming off the bench as a centre forward and making some form of impact. You've got loads of energy. You just run around and it makes it look as if you made an impact. I want to see it from the start from this lap.,desire,0.1968
"He's shooting Daniel Sturridge, but again they switch off. Huge space.",confusion,0.099
"Yeah. In the end, Jesus Navas does very well defensively gets back.",realization,0.0989
Sergio Aguero and Navas. Clyne away.,annoyance,0.0734
Nice flick by Willian and Matic can then send it forward towards Costa and Laurent Koscielny and Mustafi are both revered and the free kick's going to go Arsenal's way for the foul by Costa on Koscielny and you see what Costa thought he wanted it a second earlier from Matic.,admiration,0.1478
"Agonisingly close for Manchester City and now they're in trouble, Otamendi missed out. Dybala can have a run at them. Very good recovering tackle from Demichelis.",disappointment,0.1196
"Getting to that position again, where he's got to get it absolutely right. He did get it absolutely right.",realization,0.1554
"A barrier in front of the back four. Here they are, 21 and 35. Three added minutes. Chelsea chosen to play short. Pick up in the middle.",caring,0.0842
Iniesta. Mascherano.,realization,0.0701
"Victor Moses as well is still a Chelsea player. Lots of loans, including one at Liverpool.",caring,0.0858
"They could easily miss a person out and go left to right far quicker. One touch, two touch.",caring,0.0862
Is Mario Mandzukic going in? He picked up an injury.,curiosity,0.2415
"He and Danny Carvajal the other right back, are jostling for that birthing. Spanish national team at the moment.",excitement,0.1584
"Rakitic to Busquets, now Messi. Here's Neymar.",excitement,0.084
"Magnificent performances in the Champions League since Manchester City have have been in it. I mean notably the one when they went out at Barcelona last year, he seemed to be playing him on his own at one time in that game saved a Messi penalty, didn't he? Yeah, yeah, the year before he ran against Borussia Dortmund at the Etihad. He was wonderful. Yeah, he's been brilliant tonight. Great save from Mandzukic in the first half that was a.",excitement,0.1205
"It looks as if Carlos Baccca was sandbagging a bit there. He looks as if he has slowed down. He was too tired, burst into a Sprint towards the goalkeeper. It hadn't been picked up by Aleix Vidal",confusion,0.1185
To cause the free kick and the yellow card for Reyes,curiosity,0.0682
Piqué. Lucas. Here's Pastore.,approval,0.076
"Miranda, just doing enough as they so often do in these aerial challenges, and he knew what he was doing there, that Defender. Shoving the back to put him off.",excitement,0.1096
He's particularly disappointed having got back in the starting 11 today to last only 25 minutes.,disappointment,0.3429
"Livepool again, very ably picking up the pieces in the midfield, Mane's made another fantastic run through the middle and Vorm came out. What did he get? The ball And not the man.",curiosity,0.1207
He's got past two blue shirts there Bonaventura. Ménez up ahead of him. They've won free kick in. Good position because it's. Great distance away from their own goal. And it's also. Opportunity just to eat up a few seconds. Too much on the ball.,excitement,0.0961
"And Origi! Well, that could be a really big moment in the game. It was a great chance to wrap it up for Liverpool. Courtois kept it out. It stays at 2-1. Hands on his head.",excitement,0.151
Clyne. Southampton Clyne and Oxlade-Chamberlain coming at it hammer and tongs.,excitement,0.2303
Magical moment for the goal to be scored.,excitement,0.3204
It looks like confident that they stay. They're all of them looking for the ball. All of them got picture in their mind before the ball comes. They they've got options. Here are the twocentre backs.,optimism,0.1098
Going into the shape and not really trying to get out towards Liverpool,realization,0.0984
"Get off there by Lichtsteiner towards Morata, dealt with by Mangala.",annoyance,0.0964
Ibrahimovic make space for the shot. He did.,realization,0.1003
"Really been able to grab hold of the fixture, but you would expect that.",confusion,0.1457
Adam Lallana to take it. Casillas .,approval,0.0846
On what was not as slick a pitch as this one will be.,curiosity,0.1135
He's well entitled to swing his boot at that. Lovely pass by Isco. Another chance goes begging. But the volume is being turned up now. Tiago. Griezmann. Jesús Gámez. Koke. Now Griezmann.,excitement,0.122
Amusing quote from a Joaquin who will face a Sevilla of course with Fiorentina former.,amusement,0.4822
"Sevilla have conceded a few through set pieces in recent weeks, one against.",disappointment,0.0899
City fans to give but Caballero the sort of welcome that he deserves. for his Wembley heroics. Took all nine. Domestic. Cup Competitions.,gratitude,0.105
"Just hoping the tempo Real Madrid at times it's fairly laboured at times, but suddenly when they put two or three quick passes together as good movement off the ball, the chances start to flow.",optimism,0.1925
It's like. Manchester City looking to take the next step.,realization,0.127
"He's been yelled up, Anthony Taylor. To get the card out.",anger,0.2202
"He's always going to be a problem to him, but I think he's okay the way he's jogging off. When you've got the shirt in central midfield at the moment, you don't want to give it up, do you? With Xhaka and Elneny. Elneny, not even in the squad today. Xhaka among the substitutes. He's actually been warming up just in case. In the meantime, there's this.",annoyance,0.0829
United now want to think where's the counterattack?,curiosity,0.2464
Yellow card for that rather wild miss challenged by Rakitic downfield a moment or two of that.,disappointment,0.1265
Holding. He's made a season really with the Bolton Wanderers Inoccent move for him. Great opportunity so early on. Mignolet had a good starting position there to get off his line.,optimism,0.0973
"Now yellow cards have been shown to both players who have come back from suspension, Sergio Ramos for the penalty only got a yellow and Dani Carvajal",realization,0.0901
So much space to exploit. It was reckless.,disapproval,0.1079
It's getting used to the challenge and the surroundings.,realization,0.122
"Interesting comparison between the goalkeepers, of course. They are numbers one and two for their country, Belgium.",curiosity,0.4624
"Did have work to do, didn't just have to put his body in the way. Had to extend his arms as well.",caring,0.1074
"Neymar, who got the goal after Rabiot had conceded possession. Iniesta.",realization,0.0935
And it's almost a carbon copy said that it's Benzema has got the first goal this time of the way the first half went to Anfield and round Madrid took their time. Liverpool did.,curiosity,0.0862
"Wouldn't happen this season. The question is whether they can repeat that intensity, but straight away by Munich they're off, Schweinsteiger, Muller, Lewandowski pressing on. Rafinha.",curiosity,0.126
"This one's not troubling, Rico and the crowd a little bit subdued. And that third goal from Ronaldo.",relief,0.1337
At the moment they only have one point against their name.,disapproval,0.1641
Silva. Milner to Fernando.,caring,0.08
He wasn't happy. Cavani going off with the 32 minutes left.,disapproval,0.1614
"Simone Verdi with a good first touch of the ball, could come the other way Rui Is in a whole pocket of space there.",curiosity,0.0889
"No protection, couldn't steady himself. With his hands out and a hit to the face plumbing, he can't do anything about it.",disappointment,0.1229
Clichy towards Iheanacho. Flanagan in there quickly.,excitement,0.1145
"Now he stopped, and then he I think he. There's a lot of pretend going on.",confusion,0.1718
Really trouble our black from that distance. Scored over 50 goals. For Real Madrid. Gabi. Griezmann.,disappointment,0.0952
Be a bit brighter there. Delle Alli. Team's in a good position.,optimism,0.207
"It's only a three quarter kick because he knows that he can't punch it right forward because it's a mismatch between Aguero and the three big centre half for you Juventus, so he's just chipping it into a Yaya Toure.",confusion,0.0885
[commentor] Lovren. [inaudible] versatile performer. Firmino. is out on the left hand side Origi's on.,admiration,0.0834
Not sure a global event these days. Lingard,confusion,0.3259
Just grab off the arm from Bacca on on Pepe. That means that the arms on his shoulder and his face.,nervousness,0.0745
"Chiellini again now jumping up. Wilfried Bony , who's not enjoying that battle against the Italian international tonight. Here is Cuadrada.",excitement,0.1621
He sort of threw himself to the ground. This bits a little bit clumsy there.,embarrassment,0.1255
"Maxwell's cross, the header from Mendy. And now Ibrahimovic. Can't get past Fanni",excitement,0.0903
Here's a Lovren for Liverpool who's back after a hamstring injury that he picked up at Stoke City in early February.,caring,0.0754
Manchester city having to dig it really deep here.,curiosity,0.0992
Demichelis being put out of his misery. Very much. A Pellegrini player.,sadness,0.1407
Busquets. Messi.,confusion,0.1753
And officials have to rule about the army used for elevation news for anything else. Actually stay here. The shoulder. Ronaldo. Yeah. He just does a little half turn to lean into games there.,caring,0.0769
"Get the ball in blue shirts, flooding into the box good defending. See Kieran Gibbs there, Glenn. He runs back, runs back. He's always ahead of Azpilicueta, and that was indicative of the second goal when Hazard didn't do his job. Hazard's always thinking a like a forward player. Kieran Gibbs, thinking like a defensive minded and getting into the area to clear his lines. Right. The question is, would Iwobi have been there? Probably not. That's why Arsene Wenger's put him on. As a defensive minded player he's seen Chelsea going to two wing backs and he's thinking right.",curiosity,0.1665
"When you looked at the starting lineups, you would have worried possibly about that.",nervousness,0.3164
"This is the high line with the four you can do it with more comfort, Guardiola.",caring,0.1078
"Goalkeeper less gifted, Neuer made light of that. Now he's going to do a bit of scampering here. He's leaving it to Benatia.",disappointment,0.1238
The hamstring is such a delicate injury that you're not able to to continue because the tear you're only gonna make it worse.,sadness,0.1181
"to Populate that situation. [commentor] Drawing Elneny, and Coquelin out. That's what it will do.",caring,0.1277
Juggling the ball on his head and then letting fly with his left foot.,excitement,0.2245
Bony was tackled by Flanagan.,anger,0.0649
"So many passes, the deflection is perfect.",realization,0.1369
"If Barcelona had switched it then Suarez had drifted away from Benatia, there was no cover, a little bit back to where the game started. Not sure what Boateng was doing, not covering around Benatia off the ball.",confusion,0.2756
"Mascherano, shaking his hand, but there's no doubt about it. There's the contacts for a free kick.",excitement,0.0955
"Lead up to that Messi dribble just looked like they were slowing the game down, starting to run the clock down.",annoyance,0.144
And Alexis Sanchez and Alex Iwobi leaves it and they are queuing up again here and in the end they just get in each other's way. Xhaka was walking onto it and Alexis Sanchez was actually the player who made the block.,confusion,0.164
Now it's Coutinho again. There's suspicion of handball.,curiosity,0.0938
How do you recently got off the mark this season,curiosity,0.2222
"Yeah, the big fixtures, but they're in decent form at the moment and got a lot of their players back fit. Their important players back fit. So you know they're ever going to string a good run together. You'd think it's now.",caring,0.0955
Matuidi. Motto now to.  David Luiz.,pride,0.1181
"Poli says play. The'rye, not too happy.",disappointment,0.1533
It's a wonderful move. Reyes is always the target there.,joy,0.1433
"Here's Milner In towards Henderson.Works its way through, then to Lallana. Milner away from Sterling.",desire,0.0605
"Milner rather caught in two minds. Ibrahimovic is offside. I suppose but he went too early, Ibrahimovic. It was there for him. He just holds his run.",confusion,0.1957
Fellaini didn't win that against Coutinho. Defied logic. It involves Liverpool picking the second ball. We're going to swing a little bit.,disappointment,0.0826
Cahill Matic.,approval,0.1112
 It's been a fair few months now at the club. It's that time he makes an impact and it's a good start from him.,optimism,0.1332
"De Bruyne making those runs in his channel, but has done well to adapt from being a right sided.",caring,0.0865
"Nicely crafted pass infield towards James, Rodriguez, but remember Tiago, many of you from his time at Chelsea the 1st. Time around for Jose Mourinho.",caring,0.0963
"Of course there's no John Terry back there. He's missed the last three matches and the one thing he is, Glenn, is a calming voice and an organiser.",relief,0.1443
Cavani. Matuidi swings it in beyond the reach of. Lavezzi. Put back in there Cabaye. Piqué meets it.,excitement,0.092
Pique. Looks like a surprising amount of space.,surprise,0.4463
Matuidi. Ibrahimovic. Ball from Morel,excitement,0.072
" What a touch with Neymar. It just sucks Zabaleta towards him, thought he was tight enough but he wasn't little touch inside. He's already in the box. Great little ball to Messi. Neymar again running three and the flag is up against Luis Suarez. Martin Demichelis hasn't played for. 2 1/2 weeks.",caring,0.0618
Iwobi challenged by David Luiz.,curiosity,0.0906
That's all. Team captain this evening passes on to the club captain. 17 minutes. Introduction of the legend.,caring,0.1152
All the fans continuing to. Cheer Marseille on.,excitement,0.1439
"So nice in their own patch at the moment, Caballero just finds it where can grab it.",caring,0.1075
Liverpool have room for improvement and plenty of ability with which to improve.,realization,0.1483
"Here's Wijnaldum . Now, Milner.",curiosity,0.0737
Now Michy Batshuayi Not a good pass from the young Belgian signed from Standard Liege last year.,disappointment,0.2052
In their post on 3 occasions in the first half.,caring,0.0878
Which is the City just looking for a foothold in this game?,curiosity,0.3206
"Corner to be taken first, Diego Costa heads away. Kante",confusion,0.0968
"Messi, asking for handball, not getting it. And Suarez was in, pulled onto that left side and Thiago wasn't going to get back to him. Here's Thiago. Came through the ranks here.",confusion,0.1919
"Here's Pogba of course, who was a summer target. For Manchester City. Juventus keeping him.",excitement,0.1033
Here's the chance you can't see the move prior to that. Morata flicking the ball over Joe Hart just doesn't get this. Sturaro just a tiny bit late off the post. How agonizing! one way and another that was quite a let off for Manchester City.,disappointment,0.1901
"Were concerned, I think that Cristiano Ronaldo was gonna.",nervousness,0.1838
"Believe it or not, Arsene Wenger, facing Liverpool for the 50th time as manager of Arsenal. Some Premier League managers don't get 50 games total.",desire,0.103
Here's Álvaro Morata. Sturaro out towards Cuadrado. Mandzukic. She's making his way forward. He's coming towards Morata and the flag is up. And the Juventus goal won't count. I don't whether Pogba was offside- Álvaro Morata was. lovely ball in by Cuadrado. Takes his time Machester City keep a high line. You see Pogba at the far post. He's on side Pogba but the Morata's off. Is he interfering with player? I think he made right decision.,confusion,0.1138
He didn't argue with Atkinson. That was potentially a yellow card offence for intentional handball by Luis Suarez.,neutral,0.0779
Can is big and strong mobile in the centre of the Liverpool midfield wins his side a throw in,excitement,0.1243
That he is off injured tonight.,disappointment,0.0963
"They are looking very dangerous indeed, PSG.",realization,0.1525
"Eventually, the officials did get that right, goal. Was originally awarded. Here's Thiago.",realization,0.1181
"And of course, they won four nil at Anfield, the biggest Champions League defeat that round Madrid have ever had.",realization,0.0881
"There's another case in point. By his nerve. But he couldn't keep possession, ultimately.",realization,0.0974
"Put in by Maxwell clearance by ter Stegen, who is the preferred choice in the Champions League. For Barcelona.",caring,0.0909
The problem Chelsea have got at the moment they're dropping in like we've said. They're making a five across that midfield almost on the toes of their back four. It's alright getting blue shirts back on bodies back but they're not really pressing the ball. Cazorla and Koscielny and the centre halves have got far too much time. There's got to be a period where Chelsea got to come out and press the ball. As they are 2-0 down as well.,disappointment,0.1723
Just to see if they can get a little bit more. going behind the goal there,curiosity,0.2017
"And England know all about what he can do from the World Cup, scored. Poor ball from Pogba and very well one-two City might be able to do something here Fernandinho.",caring,0.1021
Take him on from even further away than this and he's asking an awful lot. Far away that was it.,annoyance,0.1321
"But they needed that late run, that beat run as all Barcelona players moved out.",desire,0.1283
Neymar looks like he's caught a knock.,confusion,0.1023
"Isco twists, turns, plays the ball in, and the header was on, but James unable to get his head quite around it. It will be Sevilla, to bring the ball away.",excitement,0.1338
Athletico will not leave here without a fight. I can tell you that. Quite literally.,realization,0.1158
"He is absolutely everywhere Matuidi. Verratti now, with a good tackle. Pastore. Verratti.",excitement,0.124
So bright start by Sevilla Real Madrid though.,optimism,0.235
Especially with a man available in the middle as well.,realization,0.1164
That's right. And the goal from Luis Suarez is for the Liverpool days.,realization,0.1131
Almost got Sturridge in. He's on the last line. He pulled off the back. Valencia not quite getting round enough and he's just getting a little bit lost.,confusion,0.1287
I said the positive there wasn't the only one thought to take on his man to try and get to the byline.,realization,0.0878
In the view of the fact that he hadn't started for city. He's got a big 30 minutes.,realization,0.0814
"Carzola, slick passing again through midfield from Arsenal and it works the space here for Kieran Gibbs and the red and white shirts are flowing forward again. Gary Cahill back there for Chelsea. Here's Xhaka.",excitement,0.1041
"Careful, PSG, for it to become stretched the game to recover quickly when the new counter attack.",nervousness,0.1347
"Party time every week here at the moment, Lahm.",excitement,0.1107
"Didn't track him, found himself in space, but his shot away.",surprise,0.1328
"As soon as the Pastore touched let him down, it felt like the attack had gone.",nervousness,0.0981
And they've gone back to the traditional back four now Bayern Munich.,realization,0.0968
Most of the 1st 3/4 of the match. Some extent that still has to apply. With Bale on now.,caring,0.065
"Sure, his moods changed quite significantly, Steve, following the the own goal from Chiellini.",realization,0.1146
"The tallest dizzy Nicholas Otamendi, but had a very good season in Spain last season which persuaded Manchester City to spend the money on him. And it looks though Juventus are going to have to make a change here Steve as well. Mario Mandzukic looks like he's done and Paulo Dibala, who is a pretty good replacement to bring off the bench. He's coming up. He's a great replacement to bring off the bench. There's a lot of booze around the ground because Mandžukić just fell down in the middle of the field, caused a lot of problems with Dybala as an average equity.",excitement,0.1154
Janssen. He hasn't had too many opportunities to shine since coming on and. Can't get the better of Matip this time.,disappointment,0.1362
"They are grabbing at him. Chris Smalling, he's got a hold of his shirt for a long, long time. Brilliant save.",excitement,0.1505
"Bacca to his right, Reyes is waiting in the middle. Well.",curiosity,0.0796
Steve Raheem Sterling [inaudible] isolate him in a one on one. Position. Uses speed to get past him.,annoyance,0.0788
"Talk about the managers but sometimes we feel We have read that particular pudding, but the truth of the matter is it's been about the managers, particularly the away manager, to this point. He's come here so often in the park. Jose Mourinho. Unable to put a grip on Liverpool. Great.",caring,0.0835
" Of course he scored in the 2013 final, didn't he? At Wembley for Bayern Munich.",excitement,0.1225
"Liverpool get Nathaniel Clyne in the right place, and Manchester City. Getting the corner.",realization,0.1378
"Left back too doesn't look comfortable left, left sided centre, half, come left back.",disappointment,0.177
Certainly didn't look like he was about to be anxious and get involved in the Champions League semifinal. Looked completely relaxed.,nervousness,0.1657
Luiz himself is forward for the corner. What a strike from Cavani. It's a terrific start.,excitement,0.1556
Goal Kick. Carrick was pointing for it in the moment the incident happened. He's been so important about some midfield there.,caring,0.1493
Blind Rooney. 10 minutes left. Rooney again.,confusion,0.1001
In his chair. Having those thoughts as well. He's seen it before.,realization,0.1383
"Markovic's got time and space in possession. You have to drop just a couple of yards to centre half because Ronaldo will make those runs. We saw it in the first leg at Anfield. The first game. Sorry Anfield, he'll score if he gets in positions like that.",remorse,0.1084
"Rafinha really is a right back, so he's a square peg in a square hole now. Iniesta.",realization,0.0824
Rakitic caught by Schweinsteiger. It was a good advantage played by referee Rizzoli. Bernat going on and on.,excitement,0.1395
"5 minutes gone Sevilla, maybe fractionally more comfortable so far in the Sánchez-Pizjuán.",relief,0.1454
"Thiago wonderful atmosphere in this stadium where they are used to seeing the home team not just win, but usually demolish the opposition 5 one wins against the teams lying just behind them at the top of the Bundesliga at a respectful distance. I should add Wolfsburg and Brucia Dortmund both beaten 51 here and not only beaten. They were actually battered quite convincingly. I mean Bayern Munich for me right now.",caring,0.0908
"Vorm's handling good enough. Had he spilt it there, he would have been in trouble.",caring,0.1117
We're still playing injury time at Upton Park in the Emirates.,curiosity,0.072
Boateng picks Alaba out again.,surprise,0.0711
"If they're going to close down, they have to go. They're just letting Pogba the turn on the ball, letting him dictate play. If you're gonna close down, go.",excitement,0.0742
"He was just looking to players in behind Kompany towards Origi and the Belgium was able to reach it for City and Lalana with the challenge on Zabaleta and that's going to be a free kick. He's been keen to make tackles so far though hasn't he? Adam Lallana. He certainly has all his teammates as well. That's the point. Liverpool pressing the ball really well, they've won enough possession, back off city. It's been disappointing. Their creation and their last pass. Nothing's happening for them at the moment.",disappointment,0.1717
And he's now scored five goals in eight appearances.,realization,0.2236
"He's been good to say the least., Ashley Young. He's not put a foot wrong yet. Defensively. He's lock down that side with Daley Blind.",caring,0.0896
Marseille getting in a bit of a muddle at the back. Fanni now.,annoyance,0.0935
"Marcello. Sergio Ramos. Luca Modrich, of course.",approval,0.0934
I'm not sure about the throw. Butt he's got away with it. Here's Messi. As if you didn't know.,confusion,0.257
The home crowd now starting to gasp at Barcelona's skill.,surprise,0.1689
Neymar holding off Rafinha. He;s turn himself into the ground in the end and the.,anger,0.0889
"Yeah, the shirt being pulled by Miranda. But I think there was anything too much more than that. But again, it's something the referee could have dealt with, but he's probably calling it even.",confusion,0.0913
Spurs to Liverpool as a coach and when Stewart was released at White Hart Lane. Made sure Liverpool picked him up and he's going,excitement,0.0975
It's Liverpool's and Chelsea caught flat footed again. Step overs from Sturridge. Could have gone in off anyone.,excitement,0.1261
"Kolo Toure shuffles across. John Flanagan was there as well. It just needed a slightly better ball in, didn't it? It was so close. Wasn't it? Brilliant play for Manchester City. Real slick, sharp play in the central area. And as you say, inches away from Silva. Just getting his first touch. But look at this for a classy play. Brilliant from Fernandinho. Great vision. Great ball round the corner with the outside of his foot. Just inches away.",caring,0.1017
Deflected into Mané's path.,curiosity,0.0697
"And what he will want, though they happy at half time that he's able to give his team a G up from a position where they're not losing.",desire,0.1883
Trying to raise their voice. It's difficult for Luis Enrique to get himself heard.,confusion,0.1262
Get's down so quickly. That's brilliant from De Gea.David De Gea has been the Manchester United player of the last three seasons. Daniel Sturridge goes off.,caring,0.0939
"Just carry out. Can't get anything going. Any passions, any possession.",confusion,0.151
The dominant side and you have to say first 15-16 minutes. It's been all city.,realization,0.0984
"Good French young for football. Paul Pogba, but.",confusion,0.1142
"Griezmann during his defensive job, but nowhere to plant the header except into the terrain of Pepe. Ronaldo. Blocked off free kick.",disappointment,0.1166
Seems sometimes this Ronaldo looks more and more for girls. He acts more as a traditional centre forward who we've seen him a couple of times get into the six yard box for for a ball to be pumped in there. Marcelo.,desire,0.0773
" There is greater intensity, greater intent about Manchester City since the break. You can hear that in the crowd as well.",excitement,0.1697
"PSG up against it, so once again at the Stade Velodrome.",disapproval,0.1786
"When they are defending, when Arsenal are breaking forward, nobody's picking anybody up. Here's Willian tries to get a more central position this time and Fabregas and Costa had made the run. Hector Bellerin had moved in from the right back position to make the tackle.",confusion,0.1212
He's always answered the call as a responsible player Coutinho Can,caring,0.1509
Ready to turn up the heat a bit. Just Fernando trying to do just that. Mata. Lingard. Giving it to as well who is going to get there first. It goes again.,excitement,0.1009
This month from Rome. Churchill arrived and he would have thought.,surprise,0.1243
"A few players are going to end this game battered, bloodied and bruised, but it's certainly been an entertaining encounter.",excitement,0.2477
"Best bit quality in the final third of the match and Valencia initially just outside of Firmino, gets back in. Gets all",caring,0.0936
"Messi, Suarez takes players out of the way. Suarez picks up the pieces. Pedro. Batra",confusion,0.2064
"In international matches, a long, long way away from France, but he did well Pastoret scored his first goal with Argentina and he's enjoying quite a renaissance at the moment. Dimitri Payet. Djedje",excitement,0.1436
How does the score line reflect what we've seen so far? Duncan.,curiosity,0.3801
There's the opening goal of the night for Manchester United Memphis against his old club.,excitement,0.1013
"Another example of their threat on the frontfoot, but the moment United.",realization,0.1436
 Away goal in Porto buying a back in this one. Thanks to Thiago Alcantara. 2:1 Porto.,approval,0.0932
Oscar. Willian Diego Costa,approval,0.1277
" Busquets and get Rakitic on. The only time Barcelona have been in Paris Saint Germain was in the Cup Winners Cup final back in '97, defeated in the French capital earlier this season. The last time these two clubs met was in 2013. Two draws Barcelona going through on the away goals rule and what they want to do tonight.",desire,0.1434
"You have to find a way to get the ball up as you will get support. Özil, Sanchez, Campbell's gonna be so important that they.",caring,0.1497
"Talk about top four finishes, but a lot of talk coming from a lot of clubs.",curiosity,0.1047
Just a slight collision. Stray boot I think to Yaya Toure,curiosity,0.0865
"Distances are measured these days, aren't they and Liverpool",curiosity,0.1472
Good recovery there from Trémoulinas the ball in just over Bacca. Shot from Reyes,relief,0.0979
Banega scored against Barcelona from this kind of distance earlier on this season.,realization,0.0981
"The goal has definitely liven in this game, but.",desire,0.1218
Here's Origi for Liverpool and Otamendi brings him down unfairly. Martin Atkinson's going to give the free kick and will speak to the Argentine for the challenge too. And that's what I want to see from Origi. I mentioned at the start that it's very easy coming off the bench as a centre forward and making some form of impact. You've got loads of energy. You just run around and it makes it look as if you made an impact. I want to see it from the start from this lap.,desire,0.1968
"And again, you fail if Atletico are going to get the goal. Of course, an away goal and a one one draw would take them through.",disappointment,0.301
Won back by Rakitic from Pastore.,approval,0.1096
Now Joel Campbell Costa Rican international. Decent ball Özil.,caring,0.0871
This line up from Brendan Rodgers tonight.,excitement,0.0898
"Had to be patient for opportunities in the Premier League. Kieran Gibbs, he's lost his left back position to Montreal, his patchway dispossessing Alexis Sanchez. Now Diego Costa.",nervousness,0.081
That's a good ball from Reyes. Was there a little nudge there?,curiosity,0.136
It was one of six Tottenham targets inside this penalty area. He's the man that Eriksen aims for. Out by Wijnaldum Wanyama reading the banks ahead of play. But it will be a Liverpool throw.,excitement,0.1044
"Well, in previous years it's acted almost as a consolation prize when Barcelona have won the league and Real Madrid have had Cristiano Ronaldo's top scorer. Likewise with Messi, vice versa.",relief,0.198
"Here's Mandžukić but Kompany came quickly on him. His Bacary Sagna, Nasri.",excitement,0.1273
"It was dealt with a lot of swerving, dipping shots from distance from free kicks in particular. He's had a good night. His.",excitement,0.1123
Busquets took the ball from him and then lost it straight away.,disappointment,0.1347
"Draws 1-1s. They'd be disappointed with 1-1 here, but could be happening.",disappointment,0.2597
"You know what happened? Been experimenting with three at the back in recent games. They've lost their last two matches Bayern, which is most unusual for them. One on penalties. The German Cup semifinal, which was a big blow to their biggest rivals in Germany, Dortmund. And then they lost.",curiosity,0.1475
Intercepted by Kompany. Pogba again.,excitement,0.069
"Having to just have a little look, it was a stray hand really. Fouled Dybala by the look of it.",disappointment,0.1187
"How the linesman hasn't seen it, I do not know. Danny Rose is. Cureently needs some treatment. They've already lost one of their.",confusion,0.1933
Blind Held up well by Rashford.,surprise,0.066
Made his Liverpool debut against Manchester City five years ago when Kenny Dalglish was the manager.,realization,0.0921
"Yeah, this is a Dele Alli chance. Matip getting caught on his back foot, a bit adventurous from Dele Alli there.",excitement,0.202
"Well, you would expect he is going to at some point bring Gareth Bale on in preparation if nothing else for the Champions League will probably be playing a 442 now. It might mean 433 back to Gareth Bale on the right hand side, James Rodriguez might have to make way. He might try and switch things up a bit at defense. He's got Ramos on the pitch maybe.",desire,0.0882
"Different kind of booking. Well, United, they are not letting Liverpool play out from the back. You can see there. They push right up Pogba.",confusion,0.1174
Not too clever. Lucas wins the ball. This is doing a good job as an absorbing midfielder on the. Far side. Good [inaudible] Lucas.,caring,0.0956
"You know the sort of shouts that will be going at it. Keep it going as we played well first half, but the reality is that the mind is saying something different and ""How can we level?"" [commentor] Coquelin Santi Cazorla",anger,0.1906
"City have won the last two derbies here. Came earlier this season was a bit of a damp squib at [stadium]Old Trafford[stadium], nil, nil, very few shots.",annoyance,0.1025
"Yeah, I think Manchester United's gotta be careful they don't sit back too deep and.",nervousness,0.1591
[commentor] It's almost a second home for Brazil here. Hasn't they played a lot of internationals? Roberto Firmino has been a scorer in a game in this ground for his country and a scorer day but.,curiosity,0.1626
"Comes on for his Champions League debut, has played Europa League.",excitement,0.1462
"Indicated for that in the end, Here's Firmino.",approval,0.1798
Free to pick a pass and Levandoski Arsene Wenger won't be happy with that. He can't leave him unmarked. In the box.,disappointment,0.1061
Dig across coming in. Good reach by Mignolet. Put himself up and he's back in position that defenders weren't sure about that. Eyes on the ball.Hazard and that's Kante. The swipe at it really.,excitement,0.1002
"I don't know what Sergio Aguero was thinking, watching on the bench when that chance arrived, that's where he would have been, isn't it?",confusion,0.2167
Suddenly Manchester City not getting an awful lot have changed down that right hand side with Navas. Here he is.,surprise,0.2301
Who's overrun it. It's going to be a throw in to Arsenal and now Antonio Conte can send on Pedro and Batshuayi. And Willian knows that he's one of them.,confusion,0.1063
The rashness in the 1st 15 minutes and he looks really like he's struggling. Had a poor season last year. Coutinho Origi.,nervousness,0.1527
"As Martin Skrtel pull finds out an early second half booking for him, Skrtel pointing to the ball, says the referee won the ball, but to me he was nowhere near it.",confusion,0.1564
"Pretty frustrating start for him so far though, hasn't it? Raheem Sterling. John Flanigan's been winning that battle. Up to now.",annoyance,0.3159
I think it goes for the long distance effort. They seem to have that as part of their goal game Plan 2. Efforts from 30 yards. I think they gonna get opportunities. To have strikes from long distance.,desire,0.1147
"Nobody really attacking that on the near post. It was just over hit slightly, wasn't it really?",neutral,0.1543
Real's throw and throw in a hurry to take it difficult to be a little more direct without Benzema in the team.,excitement,0.1681
7:00 o'clock kick off 6:30 to build up starts on BT Sport One HD.,excitement,0.1133
"Here is Godín with Gabby out, he's moved to a more central. Midfield role for Simeone.",realization,0.104
Batra. Pedro. Verratti.,realization,0.0702
"He really is. They've been well, certainly wonderful tonight, Alaba, the goal scorer.",optimism,0.125
Joined Milan as an 11 year old boy. Honda can flick on. de Jong,excitement,0.0918
"Little bit Paris Saint Germain, a little bit more urgency in the game. Trying to engage higher up.",excitement,0.1351
Silva. Nasri challenged by Sturaro.,anger,0.0897
It's Toure here if they can meet up the yards. Don't get in his way and he absolutely bulldoze into Daley Blind there. Aguero.,excitement,0.0931
Ramsey enjoys playing out wide near as much as number 10. Good headers by Chambers. Firmino,excitement,0.1196
Sergio Ramos with a wonderful pass. Arbeloa . Down for. Is an Irish still going strong. Kroos. Modrich.,admiration,0.0939
"Thauvin towards Gignac, Gignac chest sit down, Gignac goes for goal. Well, he created the chance well.",admiration,0.0846
They need the front lights to go out. That's what they need.,desire,0.2349
"And they've settled in nicely with the new additions to the squad and they've made a solid start to the season. This will be a real building block for them as the season develops They have been excellent today, though, Fletcher. We are spoilt for choices. I couldn't give it to anybody. Mustafi's done well, Koscielny, he could have given it to anybody today. Wonderful performance. Here's Carzola. He's away from Matic.",admiration,0.0942
Granit Xhaka whose testing the patience of Michael Oliver here.,curiosity,0.0964
"Silva's corner in towards Yaya Toure, who got up above Paul Pogba, couldn't get the power of direction on the header. This is probably the best game Juventus could have had flex because they've come into it for the first time in a long time as underdogs.",excitement,0.1008
"Yeah, this is. Cesc on . Coquelin",approval,0.2305
"Referee, Nicola Rizzoli recognized that. he did well, the referee. He's a very good referee.",realization,0.188
"Decisions here to change the side so much. Well, it's really interesting. He's talking about the Chelsea game at the weekend, Liverpool in the Champions League, away at the home of the Champions, surely.",curiosity,0.4325
"Chelsea have three lined up to come on, but they're gonna make a Mourinho like situation.",excitement,0.084
It is a lapse in concentration. That is going to cost your team.,disappointment,0.1742
"The face says it all. He has been in this position since July 2014. Before that, his only experience.",realization,0.0866
This is the little touch from Silva just plays in the outside of his left and Aguero. So sharp in the box.,caring,0.0923
"Backed by Kroos. Probably didn't need the intervention of Mandzukic. Yeah, I don't think he was sure what was around him. And if in doubt. Short corner this time.",confusion,0.1135
The Ref aware of any kind of a shot in the back there and he didn't need to. He had one go and then another. Talk about Aguero dander up. I think Blind's up as well. Definite foul but.,annoyance,0.0755
"He's made a difference hasn't he? Mane in the attack for Liverpool, every time they get out, they've got him running in behind. It's a great out balls in midfield and defender when you see someone with his pace, wanting the the ball.",caring,0.1077
Antonelli. Meets the ball in the middle. Paletta,curiosity,0.0768
"It was Cavani, but Piqué in the way. Neymar Busquets. As Xavi.",confusion,0.0904
Rashford down with cramps. James Milner down with a head injury.,disappointment,0.1135
"It's just pulled off him and then as Benteke he brings the ball down, then he makes the challenge very clever defending.",excitement,0.1015
"Gets it back again from Oscar and goes on to Chelsea. Diego Costa has now comi in from the opposite flank. Great turn of pace by Costa to get to the byline, but he.",excitement,0.1006
Milner. Flag went up late. Chelsea fans in that part of their ground thinking that Martin Atkinson's assistant would have. Ruled it out.,excitement,0.0835
Very frustrated. Yellow card for Rose.,annoyance,0.2008
This sense it's now or never for Manchester City. They have some momentum. But Lionel Messi has the ball.,realization,0.2188
"Yeah, very forceful challenge wasn't, Fletch? Between him and Kante. Let's hope he's all right. He doesn't look in a lot of pain.",anger,0.1218
"Sometimes pulsating. The game, still simmering it, could well end up at a classic. Marseille fans would be happy for it to be.",excitement,0.271
"When that side is sitting back but haven't really seen too much weakness from Sevilla and hint that they might be looking for the counterattack with Carlos Bacca through the middle, just haven't been able to find him just yet.",curiosity,0.0975
"And Ronaldo really, with the best chance at the half to give Real Madrid the advantage.",excitement,0.1161
"Really in control of the finish, Adam Lallana.",realization,0.1477
Is it towards Cabaye who felt then that he had been caught? Messi.,confusion,0.3155
"Not too many others on the pitch at the moment, in the balls, in deep areas with the defenders more often, not just standing off them and allowing them to play.",caring,0.1283
And the chance for someone else to show that. They can come up with. High quality free kick.,curiosity,0.1058
"Here's Nasri. Back up for Aguero, Jordi Alba got to him.",excitement,0.0756
That's suspicious. We all employ lip readers these days. 15 minutes to go. Locked together. Barcelona and Bayern Munich.,curiosity,0.2307
"James Rodriguez did well defending there for the counterattack. He pushed Reyes wide, made sure he couldn't get the pass to Aleix Vidal who was waiting outside the box.",excitement,0.1232
"Neat passing as soon as Origi plays out wide, though, he's got to get in the box and I think Firmino was just in an offside position, even if he had. Latched onto it.",caring,0.0968
Schweinsteiger Alonso.,excitement,0.0613
Play continues. Real Madrid in possession. Pepe. Comes inside to Varane To Marcelo.,excitement,0.1412
"Fernandinho Toure despite having licence to play further up the pitch wants to come and influence proceedings from deep. It's less attention there. Jesus Navas, David Silva",desire,0.1393
Couple of goals in La Liga at the weekend.,realization,0.095
"Him and Muller have been a handful. They haven't got a goal yet, but the way they are working the line and working those Barcelona defenders. They are excellent to watch.",admiration,0.1068
Just lifts it into the top corner of the net.,caring,0.1171
"orchestrating things. Whether he hits it or they've got something up their sleeve, but it's a good distance. It's far enough out to get up and over the wall. Interesting to see whether Manchester City players jump here.",curiosity,0.3594
It slightly favours a left footer. It's central enough.,desire,0.0818
He's such a regular starter for Manuel Pellegrini.,excitement,0.1027
Very calm play indeed from Mbia,relief,0.2954
"They did have other options, but you can't blame Manchester City's goal scoring chief from going on alone. Well, you wouldn't expect it to be. Silva has started that attack with a with a tackle, but he did. Aguero just can't get his foot right round it enough.",curiosity,0.0714
"He's done well where he put pressure. He put real good pressure on Costa at times, but without fouling him.",approval,0.1118
Three clubs top for the prize list in the English game.,realization,0.1093
It was a bit of frustration generally the 1st 15/16 minutes hasn't gone the way in which Liverpool fans would have expected or Jurgen Klopp And Valencia can burst onto this.,annoyance,0.298
"You know, with Real Madrid they can suddenly have a purple patch and the goals rack up.",surprise,0.18
"Up alongside Morata, it would seem, would just stop him anyway.",disapproval,0.0886
"On the weekend off to visit the family after this one. Depends on the results, I guess.",caring,0.122
"Cleared away Hazard. Matip, Clyne got a foot to it. David Luiz.",relief,0.0637
"Now, García still waits. What a great strike that was by Gabi. Went far enough for us to. So I'm thinking where it might have ended up. Kroos. Sergio Ramos pressed by Griezmann.",excitement,0.1233
Make sure of that booking for Francis Coquelin.,caring,0.1155
Goal number 41 for Ronaldo and a big blow for Sevilla's.,disappointment,0.2041
"Of course it will be a witness for Liverpool tonight that if they can maintain this bit of momentum against Crystal Palace at the weekend it will put them in great heart for these matches coming up against Manchester United in the Europa League, which by Jurgen Klopp's own admission is the focus now, the rest of the way. Yeah. And with the Champions League spot for the winner then it's in heightens that focus, doesn't it?",excitement,0.1397
"Game in Champions League football, which is extending the record a little bit, but also it's just passing the ball, can keep the ball and keep it moving and use all of his experience here.",caring,0.1119
"Still, maintaining his record of starting every Premier League game for Spurs since he joined the club. Firmino for Coutinho.",approval,0.1113
New position for Milner. Sometimes plays about four in one game.,caring,0.0947
Ronaldo. Little bit of space for his team. Isco go to Kross. And this Griezmann.,disappointment,0.1955
"Lemina. Morel getting himself in all sorts of trouble, Verratti now Verratti.",embarrassment,0.1195
And now they're ported Skrtel full of apologies. Corner to Real Madrid. One thing you can't do.,remorse,0.1338
"The ref letting some of these challenges go Sergio Ramos on Arda Turan. He didn't appeal for PEN 2, the super sleek, Arda Turan.",disappointment,0.2364
"It was a wonderfully worked free kick and Real Madrid once again caught out, Duncan.",surprise,0.145
Involved in a couple of incidents already.A little push on Pepe at the start of the game.,annoyance,0.0774
"Wow, what a start for Liverpool and what a goal that was. Quick as a flash from right down on the way into the centre. Brilliant play from the Lallana here. His first touch was just exquisite. That touch there and then the way he feeds it inside. And what about that for a first touch? Fantastic finish as well in the same corner with the first goal.",surprise,0.1678
"Mane. Watched by Bailly who had to get that right. Remember, he was booked late in the first half and along with the protesting Ashley Young. Henderson who maybe escaped",excitement,0.127
And counterattacking it's going to be a pretty lonely job for any Athletico player.,sadness,0.1542
"Sevilla then line up with Rico in goal. A back four of Diogo, Carriço, Kolodziejcza and Trémoulinas at the back, in midfield, the trio of Mbia, Ever Banega and Krychowiak.",approval,0.0917
"Coquelin. Santi Cazorla, Chelsea back in those organised defensive positions that Steve was talking about. Here's Cazorla, he's looking for the right angle to let that fly. Courtois with the save and then Iwobi tackled by Willian.",caring,0.0922
Just weaves in between two and three players.,curiosity,0.0936
"Yes. Take Moreno out for game work on him in training. But I had to put him back in to give the lad a bit of confidence. Or if you've got no belief in him at all, go and buy somebody because James Milner is not a left back. He's up against the talented player today.",caring,0.1048
"Gerard and Henderson, captain and vice captain.",approval,0.0929
And only two years ago. It didn't look a great challenge from Rakitic. Alonso stayed down just there. That right foot just going into his ankle there. I thhink he means that Rakitic not a little one.,disappointment,0.2225
"Alex Sandro for Juventus, who've reached 7 finals in the European Cup or Champions League but only won a couple of them, and they've lost their last four finals, including last year, of course. Against Barcelona. Marchisio.",desire,0.0798
Really firm defensive header back there from Xhaka.,caring,0.0914
"Can, crowd wanting him to go the other way, but he hasn't got eyes in the back of his head.",desire,0.1715
"Once more, combining with Mbia. Nice flick on there. Vidal brings in Diogo. Diogo's ball in.",excitement,0.1206
Was he impeded there Yaya Toure? It looked for a moment as it was going to be something fairly simple at the far post for the big man.,curiosity,0.2054
"Cross drifting out and wondered if there might have been a deflection on it because of the lack of direction, but there wasn't.",confusion,0.207
The main thing is they need to win as soon as possible.,realization,0.1625
He's been a winner on this ground. It was a long time ago with Aston Villa.,admiration,0.1028
"Low quality, so the ball went straight out of play. There is that cross again most deceiving you said pick too high for him to hold.",disappointment,0.226
"Cabaye and Luiz, using the encouragement of the corner that works so effectively against Chelsea to try and get the crowd lifted. ter Stegen did enough to get that one away. Yohan Cabye struck it back in trouble. [inaudible] his feet.",excitement,0.0903
"You have two good moments Pastore chances are good chance. He should make more of it. I think Lauret Blanc will know that when you get moments in this tie, particularly like that with Barcelona exposed will be few and far between. You have to. Make the most of them.",caring,0.0873
"Game just getting stretched a little bit now, Fernando.",nervousness,0.0834
Here's Fernandinho. Now Navas? Aguero is taking up a wide position.,curiosity,0.1034
They've got the high Chelsea. They need. to find the spark somehow. They need to deliver it. Into the first man. Willian twice.,excitement,0.1633
It's going to be an array of changes now. It t looks as if they're gonna go to three at the back. Ivanovic Cahill and David Luiz Azpilicueta has come wide on this side. Marcos Alonso on the left side.,confusion,0.1044
Pinged forward towards Bacca but Diogo's ball. No accurate enough.,excitement,0.0968
"Spurs have won six of the last nine games here at the lane. They've only lost the Southampton in that time, actually took a relatively low proportion of their points at home last season. That was to be far more of a reflection on their excellent away results in the illustrating any problem here.",caring,0.0922
"Paris Saint Germain have already come back on one occasion and they're looking to do it again here. The cross from Matuidi towards Ibrahimovic,",excitement,0.0968
"He's got six goals in the league this season, Lucas the Brazilian.",realization,0.0974
Yeah. Brilliant. Brilliant play from Flanagan as you were saying. Sterling was.,approval,0.1211
"And it's their top scorer, Andre Pierre Gignac with his 17th of the season.",realization,0.1215
"Had a good year, Javier Mascherano for club and country. And he's having a good night.",optimism,0.1265
Sterling. Stay off for the moment.,annoyance,0.0788
"They have been giving the ball away uncharacteristically in midfield Juventus. I mean, Fernandinho does ever so well there, yeah.",excitement,0.098
Firmino's sort of inside right position here. Coutinho Sturridge. Score on his,caring,0.0735
Antonio Conte. Still not shuffling his pack. Resisted. changing.,confusion,0.0871
"Here's Alexis Sanchez, Mesut Ozil is over it too, and Santi Cazorla.",annoyance,0.1011
So difficult for Montreal as a terrific save from Peter Cech.,surprise,0.0735
The forward direction. [commentor]Firmino is out the position if he can attack down that side. It's getting across for him.,realization,0.1789
Liverpool looking for some away day trust here.,desire,0.1673
There's a yellow card and the subsequent lecture.,annoyance,0.0909
Hysaj. When Pucciarelli left it careful its not a handball. Across the came in there.,confusion,0.1317
Almost intentionally made the ball bounce in front of the keeper.,excitement,0.0945
Mane. Liverpool,amusement,0.0767
"A great move down the right hand side. Yeah, it was a good finish Iborra but a lot of the credit has to go to Vidal for the run. The combination and putting exactly where Iborra needed it.",caring,0.1022
"They waited a long time in the Champions League final, didn't they? It was a record breaking goal. It was so close. Losing to Athletico.",excitement,0.1237
"Things are looking much, much rosier now for BSG.",realization,0.1171
Slow the playing surface at the moment. Here's Lallana.,nervousness,0.0748
Free kick has been given Pique on Bony. Another strange sign to pull it back. Fernandino. Going on.,confusion,0.1482
There's your answer 3:1.,realization,0.1143
"Just having two minds, Theo. Didn't know whether to pass or shoot.",confusion,0.3366
And we also have coverage tomorrow night for Chelsea against Maccabi Tel Aviv. You wonder what the next night at the office holds for Jose Mourinho. That's on BT Sport HD two and on Saturday Chelsea against Arsenal Saturday midday. That's on after Fletch and Sav. BT Sport One HD and UHD as well. That's all coming up in a busy week of football at home and abroad. Here on BT Sport.,curiosity,0.2409
"But they're eight points worse off at this stage than they were last season. Liverpool are 7 worse off than at the same stage, but they've got the lead tonight. They've got the ball with Emry Can.",desire,0.0823
Frustration has been written over his features.,annoyance,0.3257
They just got caught out in that couple of minutes leading up to the goal. Benatia,caring,0.084
Firmino to Henderson and now Can? Nathaniel Clyne.,curiosity,0.1045
Won't leave much space for the Mexican.,annoyance,0.0732
" So when Pogba looked up there Steve, there was nobody up there with him. There is the goal scorer. Mario Mandzukic. Looks like he's got cramp in his calf. don't know what he's been doing?",confusion,0.2478
An intriguing game between two sides who are packed with stars. Neymar.,curiosity,0.3498
This PSG side just seems to be at its best when it's up against it.,optimism,0.1081
"Can to Milner and swept out first time here to Lallana, defending for Sterling to do, Flanagan supporting. Liverpool with plenty forward and Lallana on side and with some time in space to float one in. Liverpool, have to settle for the corner but they just switched off a little bit. They did at the back Manchester City. They played that high line. Look, they're all try coming out and they hold that 18 yard line. Lallana is just probably maybe just off sides. Once you get in there, you gotta pick a red shirt out.",caring,0.0927
"You'd have to say with Sevilla if they want to get back in this game, they need more presence up front maybe and one option as you say, is to think I bring on Gameiro alongside Bacca. It's Reyes. Finds Diogo",desire,0.0887
Mendy. Ayew It's just not happening at the moment for OM Maybe Ocampos will.,disappointment,0.1223
Couldn't get Eriksen in behind Clyne and his positioning was good.,curiosity,0.0915
I wonder what Tommy Smith will be thinking of that match. For five minutes.,curiosity,0.3798
Impact on the game in terms of how they've linked and given Milan more chances to think about. Their movements. Verdi run from midfield.,realization,0.1377
Clichy. Into Agüero. It's gather that in well.,realization,0.099
Yellow card for the Manchester City midfield player.,disapproval,0.0993
"He's always looking to go on the shoulder. Those two centre halves, isn't he? And I don't think really David Silva's had enough possession of the ball with his head up to find him at the moment. That's what City have got to do.",excitement,0.1013
"Keeping that side but defensively haven't been the same. This game has been too open if you're an Arsenal fan. Too much space for Bayern Munich to play Thiago again, look at the space season.",curiosity,0.0756
Sorry to be breached in the 1st 20 minutes as they have been as a bitter blow. Blow and Laurent Blanc's reaction down below. So disappointed. Threw his fist in the air.,disappointment,0.2636
"Now, Montoya to Messi.",excitement,0.0644
"He just wants that little glance. The contact's Too much, too heavy.",desire,0.2429
"The stars in the football, in oxygen Busquets to Iniesta. Messi.",excitement,0.152
Good night for football and a great setting for real.,excitement,0.1421
" He'll not have a great view of it with all those Bayern Munich players on the end of the wall, whistles for a former Real Madrid man here in Barcelona.",disapproval,0.1056
"Here's Ozil and Alexis Sanchez and Walcott was screaming for it. Alexis Sanchez didn't see him, and Theo Walcott lets him know. Again, the old mistakes Chelsea.",anger,0.1967
Angle of the deck from the ball leading to a corner.,curiosity,0.1027
Cristiano Ronaldo and Unai Emery might be asking himself whether he's made the right decision to play 5 minutes with ten men a power play moment taken advantage of by Cristiano Ronaldo. Real Madrid ae one up. 40 league goals for Cristiano Ronaldo. He's a deadly striker. You have to put everything in your power in his way. Sevilla playing with ten men just as though we're upping the pace. Cristiano Ronaldo. it's. Great little run for him.,curiosity,0.1425
Neymar. Messi.,confusion,0.1663
"Some good play from United, they win the ball back. A little. One-two down the left hand side. He has to just play Rashford in 1v1. James Milner on this side of the pitch.",caring,0.1093
Matuidi thought he'd been. Unfairly hampered there by Busquets. Here's an Iniesta.,disappointment,0.1051
"When Ibrahimovic was here, they didn't have a changing room big enough to contain the egos of him and the emerging Lionel Messi.",pride,0.1197
"Brice Dja Djédjé. Effectively man marking Matuidi there, following Matuidi across from his usual position of right back, Dja Djédjé That is another.",caring,0.0976
"The selection of Dzeko and Aguero from really do, because already we've seen Bush gets picking the ball up with nobody near him, Manchester City will be outnumbered in midfield, no doubt about that. The fact we've got two upfront Messi seeking out Neymar and there's Vincent Kompany only just caught up with that and it's a corner kick. 2 Barcelona Long Long Ball just beat the back four, literally right over the top and some great touch from Kompany in the end.",excitement,0.1134
We were hearing that they might have taken the chance on Kolarov but.,confusion,0.0836
The 10th game in the Champions League this evening for Rabiot scored in the competition. That was the injury for. Iniesta.,approval,0.0904
"It's all right. Runs into Pogba, but there's a bit of time and a bit of space here for Morata to bring Juventus the other. A tight challenge though by Sagna. And even though Morata has stayed down, here's David Silva. Now, Sterling.",caring,0.0838
City has stopped marking Throwings now as well.,realization,0.1164
"They're all off running away. There's a lot of PSG, but PSG boddies back, which made it difficult. Find that pass Iniesta. Just go away.",annoyance,0.1267
Sounds off in the reverse fixture for two yellow cards. Have been sent off his career. [inaudible] [inaudible],disappointment,0.1664
4:2 you weren't short. 4:3. There's no doubt.,realization,0.1274
"Tiago went in the last round. And now, at a significant time. Because. Round Madrid have this extra man.",realization,0.0957
One away to Deportivo La Carini was sent to the stands. What you say is what you get with him. Ronaldo wins the challenge. Pepe.,excitement,0.0969
Cavani. Andre Ayew,excitement,0.078
Mane David Luiz got a knock on the nose. Well kept by Mane Luiz recovers. And Chelsea find a pass through Matic. Kante Ivanovic. Charging forward outside. Willain. It goes the other way.,caring,0.083
Alonso. From Thiago.,realization,0.0744
Lovely. What a lovely layoff that is by Mandzukic to Dybala.,caring,0.1415
Headed away solidly by Varane. Good work.,approval,0.2221
Always good to test the keeper early on on his toes. Mignolet there decent stop.,caring,0.0923
"You tend to hear the negative side of that particular argument. Wenger supporters are a bit quieter these days, but there are still plenty out there, I'm sure.",disapproval,0.1825
"Played last week, but he's dropped to the bench as he's a goal scorer. Signorelli. Vecino.",curiosity,0.0869
The three in the middle there massively experienced Barzagli. Bonucci and Chiellini. Just think most managers.,excitement,0.0789
"It's coming to fruition here. We've got to get organised, that city, central defence, particularly Demichelis.",realization,0.2013
And that after a big miss by Fernandinho.,disappointment,0.0794
"This is a little bit quick play, so difficult to mark and the you're in the hands of Messi. Can he finish? Straight down Neuer's throw.",curiosity,0.0911
"Here's rakitic. Barcelona probably sorting out in their minds a little bit how the opposition are playing and now concentrating on playing themselves, which is of course very capable of doing Iniesta",realization,0.0877
Holding what they have the key for Barcelona now.,realization,0.1387
Matuidi Superb again from Blaise Matuidi,admiration,0.1263
Rakitic's trying to fire it forward towards Suarez. Manchester City pressure. Fernando. Nasri.,excitement,0.0998
"You may as well though, Glenn, on a night like this because with the blustery conditions he's going to make it hard for the goalkeepers. Yeah, you're right though. I think he's got a bit more conviction about his shot there. I think it was a shot for shot. So I think this is Hederson there, just with a nice little nutmeg. But it's that type of thing Liverpool are doing. It's a nice pass. Nice bit of skill, but it's the end product. There's no end product at the moment for Liverpool.",caring,0.0803
"Could easily have brought those down Daniel Sturridge, as tough as it is. He's got the ability to do it. He's got the capability to do it.",approval,0.0785
"Yeah, he didn't catch all of it. Actually. It was a lovely ball by De Bruyne. Great feet from him. One touch, two touch flicks a lovely pass to Aguero just hits down onto the volley, doesn't connect with it like he normally would like to.",confusion,0.0785
"Liverpool well represented in the United penalty area and that hasn't happened very often so far. Firmino. That's drifting away at the back post, got the header on target but no more. First time Liverpool have put some passes together in the final third, played the extra pass eventually Jordan Henderson plays a lovely little diagonal into the back post think he might have been looking to go across goal towards Daniel Sturridge. He would have certainly been better served. It's lifted the crowd. Henderson. Now Firmino. Milner is ahead of him Trying to serve it into Sturridge",excitement,0.0993
"And in it goes towards Silva. But it's the wrong player really. Attacking a cross like that. And Gianluigi Buffon, who was is significantly taller than David Silva with a relatively comfortable take and he's won the free kick as well.",confusion,0.1423
"Rafinha is asking for someone to call him out, but he should know when Luis Suarez is around. You don't have that time.",annoyance,0.1443
Not a very pleasant return to Chelsea's colours so far for David Luiz.,disappointment,0.229
Takes charge. Liverpool have pulled everyone back. Stop and survive for Hector Bellerín.,excitement,0.0691
One player who hasn't got a starting berthtonight is Mario Gotze.,curiosity,0.0729
"Yeah, The thing is, Milner and Fernando are gonna need some help in the midfield and that means Nasri and Silva took him in nice and narrow. But all that does is just free up the full backs for Barcelona. And Dani Alves does does not need any invitation to get forward.",approval,0.0863
"If Juventus win, there's no way Manchester City can finish ahead of them. If the points are level because of the head-to-head.",realization,0.0993
The second shot we've seen from Toni Kroos from outside the area. He kept the first one low and that one. It would have been,desire,0.0796
"[commentor]It's going to be seen as not just clumsy, but deliberate by Xhaka. It was a clumsy touch. [commentor]Yeah. [commentor] Knew exactly what he was doing after that. He committed a number of fouls already. [commentor]Yeah.",disappointment,0.0745
Faith to [inaudible] 7 wins for Milan.,optimism,0.1924
Earlier in the day. The home team have a late equaliser in the North East Derby.,excitement,0.0871
Lovely first touch. Ivanovic just brings him down there. Very dangerous area now.,nervousness,0.1065
"Forced to turn in field where he's grateful to be fouled, really. He wants to move forward. Seeing look towards Coutinho Firmino.",gratitude,0.1308
"Can. The question is rather the occasion has gotten to Liverpool so far, instead of making it more hostile for Manchester United with the bigger ground here. There's no doubt coming into the game with the feeling that Liverpool were big favourites. They were in great form. The expectation levels then switch. United look fully alert and have really played well.",curiosity,0.194
I might win the dad's race at the School Sports day if I was that quick.,desire,0.1387
"Well, it's been a carefully thought out approach, hasn't it? The risk was that the game would be over before the time was right to bring on the reinforcements.",curiosity,0.094
"It's Hernanes who is over this free kick for Juventus player they signed from Inter Milan for £8 million in the summer, was a double figure goal scorer during his time at Lazio.",annoyance,0.0777
"Great noise around the arena here, from the Juventus fans.",excitement,0.2004
"That was Mandzukic opening up his body, allowing the ball to be Nick Toffin.",excitement,0.1674
"Agüero back on the ball, not able to lick the Zabaleta this time. It looks like a American football tight block by Aguero. He thought he was tricked. Throw in given.",confusion,0.1209
"Sure here, Pedro to Bartra to Piqué. Batra French international up against. The French giants.",excitement,0.1446
Javier Hernandez was an opponent then. James Rodríguez gets there. Will be a fortunate break. Ronaldo to his right.,relief,0.1078
Petr Cech read that situation. You can see all the scores going through the bottom of the screen. The first pick Saturday only 16 teams in action today. Big wins for Liverpool and Manchester United. Manchester City have maintained their 100% record Spurs unbeaten as well and Sunderland blew a 2-0 lead and lost 3-2 at home to Crystal Palace. It's been,approval,0.0885
"Will certainly not be despairing as David Luiz comes forward. Rise to the challenge of Gignac, but then pulls up all day.",excitement,0.0861
When they played three or four passes around the edge of the box. A couple of times they have looked dangerous. Ashley Young with a good tackle on Clyne,curiosity,0.0849
"Inujury to Iniesta didn't help Barcelona's cause, but it also.",disappointment,0.0896
"They still seek this away goal, which could even be a winning goal at the Nou Camp. Kept in by Phillip Lahm.",desire,0.1456
"And Raheem Sterling, absolutely. The confidence is growing in the Liverpool ranks but Sergio Ramos, they see what good defender he is. He stayed on his feet and he watched the ball. Two key elements, especially when the opposition players in the penalty area, it was brilliant.",admiration,0.1133
"As it is, they're sitting pretty, leading 1-0, of course. Here's De Bruyne.",optimism,0.1108
It was a bad mistake. Laurent Blanc knows it.,disappointment,0.2007
"Fouled by Firmino and taking the free kick quickly, knowing that Janssen was going to get going. But they couldn't find him.",nervousness,0.1006
And Mane is offside. The post though. Good line that from Tottenham back 4.,curiosity,0.0972
Sirigu not so comfortable with the ball at his feet. On side Messi. Oh missed. Fully tuned himself in with. The brilliance alongside it. He's getting there though.,excitement,0.1007
I don't think he got to the ball anyway that given that.,disappointment,0.1303
"Yeah, it was a tale of two great first touches, wasn't it? That goal from Liverpool. Lallana and Milner all about the first touch.",excitement,0.208
The Frenchman he's got up and down.,excitement,0.1833
"Also, you have two players jumping and two standing on the floor and two turning their backs on it.",excitement,0.147
"Hernanes sends a good ball out wide now to Evra. They've got the tails up now, Juventus.",excitement,0.1778
"You had big boots to fill when he replaced Antonio Conte when he went off to be the Italy national coach, but success has carried on for Juventus. 4 successive Serie A titles, although this season with the new players in it, could be a different story. And here's their first opportunity Manchester City and it's Raheem Sterling, Buffon with the save not once but twice. David Silva thought he got a tap in, but for the first time they're Manchester City. Open up Juventus. Yeah, they opened him up quite easy as well as a great save by Buffon.",excitement,0.0919
"That's better from Wilfred Bony. Yeah, it's the first time he's held the ball up.",realization,0.0822
Right now it's a good ball to Lallana.,excitement,0.1141
He's gonna take the risk and he's needs the goal Laurent Blanc.,desire,0.1057
So onto situation here. Pique goes to ground.,confusion,0.0887
"Well, he doesn't disappoint, does he? Is disappointing because it didn't bounce the back of the net, but he knows it was a good one.",disappointment,0.1438
"Back so soon with so many different head injuries. It's a terrific effort by Lewandowsk to this point, though as Thierry Henry was saying at half time he really should have gobbled up that chance.",excitement,0.0877
"Sterling, Fernandinho to Aguero. Aguero's got a decent record in terms of scoring goals against Liverpool in general, but not here at Anfield.",admiration,0.0903
"But it's the kind of situation, Steve, that that Manchester City have been finding with regularity of us here. The day they put Chelsea to the sword. But when they kick the ball up in transition like this, they're so dangerous. Sturaro wanted the foul. Fletcher was never getting it.",desire,0.1017
"Carlo Angelotti, having worked in the Premier League, knows that whatever the circumstances.",realization,0.1442
"Nasri leaves it here for Sagna. Whipped it first time towards Wilfried Bony , and it was Bonucci covering across to get it away Juventus. Now Kolarov.",anger,0.0978
Always had pace in this attack this season. We've got a bit at the moment.,excitement,0.1051
Doesn't come off that from Alessandrini. This is Lemina.,confusion,0.1025
"I think Maxwell picks against himself, he goes. Looks like the Barcelona players are complaining.",annoyance,0.1235
First half when Sergio Ramos was a player who got their head busted in the back of head accidentally by Krychowiak with Krychowiak drawing blood. Ramos now has a bloody nose to deal with himself.,approval,0.0743
Combining well with Gameiro. Plays it in. Into the net Iborra And Gameiro,excitement,0.109
"Real have only lost nine games all season, but four of them, so tonight's opponents.",disappointment,0.0933
"Here's Fernandinho looking to send it forward towards Wilfried Bony, but you could see again there, Steve Chiellini. He sticks to him like glue. The minute the ball gets played up to him. Yeah. Anything down the centre of the pitch.",excitement,0.1039
What a ball from Pogba. His best moment of the match. You expect more from him.,excitement,0.1408
"When they are going outside it infield, it's Coquelin and Ramsey.",realization,0.0817
Jose at Liverpool at Chelsea last season and his Dortmund beat Real Madrid in a Champions League semifinal no less.,excitement,0.1037
Sent it towards Diego Costa might have another bite at it here. It was a good cross from Azpilicueta,anger,0.1122
"I've seen the Piqué, but none of the Barcelona players at risk of missing the second leg. But there are a couple of PSG players treading the tightrope Van der Wiel and the Matuidi would both miss returning to Spain if they were to be cautious.",curiosity,0.088
"The German manager, feeling that he wanted to shake things up a little bit tonight, give one or two other players an opportunity after the 120 minutes at Wembley at the weekend. Here is Zabaleta and Navas. Liverpool had plenty around the ball.",desire,0.155
Switching play they shuttle across in the red and white stripes.,curiosity,0.0953
"The more whistles from the ref, the better as far as Atletico are concerned. I'll be content with the Stop start game. Say assistant who helped him then? Fernandez. He's guilty of the push.",annoyance,0.0978
"And a bit of room to push forward into, and he's taking up that challenge.",desire,0.141
"You'll see defenders these days pleading their innocence whether they win the ball or not, they just waggle a finger at the referee and so I won the ball. I think our below was was well away from there Lallana clearly fouled. Then Moreno gives it away.",anger,0.0947
"When Ronaldo makes that extravagant type of contact, but he's feeling something, yeah, maybe little grimace.",confusion,0.0964
"He has played with real freedom today, hasn't he Alex Iwobi? Both in terms of runs he's made and the kind of passes that he's been able to complete as well. He can play wide at times and.",realization,0.0869
"All three forward and only it seemed 3 back. Well, if Bayern Munich continue to do this you are going to have one exciting 90 minutes of football because it is man to man marking all over the pitch and Barcelona with the players they have like Iniesta, Suarez, Neymar and Messi wants to beat their man they really are onto that Bayern Munich defense so quickly. Mascherano.",excitement,0.177
"Good closing from Liverpool. It might have been a foul, but the three players gone to the ball at the same time, put Navas under pressure.",caring,0.0961
Everyone still looking up at Leicester. Here's Fernando. Clichy,excitement,0.0827
"Gives you a different dimension, doesn't he? They are hitting some diagonal balls in into him? They haven't done that all evening. They don't probably need to play intricate play now and he's drawing fouls off Kompany. There's a bit of frustration in that defense at the moment. It gives Liverpool the free kick in a very good position for them.",annoyance,0.176
"Vincent Kompany, the captain certainly played his part in all of that.",realization,0.1056
"It's clearly something that isn't there. Yeah, yeah.",disappointment,0.2067
Monreal. It's all the wrong footed.,disappointment,0.1532
Hoisted forward towards Origi not cleared very far by Clichy. Milner in towards Firmino.,excitement,0.0779
the man that Joachim Löw said in the World Cup final. Go on and be better than Messi. Show the world that you're better than Messi. Messi's just shown the world again how great he and now it's Gotze's chance.,excitement,0.0969
Better than most. It's only a start. Just that point of view.,realization,0.1137
Come here. Bonaventura were defeated. Assessment of Atlanta. de Jong. Destro.,disappointment,0.161
"Bacca being marshalled by Pepe. Reyes. Reyes plays it forward. Will there be a flag? Well, there wasn't.",confusion,0.1192
Good play from Jérémy Ménez just held the ball waiting for Bonaventura.,excitement,0.0938
"That angle, of course, slightly distorts the distance, and why not? I think I would normally say not from there, but I think early in the game such as this, put some pressure on that goalkeeper testing.",confusion,0.2074
They just have to be wary because they're still in this game. Good start for the second half. Woodwork struck at both ends.,nervousness,0.317
"First, top of the pile and many avoid the likes of Bayern Munich, Chelsea and of course, if you're Paris Saint Germain you would avoid. Real Madrid as well. Yeah. This from Neymar. Suarez. Mathieu. Busquets.",disapproval,0.0752
"Van der Wiel, given the credit for the goal.",realization,0.1351
Henderson nearly joined Manchester United Once Upon a time. And left Sunderland.,excitement,0.1116
Pedro around to take the Chelsea corner.,excitement,0.0763
I don't want to continue in that van. Concentrate on the football. 10 more goalless minutes. Into the second half of the second leg.,disapproval,0.115
Amazing how much more solid Manchester City look with Kompany sat there at the back obviously. Fernando and Fernandinho just sitting in front of that back four as well quite solid look to it today. Manchester City's team.,surprise,0.1902
He was bought as a Talisman to try and rally the troops.,pride,0.1057
Fair enough. Sometimes you try and get out there and you don't feel good. And if you can't do the honest things to come off.,disappointment,0.1246
That Demichelis and Mangala would be.,realization,0.1266
It is by Navas and away by Lovren. And then the Ibe can.,realization,0.0805
"What a sequence of events. We just didn't know who was gonna shoot, how they were gonna shoot.",excitement,0.1795
Payet's passing this season has been absolutely tremendous. He's set up more goals than any other player in league.,admiration,0.1146
Messi look at the space here for Suarez.,curiosity,0.1464
Adriano. Messi.,confusion,0.1494
There's been a lot of posturing and a lot of competing for the ball.,confusion,0.155
Marcelo. One of his better passes.,admiration,0.0986
 By Bernat. Here's Schweinsteiger,realization,0.0702
"Yellow card for Joel Campbell's News comes in important news. Maybe, too, that Dina Mosapride have the lead in the other game in this group against Olympiacos. That is good news for Arsenal. Hodge has got that goal.",excitement,0.1063
In the pool made eyes in the back of their head at the moment. There's no supply. Good work by Can.,confusion,0.1186
"Here's Matic, who was saying in the week that Antonio Conte has given him the licence to play a bit further up the pitch this season to be a bit more expressive as an attacking player. Fabregas was lucky there. Now Ivanovic And Ngolo Kante",approval,0.0908
"Into the last 15 minutes, Manchester City one, Juventus one. own goal by Chiellini which gave City the lead and then the equaliser, superbly manufactured by Popper and finished off by Mario Mandzukic. There's the disappointed look on the face of Vincent Company.",disappointment,0.243
"And strong challenges. He's given away silly foul that's put him under pressure. Brings the first opportunity here with just over 11 minutes gone for Manchester City, who have sent out Otamendi and Kompany forward.",excitement,0.0824
"Just need a bit more quality with that ball into the box, but started that move with City, giving the ball away. United are quick to close down the man.",desire,0.0793
An expansive flick from an expensive player.,excitement,0.1484
And he's kind of set pieces. Casillas could have actually come in court. I don't think Ramos heard the shout.,surprise,0.0735
"It seems a long time ago now, but the 1st 12/15 minutes went pretty well for Manchester City. Luis Suarez did get a big slice of luck.",excitement,0.1111
"Liverpool now concede a free kick. Well, that's a completely different game. The crowd are up.",confusion,0.1381
It's a loose one that time from Sagna.,curiosity,0.0885
Arda Turan going for it and we jumped for a bit untidy out by Isco.,excitement,0.2336
Prolonged possession here from.,realization,0.0812
"When you think this was the club of Platini, Boniek, Zoff, Cannavaro, Zidane, Schira, Baggio, Ibrahimovic, Rossi and many, many more.",confusion,0.1652
"Has no idea that Benzema just drifted off in just a couple of yards at the far post. Wonderful ball for Marcello and you see color Torre looking round. He doesn't know where Benzema is. If you're a centre half against the Frenchman, you're going to get punished because he is brilliant at finding space in a crowded penalty area.",confusion,0.1922
"Unfortunately, I agree with Inzaghi. [inaudible]",sadness,0.2841
We had a bit of a delay for that David Luiz injury.,annoyance,0.0911
"Six goals this season, 12 assists for the. Most creative player. In Ligue One this season.",approval,0.1202
The last time Real Madrid lost at home in this competition. Back in a semifinal. 2011 to Barcelona. Titanic battles.,disappointment,0.0913
"Jeremy Mattia, who has given his debut for the French international team by PSG boss Laurent Blanc. Coming on.",excitement,0.0885
"Beautifully had it had it gone into the top corner, just half slices it, opening up his body. Toni Kroos has his eye on another La Liga goal, having scored against Celta last week.",excitement,0.1126
He seem to appreciate it himself and his players to come up with that kind of solution that will. Open Manchester United up which they. Really didn't do at all in the first half.,admiration,0.1935
"You're going to kick it forwards like that, which is good for Arsenal, good for Chambers. Clyne. Lallana.",excitement,0.0895
"Whatever distracted Neuer we understand, it might have been a complaint about the official behind the goal.",annoyance,0.1705
"Hesitation by Boateng, but not by Barcelona and not by Messi. Well won back.",surprise,0.1635
He has reveled in his. Defensive linchpin role today with Dier having had to move out to right back. Wanyama's role has been much more defined.,admiration,0.2018
Without those front 5 in front of Henderson have played so far this season.They been electric.,desire,0.0818
One or two signs that Liverpool are playing their way into the contest after.,realization,0.139
"Busquets does well here, he just slides in, gets that left foot touch, which gives possession back to Barcelona. We've had a lot tonight. Great goals. Level assists. Claws have been razor sharp.",approval,0.0991
Was the case at at staff for bridge in the Champions League. Payet with the pass. The header from Thiago Silva. Ayew,caring,0.1002
"Oscar. Stamford Bridge packed tonight. Lot of talk about what they're going to do with it, Chelsea, in terms of developing the site.",excitement,0.1706
Is Sterling on the ball for the first time that firmly by Flanagan,realization,0.158
" Wembley hero from Sunday, Willie Caballero saved 3 penalties from Liverpool. At Wembley. Here's Firmino",excitement,0.1371
Things are going to rush into tackles and the referee seeing that as a yellow card. He's missed the ball.,excitement,0.1641
But the Italian teams know how to get a result and they.,realization,0.1641
"It's got that look about it at the moment, but still early days.",curiosity,0.111
Mario Rui. Antonelli intercepts.,excitement,0.0788
"Still very slow, Fletch. No, you don't want to repeat yourself, but.",annoyance,0.1138
It willl fall here for Alexis Sanchez. It was Fabregas who was back there with desperate defending. For Chelsea.,desire,0.0932
And Rashford just drove through the middle. And here's Martial trying to do something similar. Beaten out by Hart. Again Demichelis beaten all ends up just getting caught.,disappointment,0.1175
First Manchester derby goal of the season after the goalless draw at [stadium]Old Trafford[stadium] in October.,realization,0.1011
"Again, I don't think there's too much in it. It's a bit late there in the 68th minute. Lallana has done his job.",caring,0.0813
I don't think he'll be too pleased with the way his side started the second half and I think credit to Bayern Munich for that for the way they've started.,disapproval,0.1018
Aaron just called that for a moment. It looks as though Borini was favorite. Get in for Liverpool. The Real Madrid finding.,curiosity,0.102
"Part of their strategy must have been towards keeping a clean sheet here tonight, bearing in mind how costly away goals have been to Paris Saint Germain at this stage in the last two seasons.",desire,0.1194
Lining up for the first time cross. Anticipated and covered well by Azpilicueta.,excitement,0.2207
"Matic was being hustled there by Theo Walcott. Arsenal get the free kick. The big problem, of course, for Chelsea last season was conceding goals in the Premier League 53 last season and I think the expectation was when Antonio Conte arrives, an Italian with the defensive mentality and the track record at Juventus with the Italian national team, that he will get the problem sorted. But it's taking a little bit longer, I think, than people expected. I know it is only early and we have to, you know, you have to say that David Luiz's come in. But today when they've got the ball.",excitement,0.0777
"Lovren's just racing behind him, feels the touch and goes down, and now this is a dangerous position. The last one was a little straight.",nervousness,0.159
"The best young central defender around in the European game, maybe the world game is.",excitement,0.1039
Still not convinced about Barcelona's defense [commentor]Rob[commentor].,confusion,0.2513
And now Payet can take the free kick. It's a decent delivery and it's a good header from Maxwell.,caring,0.1015
"Maybe we'll get one here with Jordi Alba. Headed out by Benatia. Recovered by Mascherano, but he's caught.",excitement,0.0958
"Manchester City, enjoying their best spell of possession they've had so far tonight.",excitement,0.1494
"Athletico are very effective, is it set pieces but they need to get them a bit further up the pitch from this one. Yeah, they've got a few routines up the sleeve, haven't they?",caring,0.1076
"Snipping danger all over the place, that they haven't felt so far. I think they're just jogging Oscar and say, Matic is really getting up to the ball. Happy just to let them cool out there at home for the 40,000 fans Friday night, you have to go for it. You can't just jog out to people. Sprinting back on this David Luiz. You're not getting close enough.",nervousness,0.171
"The game almost in the back, but not quite, yet.",confusion,0.1517
Touré out to Sagna. Over goes Evra. Silva. Mangala. Kolarov.,excitement,0.0644
"Get's better than Manchester City, by the way, looking very good. Zableta just scored a second.",optimism,0.1009
Good movement in the box and Hernandez's always sharp in those circumstances. So we just passed the half hour mark. Of the.,caring,0.0976
beaten goalkeepers across the length and breadth of Europe. Could he manage that from here? Not a bad attempt.,curiosity,0.1156
Reporters inside the Sensia. The ball from his say. It was.,excitement,0.102
"You've got Pique and Mascherano for a fact they don't like to run back to their own goals because I didn't, as a defender, you don't want to do that, so why wouldn't you hit a few over the top?",curiosity,0.1422
Started his stuff in that shootout at Wembley. Well deserved.,excitement,0.0953
"Just comes in and gives him a good, clears the ball gives him a good whack and there's no problem with that again.",optimism,0.1011
Karius wass trying to get. Sturridge away with a long clearance through the middle. Back conme United again.,nervousness,0.0924
First touch in the Premier League for Joel Matip.,excitement,0.0952
"There's your man of the match, Steve today, there's been a lot of good performance as Sanchez is a walk up, I'm going to give it to Alex Iwobi. He's only 20. Young lads. He's keeping out, Lucas Perez, a big signing. He's keeping out Olivier Giroud. I think he's done excellent today and he deserves a lot of credit. So the man of the match here.",admiration,0.1242
Ramos in some pain and there's more blood. Echoes of the,anger,0.1842
Continues. Sevilla in possession.,pride,0.0961
Bonaventura. Milan just need to go up a couple of gears. They've certainly gone from first gear into second.,excitement,0.0737
"If they were to concede an Athletico gonna throw everything at it, of course 1:1. Would put them through.",realization,0.0892
Mustafi in quickly on Diego Costa. Azpilicueta Kante. Matic.,excitement,0.1529
Dzeko fired in to Milner. Now finding David Silva. Dzeko.,realization,0.0869
"Lamela, I'm sure we'll be tempted by this. Five aerial targets in case he. Passes the responsibility elsewhere. Sure, he will try and test Mignolet He has done. Mignolet equal to it.",curiosity,0.1088
"Probably coming into both of them are slight underdogs, and in that feeling about this one, we've seen some hot words from Liverpool in terms of ambition.",desire,0.1193
"What's this out of the area? I think that's why we're seeing it from the local fans are complaining. I don't think it is. I don't think it is, but I think the game of- this is close this close. Yeah, I think game of this nature you have to try and grab every decision or try and force every decision that you can and Liverpool fans are just trying to impress on the referee that might have been out of the out of the penalty area.",annoyance,0.1238
Now Liverpool can bring it away with Coutinho.,realization,0.0926
Polish midfielder and Sergio Ramos. Oh dear me.,sadness,0.1903
Kolarov on the move Flanagan in there. So is Toure. Kolo Toure had a really good night. John Flanagan just stayed down off the ball. Think he might have got a bang in the face?,curiosity,0.1144
"16 hugely important minutes coming up. Both of these two teams as it stands, PSG are moving top of the league. They will be a point above Lyon if they can win here. Payet.",excitement,0.1044
"And in Rio, of course, Gotze did steal the headlines from Messi in the World Cup final.",excitement,0.1717
Jesús Gámez Koke.,amusement,0.1723
Otamendi. Now Clichy Sterling.,realization,0.1186
"Seven games to play after this tonight. And it's not just about them chasing the championship, it's about that top four place and the likes of West Ham and Manchester United still very much in contention. If results go against them tonight.",desire,0.0876
Shows that they can cope with it and they've stepped up progressed.,realization,0.231
"Was voted into the All Star team in that two long tournament for England, won either in the summer. A boost for his confidence.",optimism,0.1526
"Manchester City looking for a lift off? It's James Milner. He went low, maybe hoping they're the ref- war would jump.",nervousness,0.1816
"Antonelli is fortunate there he was accidental at the most, his touch was a weak one.",relief,0.1647
"It's going to have this kind of pattern, isn't it? Allowing Real Madrid possession, which just slot into there. Shape Athletico.",realization,0.1009
Looking to get away with that one force that was in it.,annoyance,0.0986
"Mandzukic flicking it on, but only after he.",excitement,0.1181
"Another thing that Guardiola said of interest yesterday, and he said many things was we do need to get a goal. He praised Thiago's goal in the in Portugal in the quarterfinal, even though they lost 3-1. How important it was with the psychology of setting up for the home tie. And I think what most teams want to do away from home.",curiosity,0.258
"They're good in the air, but Real, they've got plenty. Of ammunition themselves.",realization,0.1174
Liverpool captain Henderson. Flanagan.,excitement,0.0736
"And with this type of team Fletch, you might as well get it up to Diego Costa because he is so strong and aggressive at this moment in time, he'll hold the ball and bring other people into play, brings Matic in, brings Hazard and slips the ball to Willian who just pulls it past the far post really, really close, but great play.",excitement,0.1093
He'd be disappointed with that. It's a chance.,disappointment,0.244
They need something to do. They need to. They need a change. Kevin Debruyne is out there as well.,desire,0.2786
"From level at the interval, and there's a purple patch for Liverpool, led by Coutinho.",caring,0.0775
"His arms's being pulled, or he's been dragged back. There's a mistake by Bernat and it's let Messi in!. He makes the difference for Barcelona. There were one or two signs. And Bayern feeling the strain.",nervousness,0.1138
Was helping out. Griezmann is the furthest forward and he's had to. Have a lot of ground to get there. Pepe.,caring,0.1034
"And Ramos, he's always going to make sure the referee knows about that challenge. He's already thinking how he's gonna. Deal with the depletion. It's a silly challenge to make because. You're the one leading with your studs. When you're on the yellow card. He thought he was going to be. Given the benefit of the doubt. And you can see the shock that followed.",surprise,0.1878
"This is Hazard. Staying on his feet to his credit It was good for Mane to get back. Willian, now team blue in the middle. Ivanovic with a weaving run Goal kick.",nervousness,0.1086
Referee on that far side certainly didn't flag. The referee gave. It was really harsh.,disappointment,0.1024
Manchester United had a great day today playing another South Coast team in Southampton.,excitement,0.1432
Unai Emery checking with his Polish midfielders to whether he can come back on. The headers there. It's two,curiosity,0.1379
That was in a quarterfinal. Luis Enrique who has put a Different kind of attitude.,confusion,0.118
"The last thing you would have wanted his team to get exposed. I just talked about how they were solid and not giving space in front of that back. Those back players just got completely exposed. In transition, giving the ball away all of a sudden being attacked on.",disappointment,0.1167
"David Luiz. Cracking ball to find hazard over the head of Clyne, but the flag was up. Clyne no need to worry.",excitement,0.1741
" He took matters into his own hands. Step over and pop back great tackle for Fernandinho. He looked up. There was Bony surrounded by about four Juventus defenders, so he's had a crack shot at it. Is rising high.",excitement,0.1709
Already might have gone for that nice work by Javier Hernandez. First time from Ronaldo.,excitement,0.1193
"He does.Neuer has the answer and he walks across and catches. Yeah, almost patronising, wasn't it? Brilliant goalkeeping. What you like to see to goal Goalkeeper to do, take the sting out of the situation completely. Alonso",excitement,0.0803
"People that can scare you run behind you, score goals.",fear,0.3622
"Barcelona team Enrique swaps and changes the players that disappear. There's always a spot for Mascherano, either in defense or.",caring,0.071
"Otamendi and other people questioning the selection of the weekend, why he wasn't in the starting lineup.",curiosity,0.1786
It's not a bad place is it? At the right back position.,curiosity,0.1665
It works it well now Clichy can pick across.,relief,0.1688
Not much at all. Zabaleta might this time. He finds Lovren in the way.,disappointment,0.0791
"Rafinha. He was stumbled by Alonso, taken away by Iniesta. Into Suarez. By Busquets. Rakitic going outside Messi. He uses him.",excitement,0.1006
"Schweinsteiger makes the run in from the edge of the box, he gets the contact I think.",excitement,0.131
"Alessandrini again. Looking to inject a bit of impetus, Roman Alessandrini.",curiosity,0.0905
"Like victory, they achieved here and he hasn't scored in the competition since. It's the first real opening we've had so far.",excitement,0.0962
"Don't see that too much anymore, friends. Just charging out from a wide free kick. Miles offside.",annoyance,0.0911
Fernando beaten to it there by Lallana and now Roberto Firmino.,disappointment,0.1613
Frustration for Zlatan Ibrahimovic as Morel breathes a sigh of relief.,annoyance,0.2681
Three clubs top for the prize list in the English game.,realization,0.1093
"For Liverpool, trying to set the agenda here. They are and Chelsea seemed happy at the moment, just to sit back 5-10 yards outside the edge of the box. The back four and. He's having that. Certainly a rush first 15 minutes.",excitement,0.1254
"And so we've got, we'll have men around the ball, but it's then can we find the passover the top for Aguero,",curiosity,0.0947
Defending in numbers. There's a different kind of concentration for Casillas.,realization,0.0798
And trying to keep up some momentum in the game and obviously Gameiro comes on for Bacca. It's a straight swap up top and Gameiro of course came on.,excitement,0.1533
"Good first pass for Suarez, it's just picked up the attack.",realization,0.1144
"I guess he knows all about the Bayern players, but maybe he doesn't see much of Ter Stegen who doesn't play in the league, only in the Champions League and the domestic cups.",confusion,0.1647
"But he's not a right back. This is the other side of it, Rob. You know, I think they've got two centre halves played at full backs and that's the problem. Here's Pique.",confusion,0.1123
The Manchester City are in need of a break.,desire,0.0821
"All done minelayer again, it's a really solid punch.",excitement,0.0849
Sanchez just need to run past the flavanones.,annoyance,0.1024
"The lines men were on the lines, but the flag stayed down. He just looks offside from our position. It was a good pass.",curiosity,0.0774
And see how Holding fits in having escaped the line from the championship that many of his.,curiosity,0.1732
Valencia's throw met by Milner. Forced forward by Emry Can. Coutinho.,curiosity,0.073
"It's game over. You would think, tie over even, maybe.",confusion,0.1114
React by coming forward. Straight from Bellerín,realization,0.121
It's just Inzaghi would have been just making his final thoughts. I was going to say it first half.,sadness,0.0639
"That was a pity for Liverpool from Flanagan disguised run comes late, really late. If the ball's perfect for him, they're right in behind that city back for holding that 18 yard box. That was the closest to coming in right in behind their defense, and they found that difficult Liverpool. They had a lot of possession. They haven't looked to going in behind. I think, Origi's gotta start spinning the centre halves and getting in behind. He's been in front of City too much.",sadness,0.2005
"He's not the highest in the pecking order as Aleix Vidal, goes down another clash of heads. Varane. Well, it's more of an elbow on Vidal's head.",disappointment,0.143
Aguero. Playing along the shoulders. It comes with the responsibility of getting back into a big game. Toure Away by Mata,pride,0.065
Learning career hasn't quite taken off. He had to wait until late October for his debut because of the band carried over from.,realization,0.113
jurgen klopp can't watch. James Milner! Doesn't miss. Liverpool have the advantage?,confusion,0.1293
"And as you said, the immediate impact. From the introduction of the Welsh Wizard.",realization,0.2372
"Milner. And Jose Mourinho ringing his finger, saying no to Anthony Taylor.",disapproval,0.1984
Messi towards Suarez. He might break through again and he scored Luis Suarez back on English soil.,confusion,0.1601
"And they won at Arsenal, have drawn at Tottenham.",realization,0.1209
More than just a goal now dominating the ball.,excitement,0.1731
 It's been a fair few months now at the club. It's that time he makes an impact and it's a good start from him.,optimism,0.1332
It was game over in the second half was a formality. Moreno.,approval,0.1725
Just trying to get on the shoulder of Javi Martínez. Campbell didn't look. That's the one ball they need to play that killer pass. Bayern struggle to deal with that at times.,annoyance,0.0967
"Aguero buys himself a yard, then runs into Lovren.",anger,0.1194
Interesting effect if they can score from this. Back to the Spaniard again.,curiosity,0.328
"Pogba, Furthest forward from Manchester United and still so. That's from a. Great winning goal for.",excitement,0.0927
"So a long way out, but they are. Organised at set pieces. You know what needs to be done. Seems to be some form of plan. Everybody back from Milan. Offside . [inaudible] With a couple of questions to the referee.",annoyance,0.1052
It's Blind who is Getting the warning.,confusion,0.1362
"Of course, anything that they get from tonight would be not just in addition to their points tally, but would be a fantastic tonic for what lies ahead. And here's Adam Lallana. Touch out by. The Moreno .",caring,0.0938
Here's Emry Can and now Jordan Henderson.,realization,0.0826
"ter Stegen. Goalkeeper selling Ibrahimovic[inaudible] stick and of course it's the Champions League keeper, the German international, who was signed in the summer. We expected him to be the number one, but he picked up an injury in preseason.",confusion,0.0849
Clyne can lift it up here towards Firmino.,caring,0.0686
"Has missed a glorious, glorious opportunity if scored there. Sarri puts his hands on his head. And asked the question how his.",excitement,0.107
Clyne Blind,confusion,0.1436
"No natural target man, Sterling playing.",amusement,0.1062
Jordi Alba. Here's Rakitic,curiosity,0.0805
He was running down a bit of a cold. The sack here Borini absolutely right. He's got no support. Has to do it all himself. Mostly just a clip of the heels. I think Liverpool and Borini will be happy to take the free kick in. Quite a dangerous area.,nervousness,0.0944
"And immediately Cavani pulled away to the left hand side. Thauvin, now finding, Ayew? Dja Djédjé.",surprise,0.1237
"Liverpool's ability to cause you problems quickly on the counter. Marnet again, it's a good decision from the assistant referee. Coutinho offside in the middle, but such a threat Mane isn't he with that pace?",curiosity,0.1327
"You saw the Liverpool goalkeeper hesitant on crosses. Ashley Young will cut back on that right foot on swing. Those wicked crosses in, and Matic, Pogba and Fellaini will be flying in towards goal, so that will be the tactic.",nervousness,0.1983
Coming Infield is Clyne and taking it on the burst and taking Chelsea on just losing his balance rather than being knocked to the ground. There is a little bit arrogance in Liverpool's play on this near side looking so comfortable. Willian has done well.,curiosity,0.0812
When in doubt give it to Messi. Agüero. Still exceptionally well there clear foul by Adriano. He's got a competitor. He is.,curiosity,0.0806
"A lot of people weren't expecting and at least this week Liverpool have got ourselves a foothold in the game, not conceded early, which is important when you're trying to gain momentum.",surprise,0.265
Mandzukic whose having a conversation as the game goes on with the assistant and beneath us that leaves him one extra man like he's recognised his responsibilities now.,realization,0.1378
"But he is a former Tottenham player, but not one of he would tell you of great renown at White Hart Lane.",confusion,0.1651
"He was just looking to players in behind Kompany towards Origi and the Belgium was able to reach it for City and Lalana with the challenge on Zabaleta and that's going to be a free kick. He's been keen to make tackles so far though hasn't he? Adam Lallana. He certainly has all his teammates as well. That's the point. Liverpool pressing the ball really well, they've won enough possession, back off city. It's been disappointing. Their creation and their last pass. Nothing's happening for them at the moment.",disappointment,0.1717
"Costa again. Here's Alaba. And stars for Austria. Did so well in qualifying for the European Championships country on their way back, the Austrians.",excitement,0.098
"He scored ten Premier League goals last season, more than any other Liverpool player Roberto Firmino.",realization,0.1027
I suppose Marcus Alonso might come into that category as a wingback. Maybe.,curiosity,0.1709
"This is the Messi one from earlier sets out outside the polls brings it back, just not far enough.",disappointment,0.2315
"Free kick will be given for Juventus here. Yeah, crowd not too happy. They wanted to play advantage.",desire,0.098
The slow start rather imposed on them by the Manchester United game plan.,annoyance,0.0944
"Taking charge of the Europa League final last year, so he's one of Europa's top men.",realization,0.0934
It's unthinkable for the Manchester United supporters here that in three days they might lose out to their two.,disappointment,0.1404
"We will be doing the maths later on, but if they were to win by three, which is a tall order, they don't do that very often against Manchester United, they would go top above Manchester City and that kind of probing football.",curiosity,0.1072
Certainly did have a fine game against Eibar about midweek as free kicks been conceded and that is more or less Cristiano territory.,excitement,0.0863
Kolo Toure plays it up here towards Firmino.,approval,0.0787
"Two holding midfield players and Pastore is gonna play in front of them as a number 10 behind Cavani, Lucas on his right hand side.",excitement,0.0873
The slower Manchester City are the happier the Juventus team will be. Lovely shape that they have.,optimism,0.1177
Looks like Ramsay and Sanchez feeling that the half American was knocked onto the seat of his pants there.,confusion,0.0819
"They haven't always been good at home this season and nothing performance.Here's Smalling, he's done well and Martial not gambled there but it could have come round the other side. And Rashford's cross. It's on the ball now though. Mata",disappointment,0.1772
To get it back for City. Here's Navas.,desire,0.0792
Luiz Enrique [inaudible] this one.,confusion,0.0937
"It's been an interesting battle tonight, won't it? Between Wilfried Bony, and maybe Chiellini, who's most likely to pick him up. He's the most physical of the Juventus centre backs. Here is Cuadrado.",curiosity,0.265
"From their spell at the start of the second half, it's been quite a dispiriting evening, really, for PSG so far, but could it be about to change? Matuidi pulls it back. Dangerous enough area. Mathieu was there to clear. Pastore.",disappointment,0.1402
"David Silva wriggles away from Lichtsteiner. Still, David Silva had options. Nasri was one of them, Silva to Kolarov.",excitement,0.0789
"Glenn, it would be be interesting to see how Chelsea play. Whether Azpilicueta and Alonso are the right people to play this role.",curiosity,0.5183
"Markovic is very lucky here. He just goes to sleep, gets caught ball watching.",relief,0.1315
"They are staying really tight and narrow this Manchester United back four, allowing Yound and Rashford both you see there at the top and bottom of the pitch. It's almost as if it's a back six back seven now with Fellaini. Here's Coutinho.",confusion,0.0904
"Here he is, Michy Batshuayi. Coming in field.",excitement,0.1505
"Very effective for Ibrahimovic. Three times he's had the ball n,ow Marcus Rashford. He's made three mistakes. Can Well, he got within range, but.",caring,0.09
Settle down quick and the squeeze in the game.,relief,0.2938
"Now, how dangerous was this? Again, like Ayew, he's got a a piece on the ball but again studs were showing. The boot was high from Romao",curiosity,0.1267
"Hi return's come in the nick of time, Martin Skrtel on the bench as well tonight, which is a welcome sight. For Jurgen Klopp",excitement,0.1148
Manchester City trying to. Make themselves part.,desire,0.1406
"Just fine space. Such an intelligent player because he has this deeper role these days alongside Cook and almost as another defensive midfielder because all he's done a good job playing back. But of course you you may be missed. What he brings a little bit further up the pitch but the only problem with that is when you play these top teams, he's not going to be on the ball, he's going to be defending all the time and that's not his greatest attribute. You want to dictate the game like there at the center of the park.",caring,0.1041
"Who gets mentioned? Of course, when any big jokes become available. But he just committed himself to Athletico Madrid for. A longer period. He was clearly happy here. He rules the roost. He's the boss.",excitement,0.0766
Lamela threw himself at it. It's Danny Rose! 1-1.,excitement,0.1306
Raúl García. Mandžukić.,admiration,0.0666
So half this match remaining for Empoli to try and get back in. Upset history.,disappointment,0.2546
It's just saying that I think Destro needs another player alongside him.,disappointment,0.1114
A really interesting day so far. It will be discussed tonight on Premier League tonight from 8:00 o'clock with Jake and the guys on the BT Sport 1HD straight after the match here with us today.,curiosity,0.417
In goes the corner away by Matic.,annoyance,0.0731
"The way by Morata, who was back there helping out back in by Kolarov.",curiosity,0.0819
"If you're arsenal, you want Cahill and Ivanovic to have the ball.",desire,0.2367
"It's because he's gone down with cramp and the Atletico players wanting him to get up. That's what the fuss was about. It was Raúl García. Couldn't keep it down. Just a burst. And he's going to be replaced by. Jese. Who is an attacker. Ilio Remenda is also down there. Well, Simeone, you know, I mean. Himenez, the young centre half. Coentrao off. Now they've had to go. Here in Spain. Or was it? Talking five, I think. Isco. Dani Carvajal caught by. Pretty late challenge there.",nervousness,0.1301
"Who started tonight 10 points behind the league leaders Leicester City, with games starting to run out and it's a long way back from here 2-0 down with three minutes of the first half to go. Fantastic skill by Can. Liverpool playing with real confidence now.",optimism,0.0946
"Do you think, Gary, that the way Chelsea started was perhaps a tactic that went wrong, that they were just sitting back and maybe trying to draw this thing out of Liverpool? I think so. I think during the half time, reflecting on what we saw, I think that it was happening too often that Liverpool were able to sort of get control of the game and Chelsea were in that 451 shape.",curiosity,0.1797
The flick on was never threatening to Mignolet's goal.,excitement,0.0852
"I think Brendan Rodgers would he was damned that he did that, but damned if he hadn't.",disapproval,0.0885
"Certainly looking for their 50th Derby win in all major competitions, United. Won 170. Mangala. Come off Darmian Here's Schneiderlin. It's a freekick against Lingard this time.",desire,0.1143
"I do have plenty of talent to pick from Juventus. This club, which over the years has.",excitement,0.1032
Described by Guardiola as the most intelligent footballer he'd ever worked with.,admiration,0.1555
"It's good for Marquinhos, aggressive front foot, not backing off.",anger,0.0939
He's recently retired from international football when he was part of the the England setup. They used to keep extensive data.,desire,0.0853
Navas and Zabaleta in support. Here's Navas.,approval,0.3033
It was nearly an excellent ball from Pepe. Hernandez.,excitement,0.1326
Pedro is Holding the touchline in this right side [commentor]Rob[commentor] while trying to stretch the defense and see if you can get a one on one situation.,curiosity,0.1694
"He's got a bit of pace as well, yeah, Morata and Cuadrado, now upfront. We've certainly got an outlet, haven't they? Certainly got pace to get him behind as well.",excitement,0.138
"I think the frustration comes from the ones he's got wrong earlier. Second yellow card of the season, four for Vertonghen. The second Tottenham player booked today.",annoyance,0.2583
"In the qualifier and he's got a goal tonight in Eindhoven against PSV, so Manchester United leading. Manchester City. Finding it more difficult here.",excitement,0.0755
Shown inside by Henderson. It is well read by Lovren as he steps up from the defensive line. Mane's pace could be a problem for Rose.,caring,0.1297
From Lavezzi to Rabiot. And here's Maxwell.,realization,0.0829
This is where playing on Thursday might work against the visiting team. Aguero. Clichy. Scoring is not his Forte.,annoyance,0.1209
"Will look to work the ball onto his right foot there, Can then lifts it in towards Milner.",excitement,0.1006
"And it's a nice white line that dictates where the defenders standing. Obviously they draw that point from marking on one side of far touchdown, one side on the net, and they're supposed to draw a parallel line that many of the lines that were put out by these broadcasters. Certainly not parallel.",caring,0.1236
It's a big chance for him to impress Jose Mourinho. Mane has not been a regular because he's had fitness problems.  Ashley Young.,curiosity,0.0916
"Answering nobody wide to the right, only cliche up on this left hand side now checker.",curiosity,0.131
"Shots deflected, so it will loop in high for Rami.",excitement,0.1274
"We've had plenty of time here initially from Paul Pogba, although Angela made life difficult for his French international team mate and the fifth official there, Steve.",curiosity,0.0783
Coquelin has stayed down while Arsenal bring it forward.,curiosity,0.071
Now Nathaniel Clyne. Adam Lallana. Showed a bit too much of that to Pablo Zabaleta and Manchester City get the goal kick.,excitement,0.0902
Juve just beginning to pick up after a.,realization,0.1495
"Can, Moreno. Lallana, Liverpool. Probing away here.",curiosity,0.1755
Arsene Wenger has a lot of trust and he started him in the Champions League in Paris on the opening night and this is a big game as well in the Premier League and he is starting today.,caring,0.129
Now Milner up Henderson and Emry Can.,excitement,0.0833
"Busquets just lost. Here is Kompany. Oh. Bony just put an arm up and maybe pulled Busquets back. I think Busquets had already lost the ball. Yeah, I think you're right. Mines been flagged as well. He's lost the ball there and just pushes him off balance. Sure, there's too much in that.",disappointment,0.0874
5 minutes or so left in the first half and we do feel if Chelsea are going to reactivate it.,nervousness,0.1109
"Towards Mandzukic, who hasn't been in his best form",disappointment,0.1679
"Yeah, at least they have a plan now. They'll get a wide, good ball in by Azpilicueta. He probably should have done a bit better Diego Costa. It was floating away from here so he had to go out to bend his neck and see trying to head it from behind.",excitement,0.0951
Piqué looking long for Luis Suarez.,desire,0.2161
Do they get punished for it. It's devastating counterattack. From Barcelona. Iniesta.,anger,0.1172
The fault seems to be for Barcelona to try and restore this three goal cushion.,disappointment,0.0839
Coutinho did drop down into a deeper role Last weekend against Swansea. Enjoy the third from Lallana,relief,0.0658
As we know can make it really difficult for keeper. not through the legs of David De Gea. He used his right foot very effectively.,realization,0.0934
Europa League fatigue from Manchester United thus far.,disappointment,0.2479
"That's James Rodriguez. Not really needing to be so ambitious, for any little deflection. All Blacks still putting out the barricades in brilliant fashion. Can do no wrong.",excitement,0.0768
"Fortunately for him, he is only 35 years young.",relief,0.2913
"David Sila has won it. Here is Aguero. He's gone away from Mascherano this time, Sergio Agüero.",realization,0.0991
"James Milner in the left back role again for Liverpool today, preferred to Alberto Moreno in that position. Danny Murphy as you watch this, the battle of two clubs, both of whom you represented.",excitement,0.0963
"We feel for. Sergio Ramos and those situations, and I guess you can understand why the authorities do not allow appeals against yellow cards, otherwise they they'll never get a moments peace. But that was one that was wrong. And of course it could have ramifications later on. So it's going to say he's on all action.",sadness,0.1658
They also beat the English champions in Manchester City. Iniesta,realization,0.0891
"Letting off the hook. Mignolet taking his time, certainly not rushing.",annoyance,0.1204
Outswinger from Navas. Bony was unmarked and Manchester United starting. To look more vulnerable.,curiosity,0.0912
"Well, many a season where really the City fans would come to this game expecting Manchester United to beat them.",excitement,0.138
"David Silva, please see 3 blue shirts in the box. One of them Dzeko.",curiosity,0.1023
"Nearly scored from the halfway line to first half, remember.",excitement,0.1387
"Well, two centerback are forward, but with Nazri in Silva over the ball, ter Stegen bracing himself for the possibility. Have an attempt on his goal.",nervousness,0.1376
"Absolute cracker, Liverpool against Spurs, Sky Sports 1 from 7, 24 hours later. How about this?",excitement,0.2135
"Benzema, Ronaldo, he goes in again, but Mignolet sports in this time with his feet. And somewhat decent stop Liverpool goalkeeper. I think he's given the opportunity. It's not the greatest strike from Ronaldo, but once again the movement off the ball from Ronaldo is fantastic. Pretty much down the keepers throw good positioning.",caring,0.0828
Well thought out by Sergio Ramos.,approval,0.1755
And they know how to to break that down as well. So it's ideal now 2-0. They can really relax and. Play with a lot of confidence. Away by Mustafi.,relief,0.1592
"It might very well be James Rodriguez over on the right hand side. He's been playing more in the midfield, but if it's going to be a change on the right hand side of the attack and making it a 433 then you would assume that James Rodriguez would make way or Isco that man will come off. James Rodriguez will move over to the left hand side of the midfield where he had been playing before he got injured.",confusion,0.1008
Casillas really. He could see that his defender was in charge. Still came out though.,curiosity,0.0917
It just gets better for Manchester City because Bayern Munich have scored a. Second goal against CSK Moscow. Ibrahimović. To Maxwell. Pastore. Maxwell crossed. [inaudible] Xavi.,excitement,0.0703
"The fans urging Marseille forward, but perhaps intelligently, Morel coming back and deciding they need to keep the ball for a bit. Brilliant control by Payet.",excitement,0.1038
Maxwell's made the run pastorate looks instead for Matuidi. Now Alessandrini? Lemina.,curiosity,0.0753
Pastore again a lot deeper than he would want to be. This was given it the other way.,desire,0.0851
"David Luiz. Well, they can't position tonight. They kept it very well, Paris Saint Germain. Thiago Motta. Oh to Pique. Once more to Maxwell. Matuidi. Ibrahimović. Nice movement this.",excitement,0.0679
Let's talk the talk again this week. Daniel Sturridge. He does have the.,curiosity,0.0926
He hasn't been able to disrupt Arsenal too much in the opening 23 minutes though here at the Emirates.,curiosity,0.0726
Toure looking for one round the corner for De Bruyne.,desire,0.1499
Can. Divock Origi will get In five minutes for stoppage time.,excitement,0.0752
This transfer window gets his first for the club. His sixth of the season.,realization,0.1421
Last thing you want to do is tear it completely. Shame for him back in the team. That's the challenge that,disappointment,0.1665
"With time and if he stay fit from now to the end of the season. Already look as if they're in a real good run of form with him in the side. That's the key stat, isn't it, Michael? Nine Premier League starts in seven clean sheets.",optimism,0.1481
"Kompany back there for Manchester City. His fitness, of course, will be a big key for them the rest of the way. It's his third successive start for the back tonight.",caring,0.1049
Pounced by Ronaldo met by Miranda cracking down by Varane.,excitement,0.1301
Trying to slide it through for Ibrahimovic.,curiosity,0.0896
Neymar can't lift it beyond Milner. Kompany clear. Agüero.,disappointment,0.0812
His reaction was almost as though he blamed the linesman.,anger,0.1813
"I know many of you are interested on the club and international front about Daniel Sturridge. Well, I'm told by Liverpool that he is fit until just a little bit undercooked in terms of lack of training.",curiosity,0.2419
It's been swallowed up Atlanta and Palmer.,confusion,0.0867
It's a mental battle as well as a tactical battle and.,realization,0.1081
Rabiot Lavezzi. Matuidi.,approval,0.0621
6 minutes past stoppage time. There'd be a good chunk of that I would have thought.,curiosity,0.0766
Because they're not moving forwards. And then when they defend nobody's getting back to help out. This was a simple play from one half of the pitch to the other.,confusion,0.0852
Spurs fans were frustrated that Janssen hadn't kept his place in the starting lineup. today. He will get a part of. 3/4 of the match to.,disappointment,0.1888
"The chance from Manchester United to level on points with Liverpool doesn't look as though it's going to happen, but you never know in the Premier League in the closing stages.",confusion,0.1324
"He even scored on his debut after coming in. Really astute signing as well because he's just what Sevilla well, maybe lacking last season.",approval,0.0982
"Milner, making his way forward. Saw plenty of that at Burnley last week.",approval,0.0907
"Well, his his national future now rests with Stan Allardyce.",realization,0.1512
"Alonso getting forward. There he is again. Now, Thiago.",excitement,0.1407
"Well, look who's here.  [inaudible]scorer. In a previous quarterfinal between these two.",curiosity,0.1102
"And they did Silva disservice there. I thought he was in a tackle. The ball bounced to Aguero, but it's a great little flick for him. Just played it in the path.",confusion,0.1086
Around Europe around the world wouldn't mind having those three to call on.,desire,0.1287
"Lallana, making the run forward for Jordan Henderson here. Swept out by Alderweireld.",excitement,0.0923
"Hazard. He has started the campaign well and revitalized. He finished last season well, but of course most of the. Particular season was",excitement,0.083
"76TH Champions League goal but what an important one. It's his first in the knockout stages in this tournament. Well, the crowd are bowing for him. The atmosphere is incredible and he's got the goal.",excitement,0.1588
Again. You can't find a way through.,disappointment,0.3232
Schneiderlin. A the big part in the move that lead to the penalty shout.,excitement,0.1449
"Just beyond Rakitic but he got to it or to challenge from Clichy. Out comes, the card and Gaël Clichy will not figure in the new camp in three weeks time. That's a yellow card, which will earn a suspension.",disappointment,0.1198
"the one City player who might have been a target, Sergio Aguero had gone to the far post. Sagna. Navas again. United doubling up on him. Fernando. Toure",excitement,0.1213
Fernandinho gets there first. Now Silva. Emry Can has done lots of that tonight though. Hasn't he? In the middle of the park. Arriving to win the ball back for Liverpool. Now Firmino.,excitement,0.1484
The referee had a good view of a potential handball by Young coming from the left hand side; not given.,curiosity,0.1029
"Most players would have gone to ground under that challenge from Lallana, not Isco twists away and suddenly rail breaking forward.",surprise,0.1141
This weekend is Carlos Tevez scored a goal from.,excitement,0.1525
Is Sterling on the ball for the first time that firmly by Flanagan,realization,0.158
It was always to come down. This side was for Arsenal.,disappointment,0.1251
"Space on the edge of the box for Blaise Matuidi on his right foot. Oh, that is absolutely brilliant.",excitement,0.1266
"With time and if he stay fit from now to the end of the season. Already look as if they're in a real good run of form with him in the side. That's the key stat, isn't it, Michael? Nine Premier League starts in seven clean sheets.",optimism,0.1481
"We played the sensible, pass the right pass in the circumstances. To give that boy a tapping.",caring,0.1091
Possibly a bit of thigh movement from Marcelo.,curiosity,0.0983
"There is one league table that Liverpool are top of, it's the distance covered in the Premier League going into this weekend. They have run 500 miles.",caring,0.1051
The quarterfinal is still awaiting its first goal.,excitement,0.162
With your experience playing against Liverpool in his time in the Premier League with Tottenham. James Rodriguez.,realization,0.0925
Livepool have to work their way back into the game in Swansea but one.,curiosity,0.0632
Motta jumping with Payet. Payet comes away with the ball.,excitement,0.2598
Azpilicueta It's over Coutinho A step between Willian,relief,0.069
Small laps from him and it's back from Cabaye to David Luiz.,realization,0.0634
"All the people in it, rather on their feet.",nervousness,0.0704
"Well, he's young. We don't want to labour the point because he is young and making his way in the game.",desire,0.0777
"I don't want the 10th fight here, Gary, but the 3/4 of the way through the game and Anthony Taylor, we haven't mentioned any of that stuff at the start about where he lives and you know, he found the managers were saying about him. He's just got on with the job and he's come with the alright so far.",confusion,0.0648
"That's amazing, defenders who. Dished out in their own penalty area, go up to the other end to try and get a goal and then complain it's being done to them.",surprise,0.2
"Carrick had been fouled. Initially, Carrick's got hold of Toure just to have a shot.",excitement,0.1137
"Atletico, it would be for a fifth time ever.",excitement,0.1064
Here is Thiago? Rafinha Alonso,curiosity,0.145
"Wanyama, who scored a late winner for Spurs last week.",excitement,0.0821
I think Özil is the only player playing up to his normal level for Arsenal. Müller kept it alive.,caring,0.0875
"Hernanes shock the side there by David Silva and here is Alexander Kolarov, now Nasri.",surprise,0.2401
You just wonder what Adam Lallana's got in him after this groin injury. Quick enough to be named on the bench.,curiosity,0.498
So away we go with the. New style kick offs which.,realization,0.0885
Here is Piqué. Adriano.,desire,0.0714
So many legitimate fouls giving away in time.,realization,0.0891
This is the ball in by Chicharito and Cristiano Ronaldo just missing it basically.,confusion,0.0844
"Ronaldo pings inside, Isco unable to get there and Ever Banega has it. He's.",disappointment,0.1079
It's a good ball towards Aguero just a little too tall for him.,excitement,0.0826
You feel composure from the young goalkeeper.,relief,0.2744
"Fernandinho out towards Navas, who just got there ahead of Clyne away by Lovren.",curiosity,0.0712
Sturaro and Cuadrado with an opportunity straight away.,excitement,0.115
"Now this, he's walking away. I don't know. He's trying to show his back to the referee. There's a bit of blood there.",confusion,0.189
You have to say that all that see Arsenal that would be game over. A some good saving tackle from Bellerin.,realization,0.0724
"Well, the corner of the Manchester City. Excellent play from Aguero was like Piqué, his favourites to win that. But he muscled him off it again. Another chance to get the big man in the game. Quality of the ball into the box. Just one goal, just a base camp. From the climb above. Milner. Easy enough for Piqué.",excitement,0.0891
"Work for them last season, didn't it, when Tevez was up there? But of course he's got the energy to drop back and play anywhere in the final third, see different players. Look at that shot. There's one there. Mandžukić has five across the middle. Morata just floats out here as a left midfielder to defend Mandžukić now drops in as the ball moves across. Really well organized Juventus this evening.",excitement,0.0951
Would be pretty pleased to think it's gone as we expected it to go. Griezmann trying get his own back there.,sadness,0.0764
100 up 4 Zlatan Ibrahimovic.,excitement,0.1122
"with the Mourinho game plan, which has worked here for him in the past.",caring,0.1144
"Here's Aguero, Toure back there for Liverpool. Sergio Aguero, I think just might have felt he got away from him, Kolo Toure. So with that little bit of closing speed at 34. Yeah, he did so well. Aguero to start with a little burst of speed and he tries to cut across Toure. That's great center forward play. But Toure does have it so well, uses his body. I think Aguero does everything right, tries to cut across him, tries to almost say you bring me down if you want.",excitement,0.0968
Hazard gives it away to Bellerin. Marcos Alonso was the target then David Luiz.,curiosity,0.0715
"Well, players in terms of voicing their discontent at officials have to be careful. It may be that the booking is for him going across to the assistant referee as much As for the foul. Well, just as just as Liverpool getting into the game, you know, doesn't start a goal down with Moreno at left back.",disapproval,0.1696
"There's another corner for Real Madrid. Clever effort didn't try and put too much on it, Ronaldo.",curiosity,0.0776
"He accelerates away. He just gets that arm on his shoulder, Messi and goes down.",nervousness,0.1186
Opponents near Joe Hart as united line up deep. Didn't go according to plan,confusion,0.0988
"Sturaro was the player who played it wide to Lichtsteiner, then Barzagli getting a little toe in as the Swiss international Lichtsteiner again. He loves to ride down that side of enjoy this role. He's got tonight, a familiar one from here, right wing back.",excitement,0.1025
"Here's Coman. [inaudible] managed to break up the attack. Özil it did hit his hand and the referee scandal give that it it didn't look like deliberate handball, but he did help him bring the ball under control. I'm surprised the front three from Arsenal. I'm not tracking back.",surprise,0.1405
Coutinho didn't play in either of the Premier League games last season and Liverpool really missed him. One through suspension. Here through injury.,disappointment,0.2252
Just didn't find the finish on this occasion.,disappointment,0.367
"Messi but narrow for Barcelona, Dani Alves has gone in field.",confusion,0.121
Given the chance to inspire something special here which you would love to have done from the start.,desire,0.2492
"Iniesta. Good ball on the.  far side by Suarez, Messi.",admiration,0.0963
"Manchester City have notoriously fast starters in the Premier League so far this season, Jiventus the opposite they rounded the cross early on against Roller Ress they were behind inside 5 minutes against Chievo at the weekend. Hence why the experienced players have been brought back. Here is Kolarov with the first opportunity to cross and the decision from the referee is a goal kick to Juventus.",approval,0.0884
"But nobody has an offensive areas, to be honest. Fletch",annoyance,0.121
He will be hoping to do something similar. Mane. Coutinho waiting to shoot. Cut out By Pogba,desire,0.2134
And what a blow that is for Sevilla just before half time. Look at the flick as well by Chicharito. He's definitely.,disappointment,0.1325
Just go away there. Neymars miles off. Pedro's on.,annoyance,0.1184
And you're probably way down the list in comparison to the front 3 of Barcelona.,disappointment,0.111
All over the top should go through to Lopez. Able to use all of his area there. Spaniard.,caring,0.0962
"I think it might have been in Brendan Rodgers's mind, Andy, that.",realization,0.1043
"Well, on Saturday, Neuer was beaten by direct free kick for the first time in the Bundesliga, playing for Bayern. He's only got a three man wall Manuel Neuer usually in a situation like this, goalkeepers would have 4, not him. He's happy enough with three. Well. Is Messi going to take him on here?.",curiosity,0.1313
"Lingard, on that occasion it was Skating past him. Good day.",excitement,0.1229
Can finds a really good ball through here towards Flanagan just saw he got away from it.,excitement,0.0992
This occasion. Better of an offside decision. Here's Paletta. Diego Lopez. The only things I've ever.,desire,0.064
"It's just gone out for Kante You talk about where the dependable defenders. Maybe there aren't many around, but.",curiosity,0.0845
Liverpool haven't really got going yet. It's a bit of anxiety in the Anfield crowd as Valencia crosses.,nervousness,0.5424
And James Rodriguez. We got a.,realization,0.1286
"This is the chance now, but he just turns his body.",surprise,0.0841
I think they were lulled into the predictability of it all and maybe Sevilla overtake for putting there as it was chested down. Perhaps the shot would have been on Bacca didn't look to be the best option. Ball brought forward by Banega And Mbia goes in the. And it's a penalty. And Sergio Ramos is booked.,curiosity,0.1175
"To the officials as well, led by Martin Atkinson, everything has been top class.",approval,0.1355
"It's been an attritional game with two pictures here so far since Liverpool won 4-1 against Leicester, 5-1 against Hull",curiosity,0.0755
And might add to Manchester City's early problems here. Sterling doesn't look right at the moment.,disappointment,0.194
"Messi, encouraged by the earlier thrust. And he has thrusted the ground this time.",excitement,0.1362
"The knee shaker, wasn't it. That was. Two honest. players though going for the ball, nothing wrong with it. I think the problem for him is that Kante was going for the shot, wasn't he? Every sort of bit of power in his legs to go for the shot and he was blocking it so.",caring,0.0992
Iniesta Dani Alves. Rakitic,gratitude,0.0762
That's what they've done tonight. They haven't been sparkling this evening. They've been hard to beat.,disappointment,0.1072
"Sagna, wins the header Can't read the bounce, he gets a foot to it. Jesus Navas Fernando.",confusion,0.082
The lack of accuracy on the Lallana cross takes him behind for the Manchester City goal kick.,disappointment,0.163
Ibrahimovic. The height of United telling.,realization,0.1297
I wonder if he celebrated. What do you think? He said he was going to. Now you can find some later. So he should. So he should.,curiosity,0.1637
And when you got an obvious weakness in his side or,realization,0.1432
So instead he had him round 23. We have an opportunity. Make history once more. Keisuke Honda. Last January.,desire,0.1198
"Really seeing any untoward challenges like collision between Ramos and Krychowiak, just a normal football incident, of course.",curiosity,0.1286
[inaudible] Couple of touches just nicked it past French defender on his heels clipped. That for any given. Maccarone not the quickest of players anymore.,annoyance,0.0745
"Seems to be something that Allegri's targeting not giving, Yaya Toure a time on the ball of both the eventus strikers seem to be detailed to try and keep a hold of him. you know, before the game starting you'd say David Silva, Yaya Torre, don't let them have the ball, don't let them turn in the right areas.",disapproval,0.0834
"Good closing from Liverpool. It might have been a foul, but the three players gone to the ball at the same time, put Navas under pressure.",caring,0.0961
Pressure of having to backpedal and deal with the. Countless possibilities of passing.,annoyance,0.0951
Now coutinho is onside. Mane is in support for him in the middle. Firmino couldn't get there in time.,approval,0.1179
I don't think Pepe needed any incentive to go down. Bacca came in strong and I think it's just Bacca laying down the law and the referee laying down the law early on. It's Mr Gonzalez Gonzalez. Referee so good they named him twice.,curiosity,0.0753
"And it stands his corner. This time late in the half, when concentration might just waver.",realization,0.0926
"Here's Coutinho It's almost been with the left back Daley going really narrow alongside Chris Smalling. Ashley Young, oing all the way back. Liverpool's Front three do tend to play.",curiosity,0.079
"Last season, at the Parc de Princes.",excitement,0.0835
"Towards Müller, Coman tried his luck Müller makes it two nil.",disappointment,0.0861
"Really good defending on that side, Jesús Gámez.",admiration,0.1035
"The only thing that was masking his view of goal was the block in the end, rather than what he's wearing on his face. This is brilliant messy. They are man to man all over the pitch. You see here. Now he's in. Messi setting up for Suarez.",realization,0.0769
Unable to play Iniesta was profited from some loose play from the Kompany. They almost made the half time whistle here. Manchester City. They look a bit groggy.,disappointment,0.117
Free kick here for Courtois to deal with and he spends a long time making sure he's got the Chelsea wall in the right place.,caring,0.1303
He's played in all those 6 deafeats in the last nine derbies. David De Gea,caring,0.0816
"City trying to prove this year they can be big boys in Europe, never got beyond the round of 16 so far, but have had the considerable misfortune of running into Barcelona in each of the last two seasons. They wouldn't want that to happen again, and if they finished second in the group it would be a possibility. Navas.",remorse,0.078
"Alli getting the better of him. Here's Wanyama, Eriksen.",annoyance,0.1241
"Yeah, the the problem is with playing a right back. Sorry, a right footed player at left back is of course we always have a tendency to come inside and it makes it easy to defend. Very rarely, last week did Milner get it on his left foot and whip in any balls in of any quality.",annoyance,0.1512
"Here's more good work from Lallana, although he runs into Clichy.",curiosity,0.0719
"It's the most successful side in influencing him. He wasn't influenced then it's a throw to Athletico, not a free kick to have Hernandez and Real Madrid. That's fair enough. But when you refine any game involved in lexico, you know you're gonna have to keep your eyes peeled. You cannot take your eyes off this for a second because. Giving individual battles the. The fouls. They never stop. That's off by the Touran to Saul.",caring,0.0743
So we want to see Liverpool today much more.,desire,0.3258
[commentor] And found Coutinho . [commentor] They found Coutino in that little space Coquelin protected so well. Who's got it in the little pass around the corner was fantastic.,excitement,0.1254
And you see that one is never going to trouble Buffon.,realization,0.1521
"Won back by Demichelis, won back by Dani Alves. Messi.",confusion,0.1394
Devise a real boost for Inzaghi. The reality is. You're going to have to hang up.,realization,0.2682
"by Xabi Alonso, I must say, picked himself up rather wearily.",sadness,0.1274
"Liverpool haven't won here at Anfield in the Premier League since Boxing Day when they beat Leicester and they start the night 9 points off the top four. Of course, the team that they're shooting at for that top four place is Manchester City. Here's Navas.",desire,0.0757
"He came very much in Roy Hogson plans. Marcus Rashford has had a mention already, which raised plenty of eyebrows. He took it with the composure of a veteran.",caring,0.1064
"Vital moments for Liverpool. They've got to stay in the game, absolutely clear, to concede a second.",realization,0.1475
Pogba sent it in towards Mario Mandzukic. It's a really good ball and it's a really good goal from a man who scores lots of them in the Champions League. Mario Mandzukic.,excitement,0.098
Messi just rolling it through for Rakitic . There's Montoya again. And it was Pastore who got back to breaking up. Rabiot went in for the challenge.,excitement,0.1033
Bayern haven't had too many opportunities to slow the pace down.,desire,0.0807
Here is Navas. Fernandinho.,curiosity,0.0725
"Yeah, I think it's a false start that they've encountered in Seria. Yes, they have struggles, but the squad that they've assembled is a wonderful squad.",surprise,0.1247
"was a fantastic track record, a fantastic strike rate.",excitement,0.1426
This is this is it. Now you have to drive up Pogba. He is a midfielder. Navas and De Bruyne. De Bruyne again.,realization,0.1251
"Stopping himself tonight Iniesta. He doesn't look totally match fit, Rob. You know, those little garden rods and where he spins and pivots on the ball you can't get near him.",disappointment,0.1182
"Well, he has scored in three of his four matches against Paris Saint Germain and inches away there, Lionel Messi.",realization,0.0891
"Yeah, lovely strike by Yaya Toure finally burst into life. Flick, I think it was just going wide. Good volley on it. 63",excitement,0.1757
"Here's Alexis Sanchez in the meantime. Now, Carzola. Xhaka and it's his kind of range. Now, Ozil",approval,0.0917
Alderweireld Alli.,pride,0.0562
"Good counterattacking team now. It's really obvious, isn't it? Because few years ago didn't really have anybody to play the ball at 2. Did the false #9 Fabregas playing up there now all of a sudden have got three players they can mix it up as well? One can go right and left, they can swap it around that ball up to them. They all sort convergence to the same area and play off each other.",curiosity,0.1157
Coming up to Liverpool and it's quite chilly here in Madrid.,nervousness,0.0885
"Gerard. You could really understand the attacking changes that Brendan Rodgers has made if they came off losing one nil, there'd be plenty of regrets. So he's throwing everything he can at Real Madrid to try and get that equalizer.",disappointment,0.0993
"Tips off the captain, but that's always dangerous. Anthony Martial again, Lingard.",anger,0.0828
"It's just feel, Clyde, with all the talk before the game about showing Barcelona too much respect and attacking them and getting stuck into him. It just felt like a little bit overall by the occasion again in that first half, didn't really do anything that resembled a game plan of that second half been better. And then obviously down to 10 men.",disappointment,0.2355
They would want to put themselves together after he probably watched on sky on Monday night.,desire,0.3861
It's everything he does. Goals plus assists will help his course.,realization,0.1837
"So much confidence in the Liverpool play, they've been at it right from the word go. They don't look like a team who's played 120 minutes at Wembley on Sunday. They've had so much more energy than the City players. Yeah they have. They've freshened up a little bit. But you think of the two games they have played in the league this season against City two fabulous performances and you know, that's against arguably the best team in the Premier League in City on their day. And in particular they've been outstanding.",optimism,0.1281
"Part of Spain's set up in Euro 2016, though they didn't have much game time. The fellow Spaniard About to",nervousness,0.0774
"Destro shows a good turning pace getting away from Rugani. Mario, Rui, he's away from him, too lovely from Mattia Destro. Honda behind him.",caring,0.0871
James Milner will go out to the right hand side.,caring,0.0871
"Better move from Tottenham, but still no end result.",disappointment,0.2951
For the English strikers.,caring,0.0826
Playing Wijnaldum on side.,curiosity,0.0971
"Going well, we'll talk about the England implications. If he does have to go off, of course. Willy Caballero very much. Oops. Doesn't look too good.",disappointment,0.1092
"In fact they are undefeated in 25 games. But when we did the first leg, [commentor]Rob[commentor] Thomas, Laurent Blanc, we did the first leg Barcelona had conceded a goal that season. They had no goals against and they conceded 3. Two of them came from set players and that's an area for concern tonight, but they have got enough height in terms of marking the tall Ibrahimovich and.",curiosity,0.0955
Going back with Luigi Sepe from Poli.,curiosity,0.0711
" It's a tight one, you can say, but he looks as if he's in front of the last defender.",nervousness,0.1643
Winning the group very seriously.,realization,0.1598
"Tricky 1st 15 minutes it was more tactical, yeah.",confusion,0.1348
"The race by Henderson and the. Free kick goes Tottenham's way. Liverpool still have a potent weapon left on the bench, of course, and.",excitement,0.1596
"Milan into just to give you an overview there. Only six points off the Europa League, which isn't too bad. 13",curiosity,0.1115
"He's almost trying too hard there Cristiano Ronaldo puts under his left. He's always been driven wide beer and beer. That's two shots he's had so far, both well off target.",excitement,0.107
I have been impressed by Manchester United have caused the constant threat down this side. Whether it's Martial.,admiration,0.3154
Relieve some pressure. This is what's gonna happen all night. Bayern Munich dominate all possession.,relief,0.1453
"Chelsea thought that was really going to light the blue touch paper for them. Hasn't quite happened. There haven't been fireworks since. You know, they've managed the last.",curiosity,0.0872
Here's Sadio Mane blocked off by Fellaini.,sadness,0.1322
"And Marcus Rashford, was nowhere near a part of it.",confusion,0.1494
"They got themselves in a great position, didn't they?. Yeah. Chelsea, all over the place and can't quite adapt to that three at the moment. It's too quick at the moment. So in the end, they just complicate things. Yeah, they just wasn't enough pace on that for Ozil. But as you said here, Sanchez is looking one way, flipping it over and we just get caught out on getting each other's way, trying to walk the ball into the net.",confusion,0.1854
"Maxwell looking for Cavani. You didn't have anyone close enough to him. Poor from Lavezzi. He's out there, are wide on the far side. When the balls on this side of the pitch, he has to suck in narrow. There's any Iniesta.",disappointment,0.0739
"Now the rules have changed. It's one of those, isn't it, Steve? The fact that Morata went for the ball means he's interfering with play. It's a very similar to the incident we saw at Anfield when Liverpool played Bournemouth. On this occasion, the officials have got it right and it remains still nil-nil.",realization,0.0869
Causes him to be just stretching.,annoyance,0.1021
Combined with Cristiano Ronaldo there.,realization,0.0889
"The angle too narrow for them. There they have to cut it back and they're not really getting the runners with Bacca doing so much work to bring the ball over to the left. He does have to work a lot, doesn't he? Because he's almost a one-man attacking force with the Aleix Vidal and Reyes more providers if you like. He's running through the middle now, but wherever the ball goes right or left, he has to chase it from the long ball forward.",confusion,0.1085
"They got planning permission, have they not seemed to have been put on hold. And while Liverpool of course, have been doing their own building, played their first game at Anfield last weekend in front of the new main stand, everybody seemed to find it inspiring from the Liverpool point of view, especially the players.",excitement,0.1292
"Little bit in hope, always risky when you're playing offside like that, you're not quite sure where your center backs are. You can see from his body position. It's not quite right.",confusion,0.236
Call. Talk about a goal out nothing top forwards.,excitement,0.0836
He's going to lead the line for them tonight and he's finding it difficult early on against Benucci and Killiney 2 of the the shrewdest defenders in European football. Here's Cuadrado who can have a go at Kolarov and find Morata. Morata will shoot and not much in the way of a backlift there from Alvaro Morata and in the end Joe Hart had it covered.,approval,0.0759
Their attacking play. Here's Aguero. Look at the red shirts around the ball again. Clichy can drive it in. Milner got it away. Clichy once more and Aguero. Away by Kolo Toure. He's not put a foot wrong back there defensively for Liverpool so far tonight.,excitement,0.1011
Jordi Alba. Finally caught this time back on his heels. Lewandowski.,realization,0.1261
Two clubs in their heydays have scored so many late goals to turn draws into wins.,realization,0.1407
"Deal with it, deal with a deal when it comes off Kolarov's left arm, I think it was. And what a strike that is by Morata. Joe Hart's got no chance. Wilfried Bony skews went wide in the first half. That's how you hit one into the top. Into the far corner, curling in with your left foot.",excitement,0.0884
"There's lots of pointing going on in the midfield of Manchester City, we're not marking, we've got to engage the ball a little bit more. Yes, the tyre, they have the ball for a while. 5 yards off. That's not close enough.",confusion,0.1052
All Antonio Contes' side can do is look on and wonder what the next move is.,curiosity,0.4242
"Yeah, you could see exactly what he was trying to do with that long diagonal but.",curiosity,0.172
"That's not going to give them the precious away goal. It's one sub component component tonight would be that if Alaba, Ribery and Robbenn were out here at full pelt. Yeah, what would that have added to the game? Bayern Munich are below full strength and absolutely Barcelona are at full strength. That's the one thing you could argue that Bayern Munich could be slightly handicapped by. Here's the Neymar one from earlier.",curiosity,0.0748
"He needed that goal, Mario Mandzukic. Talking to a few you very fans here, they're not totally convinced about him.",confusion,0.3042
"And that has nothing to do with systems. That's just poor, isn't.",confusion,0.2064
"It's just frustration, isn't it? Yeah, it was not wrong with Glenn. He gives him a little bit there. There's nothing wrong with that. He's falling over.",annoyance,0.2632
"This aside, 3 minutes in two balls over the top. Hands down the right hand channel. He's been able to get on the end of it. Under having his shirt pulled. Zieliński plays the ball wide.",caring,0.0805
And he's played good one-two touch football as well. He's only 20 is clearly a young player that,caring,0.0928
"There's no doubt without Europe, you could win. Tonight would be a very confident football club and team.",optimism,0.2379
Just this first five or six minutes. Liverpool up front three. I'll be encouraged by the space behind the arsenal back floor.,caring,0.0983
"Lovely feet to get away, Mesut Ozil. Playing with so much confidence here, Arsenal. The last thing you want to do really when he comes to the Emirates is get Arsenal into this kind of mood. Yeah, well that Chelsea has to chase the game certainly.",excitement,0.1094
Gary Cahill was a good boy. He's got a good crossing. He's pulled back behind the Chelsea defence. A good touch. Just GaryCahill gets that left foot on it.,caring,0.1124
Clichy. Headed by Piqué. Rakitic poured in possession. In the blink of an eye. The yellow shirts are back on the ball.,excitement,0.1564
Daniel Sturridge through the centre. It's a year to the day that Jurgen Klopp took charge of the Liverpool match for the first time. It's his 38th game in the Premier League. It completes the equivalent of a full season. Liverpool were to win tonight. We give them 67 points last season. Last season it would have squeezed them into the top 4.,desire,0.0983
Here's Iheanacho. Flanagan's made most of his tackles count so far this evening. And then that will be Mignolet.,curiosity,0.0627
Three times as many passes from. Real.,realization,0.3135
"Well, it's better tempo from Spurs get the supporters behind him. Keep getting the ball in that final third. Keep testing that back four of Liverpool.",excitement,0.0867
Certainly looked at this assistant this side of the pitch and he wasn't offside. He just seen a push by Mandzukic.,approval,0.0958
Pastore caught out. Gignac deadly.,anger,0.1711
"Really positive start, though, isn't it, Glenn, from Liverpool? A really great start. We were here when they started like this against Arsenal. They came out the tracks really quick. Same tonight and they look like they're doing business, aren't they tonight? I think they've been a revenge in their in their play at the moment. They really are on the front foot. Here's Lallana and one of the five players changed by Jurgen Klopp from the weekend. And with Joe Hart.",optimism,0.217
"Alex Sandro. Lovely ball in, Mandzukic!! 1-0 Juventus.",excitement,0.143
"And seeking Centrebacks has been a mission for him this week, but he always said that he would solve the problem today internally, and we'll see how it pans out.",desire,0.1447
Decent start from City and nicely link up play between Sagna and Navas.,caring,0.1104
"Don't forget the big picture really. If you Juventus win this, they not only get into the last 16, but they take take over top spot in the group, which means it's there in the box seat to finish top and the last game is away in Sevilla said you have a home run against Borussia Mönchengladbach",excitement,0.0982
You can't really see from the replay whether it was a foul.,confusion,0.2788
Jose at Liverpool at Chelsea last season and his Dortmund beat Real Madrid in a Champions League semifinal no less.,excitement,0.1037
Coutinho Matip coming forward Rio Ferdinand-like. Clyne. Mane,excitement,0.106
"Have materialised yet, but I'm sure it will if they can put some passes together.",confusion,0.1157
"Of course, be around Madrid if they can overcome this hurdle. At the moment they're in trouble. And Casillas . Has to make. The first. Decent save and.",caring,0.1277
"So nil-nil here. We played approaching 27 minutes and from a Juventus standpoint, so far so good. They've got it just about tactically spot on.",excitement,0.097
" But I think they were always going to concede that they wouldn't have as much possession as Barcelona as Ibrahimovic breaks. And he goes Ibrahimovic, love lost between him and the Barcelona supporters. Piqué is hurt.",disappointment,0.1593
The gone with the extra central defender. Three at the back now.,desire,0.0757
Henderson again. Mane Henderson. Lallana.,approval,0.0796
Works in nice triangle with Yaya Toure. Now here's Fernandinho.,approval,0.0952
"Xavi, incidentally, is taking on the captain, so you won't be surprised about that.",realization,0.0793
Morata. Quickly dispossessed gets it back well.,disappointment,0.1307
Manchester United of spells in the 1st 17 minutes when they were dangerous with the ball and they're going to get the win. I think we'll be down to how good they are without the ball now.,excitement,0.0814
Aguero. See what he was trying to do. Not trying to pass at the moment.,realization,0.1343
Iniesta. Neymar.,realization,0.0907
"Again, he's playing on the left side of the three and the brakes on. Maxwell down this left hand side. Veteran fall back. Won the league with Barcelona.",excitement,0.0858
"Well, this is of course where Liverpool could possibly be rowing. The absence of Steven Gerrard on the pitch.",desire,0.0792
"Cesc Fabregas replaces Matic, Maybe fine, although Matic found the one pass that's led to a Chelsea goal. Fabregas the arch assister.",curiosity,0.0884
They could have struck his hard and low. He might have given Oblak something to think about here.,curiosity,0.1137
"Continue to look very dangerous. Manchester City, Navas.",anger,0.1025
Just too much space. Good forward run from Muller. Easy save from Peter. Check. Müller and Levandofsky between them have 23 goals in seven and a half games this season in this stadium.,caring,0.1048
"Matuidi, now Maxwell.",realization,0.0759
Sturaro. Marchisio he can hit them. No problem for Joe Hart.,relief,0.0788
Milner Is back on.,relief,0.0941
"Cleared by Wijnaldum After the shock of conceding, Liverpool have got their shape back again.",surprise,0.1404
"Giving him a few p[commentor]Rob[commentor]lems, Lucas on the right, better pace and that's caused p[commentor]Rob[commentor]lems. So you can see Lauren Blancs plan it's a decent outfit's good side. He's just going to be disappointed they scored their goal and conceded the equalizer so soon afterwards. Given away cheaply. Play here for Pedro. Now Iniesta. His options are Suarez. There is Neymar",disappointment,0.1291
"Alonso makes the run, can't catch up with the pass, and it's behind for a goal kick to Arsenal.",excitement,0.1195
Fanni finds Romao Ayew,excitement,0.1197
It was Gignac who started the move by switching the play to Payet. He then sprinted into the middle.,excitement,0.2229
"Lovely dummy from Dybala, Pogba.",amusement,0.1699
"They've been going through all night, but they've got to be maybe a little bit more risky than they have been. That could expose them to going to 3rd down and They've got no choice. Were you surprised when he took Muller off? Alittle bit. I was a little bit, I think Muller was when I saw him going sit down on the bench, Muller was taken off after scoring the goal made it 1-0 against Chelsea in the Champions League final in Munich. I don't know what happened after that. You always feel like he's got a goal in him, Muller",confusion,0.1365
Now Hernanes. Cuadrado has carried on running here. Kolarov had to be alive to it and now Morata little lay off towards Pogba and then.,excitement,0.1001
This time he can find David Silva and now Sergio Aguero. Aguero rides the challenge of Can,desire,0.0984
Very hectic. You might earn the right to play more in the second half as the visiting team. Definitely is the pattern going through this. You have to say United managed this first 10/11 minutes pretty well so far. Milner. Firmino.,caring,0.1235
"You might put Dier right back. That's all I can think of. Janssen's coming on, Drop Dele Alli into central midfield role. Could go three at the back. So you've got Dier. Vertonghen and Alderweireld.",caring,0.0942
"United dropping off, not really getting close to anybody and allowing Coutinho to have that shot. Coutinho, corner.",disappointment,0.1029
He gestured to the Arsenal bench to make the change. Granit Xhaka is getting his clothes on as quickly as possible. Let's hope he's warmed up.,caring,0.1251
More on the front foot is what you expect from your own clock teams. [commentor]Iwobi,realization,0.095
Should have finished in the goal. Shouldn't it really. Lovely counciled attack by Manchester City.,excitement,0.1183
Certainly you need to get the ball forward quicker and try and involve Diego Costa more.,realization,0.12
What a wonderful chance. Well done Yaya Toure. Lovely ball in by De Bruyne but it should have got the rewards it deserved.,admiration,0.128
So Bell has another opportunity.,curiosity,0.0774
Now they're trying to fix it on Benzema. Well marshalled.,annoyance,0.0792
There's no point of press. They're just dropping off to the halfway line. It's very comfortable for Barcelona.,relief,0.1231
A former IX teammate in Luis Suarez. All squares kicks out there a little bit off the ball from Suarez. There were some afters.,excitement,0.0959
Trying to get those benders into the far corner with that great right foot that he's got.,excitement,0.116
"Now Arbeloa. Markovic, just dwelling and Lalana getting your foot in.",realization,0.0668
If anything Destro had a quick look at where Tonelli was. Tonelli's arms were raised. Free kick for Empori.,curiosity,0.1329
Jurgen Klopp's 34th game in charge tonight. He beat Manuel Pellegrini's Malaga on route to the Champions League final with Borussia Dortmund back in 2013.,excitement,0.0937
"Yeah, they've gone back to the exciting front three from Senegal and South America.",excitement,0.2043
"Safe and concedes the very early corner. Yeah, was safety first, wasn't it? He wasn't under.",caring,0.1276
Exactly the kind of positions where he's been so deadly in Europe for Manchester City over the seasons. Looks like a slight lack of confidence in in Bony.,approval,0.0892
Cazorla across from the course at set players much missed for most of last season.,disappointment,0.0845
Indicative of how they've played really. That's what he thought of it. Really good position. Sends all the big men forwards.,approval,0.1212
To come back in and play against that front 3.,desire,0.1149
I have to say. That's how the experiments works. Xavi. Messi.,confusion,0.1219
No way through to Neymar in the middle.,disappointment,0.1261
Racetech and it's Montoya on this side who's offering the width with Messi gravitating towards the middle. Neymar looking for Messi. But Matuidi was the player in the way and Van der Wiel saves the corner. See them trying to get the ball to him. Messi. Paris Saint German force that pass through.,excitement,0.0871
Because you know you Centre forward's engaged on the ball.,realization,0.2062
"We got plenty of game time for England. What did you assess what he did Gary? I think he's a good player Lallana. I think that I thought when seeing him with England, he was almost he's good at connectivity through midfield. He always seemed to link things well, glue things together.",caring,0.1214
"Watched our build up for the game you have heard Ryan Giggs, so first half is.",excitement,0.1125
"Modric. The longer it goes, the more and more encouragement Liverpool will feel.",optimism,0.1573
"Bale. Referee called that, even.",approval,0.0751
Valencia became a very capable right back successor to Gary Neville.,realization,0.0912
He does pull back James Rodriguez. A Little elbow after the forearm that's might have got him booked.,excitement,0.1098
"They're still fighting on 4 fronts for trophies, but this is the one they really want.",desire,0.3679
"The driven cross a valid finish, superb from Liverpool but for Arsenal a sinking feeling. The shake of the head from Steve Bold.",sadness,0.0989
Awkward for Toure with Sergio Aguero sniffing around. Flanagan then runs into Fernandinho. Here's Aguero. City have got players forward here.,nervousness,0.2706
To try and help get them across the line here alongside Lucas.,caring,0.1757
"Antonio Conte has been complimented, I think, rightly so, for his use of substitutes in his short time as Chelsea boss.",admiration,0.3661
Big Mac has come up with a big goal there. And Milan. They were just.,excitement,0.119
"He did score in the Champions League final, of course, but you tend to forget he came on for Coentrao out of the game.",confusion,0.0969
"Dispossessed by David Silva, here's Sergio Aguero, now Sammy Nasri. Agüero trying to get free.",disappointment,0.0966
"Hernanes who's done most of his work in a deeper position tonight, now Sturaro.",realization,0.0889
Brought back to replace Bacary Sagna for this one tonight.,excitement,0.0997
And certainly seemed to be an unnecessary launching of the forearm at the end of that challenge.,annoyance,0.1127
"At times, it seems, when Sevilla had the opportunity. They've just had no one available to cut it back to across the face of goal. They played some really good balls through down to that left channel, but.",curiosity,0.0872
"The balance of power has switched. Six on target, three goals.",realization,0.1819
He gets the benefit of the referee's decision. Destro.,disappointment,0.1646
Coutinho's back flip through was incredible there.,excitement,0.1941
Ronaldo felt he was impeded. Play ,excitement,0.0904
"Same stage, same opponents. Are they a better team now? Are Barcelona any worse? We're about to find out.",confusion,0.1732
"It's the first time we've seen Navas get himself into a crossing position so far, neatly done by Lallana to Firmino. Kompany with the challenge.",curiosity,0.1195
It's Piqué. The City certainly have forced the issue more since the break. Jordi Alba.,annoyance,0.1543
"Pastore good first time ball from the Argentine although. It's just gonna beat Marquinhos. Javier Pastore, one of a",excitement,0.1417
Mario Rui. Probably Empoli's. The match today.,excitement,0.0911
Now Maxwell. And Matuidi's pulled it across. Slow across Gerard Pique.,annoyance,0.0878
"Solid, especially in defensive areas, and I'm sure we'll see that, but they're up against the hell of a talented side today.",curiosity,0.0741
"This season, with four from the opening two, and if they were to win today, it will constitute their best start to a season for seven years.",optimism,0.1465
"I think that's exactly the point that Jurgen Klopp was making to the fourth official, Craig Pawson.",realization,0.113
"The Pastore playing in a deeper role than we're used to seeing him play took a huge risk there with his ball to Thiago Silva, but they got away with that. And here's Yohan Cabaye. He is Pastore, right?",confusion,0.1529
"Calves are a bit of a problem at city, aren't they?",annoyance,0.1624
Long ball really from Azpilicueta Matip has been very good in terms of been quite aggressive in dealing with Costa. When the ball has been played up towards them.,excitement,0.1016
Also trying to come up with the perfect through ball as well as everything else he's done.,curiosity,0.1203
Firmino leaning into Alli and Tottenham will have to take the free kick from. Roughly where the infringement happened.,excitement,0.0985
"20 of the last 21 games in the Premier League, Manchester United have netted in every league game this season.",approval,0.1155
"And again, he got it absolutely spot on.",realization,0.2943
"Most advanced central role for Liverpool in these final few minutes, He's urged Jurgen Klopp to give him that opportunity to play through the middle again and spoken of his frustration of being used in wider positions.",annoyance,0.1235
"Well, he did it all by himself. The French international, such a left footed player. I think Marseille and Mandanda expected him to produce a shot of that quality with his right foot. Mandanda got attached, but it wasn't enough.",excitement,0.0954
Lewandowski is capable of hitting them from there.,excitement,0.0986
A bit of hesitation there by Wijnaldum. It hasn't been much of that from Liverpool.,confusion,0.1658
Sirigu. Support clearance by the keeper. Gives it to Pedro. Now Busquets. Messi. Iniesta.,caring,0.0646
This is not particularly fond memories of playing against Chelsea does he. David Luiz. left them in the summer for Paris Saint German.,disappointment,0.162
"Bale making the run inside. It's Bale, Ronaldo's waiting, looking to ping it back into him. Isco now losing out to Mbia",nervousness,0.1283
"It was a good recovery run from the Italian. They have defended well as a team so far, Manchester United. Darmian",relief,0.1008
"Timing as Juventus get us underway in their famous black and white stripes, in no changes for Manchester City, despite what Owen and Harry were recommending there maybe sooner rather than later, you'd think we'd see Raheem Sterling. By the way they do have a couple of youngsters with all these injuries on the bench tonight. Tosin Adarabioyo, 18, very good young defender.",caring,0.0962
"Return to the ground where he first took charge of Liverpool has brought some interesting comparisons this week since he took charge, the Reds have had more possession and created more chances than any other club.",curiosity,0.3237
"Nice turn by David Silva. Downs Darmian in doing so, here's Aguero towards Silva again.",anger,0.0715
Otamendi in there too. So it's Wilfred Bony,confusion,0.0897
"Well defended initially by Van der Wiel, who's then fouled Batshuayi.",curiosity,0.0951
But I mentioned the Marseille don't. Not to sit on leads. In recent weeks they've struggled to hold leads. And that's proving the case again tonight. Gignac has been called up.,disappointment,0.0996
"Just look at the difference in the closing down. Yes, that's a foul, but also has a yellow card and he's now going to get another. He's off well in both legs. Last year Manchester City finished with ten men. Demichelis here Zabaleta in the new camp and it's the same story here. They played 50 minutes against Barcelona with ten men a year ago, and they're gonna have to play the last 17 here a man. Like.",curiosity,0.097
"They aim team tonight to make it eight wins in a row, though Barcelona.",desire,0.1432
"Because they played the same 11 quite often week after week, Val Madrid, then you have one or two changes. One or two injuries and can disturb you flow your rhythm.",caring,0.1108
"Well, if we look at the. The subs bench for Milan.",curiosity,0.1654
"Motta, Ibrahimovic. Motta we'll pick up the loose ball.",excitement,0.1309
"Groundsman tend to keep the grass at just a little bit longer at this stage of the season, one or two of the passes. Not hit quite crisply enough.",caring,0.1418
What a pass from Xabi Alonso early on in that move.,surprise,0.1473
"He's enjoying the Champions League, isn't he so far this season for Manchester United, he was a key man against Brugge.",excitement,0.1872
"Liverpool just getting there slightly slower, aren't they? When they came out the tracks for 30 minutes and everyone was getting people's heads down every time City player had a ball, they were put under immense pressure. Now they're just buying a little bit of time for themselves. Here's Henderson.",excitement,0.0902
And comes off to be replaced by Josh Onomah. Surprised me that. Doesn't look particularly tired.,surprise,0.5637
This one-two there with Cristiano Ronaldo and James. Ronaldo. Looking to line up the shot then,excitement,0.1478
"Has really headed past him Lavezzi. With that said, he had a good break on. Pastore, didn't stand a chance.",nervousness,0.0825
"Azpilicueta as the right wing, back with Alonso in the left wing back position, Kante sitting just in front of the back three. Here's David Luiz.",approval,0.0864
"Good work, Ashley Young, fully justifying his selection so far, just his defensive work. There isn't there much going forward. Absolutely. Going back their way.",approval,0.095
Here's Kante. Hazard.,embarrassment,0.1796
"I think that game at the Etihad earlier in the season just go for the indication, Glenn, that if they can develop the way that he wants them to, that's the kind of form and the kind of football that Liverpool fans can look forward to seeing. It's the best they've played all season now Sharp and they caught city out city hold that 18 yard line and on the day.",desire,0.111
Here's Giroud leading the break for Arsenal because they don't have Walcott space on the counter as they did and used quite handsomely at times in the first game.,excitement,0.0863
Milner through towards Lallana.,caring,0.0798
"Will be relishing that challenge tonight, John Flanagan.",excitement,0.1996
Beautiful. Pass to Coutinho. With Coutinho.,admiration,0.1708
Any kind of flick could take it in.,curiosity,0.1182
"It is now, so sat down there waiting for it. It's going to get a little bit more awkward for him in the end.",nervousness,0.1198
"In the end, when the ball comes in, he just wandered offside.",disappointment,0.0846
Yaya Toure the zipping the ball around quite pleasingly here. Aguero. Fernando.,admiration,0.1295
"It's interesting David Silva playing in the pocket, but when they're pressing, when City are pressing he's up there, he goes up there with Aguero.",curiosity,0.3187
He needs to perform miracles Aguero. Forget about his injury if he's got any.,caring,0.0836
At half time against Everton and came out much the better side ended up in a match like they really should have won. Will they be able to post similar,curiosity,0.1459
"The World Cup winner from 2006, Barzagli. He's been in some big situations for Juventus at 34.",excitement,0.0838
"Fantastic challenge by Coquelin. He always passes good. It's the run from Ramsey that clears the space. Nowhere to be seen as Moreno. And it's a wonderful finish. If you think of the Theo Walcott in that position, it is his strength. He does hit it well across the goalkeeper.",excitement,0.1003
The game's not settled down at all yet. This is that Boateng one. It's a clumsy one. It's the right arm on the left shoulder of Suarez. There he goes down easily knowing that he's not going to get there. Mascherano. They're one vs one.,confusion,0.1073
"You need a tough center defender to use his body and to use his arms and. That goal was OK, sorry.",remorse,0.1721
Put straight away with Jesus Navas. Darmian.,disapproval,0.0632
Replacing one unfit centre half with only 1/2 at centre half and now Salvatore Sirigu feeling something from the impact of that landing.,disappointment,0.1246
But will the end justify the means.,confusion,0.1794
A player who really announced his arrival in Ligue 1 with a brilliant double here at the Stade Vélodrome two seasons ago. Payet it again.,excitement,0.1185
"There gonna be some desperate, hairy moments in these last 15 minutes. You know that. Bacary Sagna is about to come on.",nervousness,0.241
Offside. Just feel as if City have let them off the hook at the back. They haven't tested them at all.,annoyance,0.1392
Rabiot. Again he's lost out.,confusion,0.3412
"I suppose leaders on the pitch, but they're able to turn the game around and hold the game and slow it down or quicken it up. Liverpool at the moment they are a very good team to watch. They just lack that strength sometimes. Still a threat going forward.",caring,0.0874
More threatening from Liverpool has taken them the best part of an hour. It was a big moment. it was a gaping hole. Fellaini didn't go with the runnner and Chris Smalling had pushed him onto Mane. It just went through.,sadness,0.0975
"Neymar giving Zabaleta the slip momentarily, but he gets some help from Fernandinho.",confusion,0.0768
"Here's Bellerin, he was spotted quickly there by Azpilicueta and then likewise at the other end defensively by Mustafi",excitement,0.1195
"Just behind Iniesta. Of course. Conveniently for Nasri, here's Dzeko getting involved for virtually the first time.",realization,0.1121
"Liverpool now have started brightly. Here's Firmino and now Lallana. Origi, the target in the middle.",excitement,0.2305
Now Nathaniel Clyne. Adam Lallana. Showed a bit too much of that to Pablo Zabaleta and Manchester City get the goal kick.,excitement,0.0902
"This is a star spangled scoresheet. Tonight. Ibrahimovic, Messi, Neymar and now Suarez. Right on cue.",excitement,0.141
"It's goaling, isn't it? Because it was a needless one, really.",disappointment,0.2479
"He took his time. Moreno was the defender who had the the major difficulties in the Sprint and it's clearly outside the penalty area. But we've got a feel for Alberto Moreno. We've seen off hammers where he gets on comes Gareth Bale with his pace and power running in behind him. He's clumsy from the four, but he knows he's not going to win. This ball has to slide in, has to make an attempt to win. It clearly fouls Gareth Bale, but it's definitely outside the penalty area.",caring,0.0787
"It's more normal all of a sudden, the game. It's got more of a pattern to it. It's bizarre for 15 minutes. Thiago. Cut by Neymar.",confusion,0.1801
It's intended for Silva. Neatly done by Henderson. And now Firmino. Good tracking back there by Fernando.,caring,0.1313
Obviously neither of those things tonight. United have done well.,confusion,0.1928
"He's coming on here to make his Manchester City debut with a critical stage of this opening group match in the Champions League. And of course, the Manchester City fans and their manager, Manuel Pellegrini will hold their breath now and hope that they're not going to lose their captain for any length of time. Yeah, I mean, it would be a strange one. We'll have to find out what it is, but certainly doesn't look that bad.",nervousness,0.1094
Looks like £36 million well spent so far.,caring,0.1193
"Provide that. Well, you wouldn't expect it to be any easier to break down this Athletico team. If anything, they've become even more stubborn.",realization,0.0817
"Chasing, just there was no one in the box for Lichtsteiner, that's why he had to keep on going.",excitement,0.0925
"It's quite used to operating as a solo, trying did it for Sunderland in the League Cup final at Wembley.",excitement,0.0848
Who've gone forward for the corner. In Carzola. Mustafi was making a run towards it. Diego Costa was there for Chelsea.,excitement,0.1379
Verratti's pass. Oh Pastore's lost out. This is Gignac through the middle. Gignac. Gignac. 2-1.,confusion,0.1207
Asking for the ball to be put out of place. Neymar who's down.,desire,0.1558
"That was a pity for Liverpool from Flanagan disguised run comes late, really late. If the ball's perfect for him, they're right in behind that city back for holding that 18 yard box. That was the closest to coming in right in behind their defense, and they found that difficult Liverpool. They had a lot of possession. They haven't looked to going in behind. I think, Origi's gotta start spinning the centre halves and getting in behind. He's been in front of City too much.",sadness,0.2005
To get it back for City. Here's Navas.,desire,0.0792
"It's been a good week so far for the referee tonight, Martin Atkinson. He's been selected along with Mark Clattenburg to be the English representatives at the Euros. In the summer.",optimism,0.1143
"3-1 by the way, it's just gone to the in that game. Sevilla got one.",realization,0.0822
Because he isn't obliged to get out of the way. Whether he steps across or not. I think he did.,realization,0.0784
"Another lovely striking Fernandino. scored in both home games so far this season against Chelsea, Watford, Fernandino.",admiration,0.0911
"It all has been odd the tenure of Jurgen Klopp with away games and maybe for the game hasn't been quite so dramatic. They have been poor at Burnley this season. They lost at Newcastle, Watford and others last season and they were favourites to win, particularly with the kind of show that they were putting on the likes of Manchester City. And of course, here at Chelsea.",confusion,0.1269
Sorted out by Piqué and Alves. Barcelona throw.,realization,0.084
"So we're coming up tonight after us 10:30. BT Sport One HD and BT Sport Films presents Ali- The fighters journey presents the remarkable story of the former World heavyweight champion Muhammad Ali, focusing on his title fights with Sonny Liston in 1964 and George Foreman in the Rumble in the jungle in 1974. I've seen one or two trailers around that, so if you get the opportunity, I'd suggest you watch that. Later on tonight.",excitement,0.1172
She said [commentor]Jerry[commentor]'s been troubled for several minutes. and he has to look comfortable. What happened was he he was running behind a player and the players. He caught him in the leg and he hasn't run freely since and he's overstretching again. It looks like I don't understand players running. They want to change direction. You've got to have the right footwear in terms of studs. It was like Bambi on ice there. Not looking good.,disappointment,0.1579
Just over an hour gone here and that wonderful goal from Neymar just before half time is the difference between the sides.,caring,0.0988
Offside against Bonaventura. Flat footed. [inaudible]. Be ready for anything.,annoyance,0.0814
"There was no belief at all in that shot, unfortunately.",disappointment,0.2642
A bit Rusty from Jordan Henderson as well.,annoyance,0.0968
As well. That'll be the last change for Manuel Pellegrini.,realization,0.0755
"Fortunately, this goes to de Jonh. Here's Gabriel Paletta.",relief,0.2628
"It's Liverpool's time. Can they take advantage of it? Firmino. Lallana. Now, Milner. Coutinho.",excitement,0.0912
Lovren. [commentor]It's good Origi- really good. [commentor]Clyne's gone ahead of him shows he wants to still attack.,excitement,0.1028
"Vanelderen scored eleven Premier League goals for Newcastle last season, all at home now.",excitement,0.089
What do you think tonight that Liverpool have had to make changes at centre back? It's not the first choice pairing that Jurgen Klopp would select. They've been able to keep Aguero quiet. So far. Here is Firmino to Milner. Milner's in here. Oh Milner scores. Liverpool get a second goal and Manchester City in big trouble here at Anfield.,curiosity,0.1164
Europa League and Sevilla also in the European semifinal against Fiorentina.,realization,0.089
"But we are in more competitive times it seems, and which Manchester has a fight on to defend its reputation as England's football capital.",realization,0.1027
And they did their homework and they broke that down so well and it's on again tonight. If they get in the right positions. Lallana's ball forward here to Origi?,curiosity,0.1763
Fernando did some good work to get that away.,annoyance,0.0761
Maybe setting something up here.  [inaudible] a corner. But the referee had seen him push anyway. Thanks. Piqué block someone. Holding. Maxwell back. Takes the free header.,gratitude,0.1529
Whether the risk is in the players or whether they just settle.,realization,0.1154
"Away we go. Ashley Young starting on the left, Rashford on the right. Young, a pillar of reliability. Gary,",caring,0.1293
"Yeah. Otamendi was almost trying to read the pass he thought was going to get laid back to Henderson and allow Firmino just to take that turn and have a shot. He's David Silva. It was a good run to set him up by Clichy. Now Navas. Zabaleta's got forward to join in, opens up the space a little bit for Jesus Navas. Now David Silva. Fernandinho. Navas.",excitement,0.1289
"Pastore, very good tackle on Pastore. I think it was Romao who got a foot in and now Payet Well, read Marquinhos.",admiration,0.1462
"A well created chance for Javier Hernandez, his movement in those circumstances is excellent. His finishing is normally a little bit I know it was only just wide, but he matches like this. Well, I missed the missed that kind of passion. Haven't they? The kind that moderates can provide you, James Rodriguez in the middle is asking for the ball but.",caring,0.0876
"Here comes Dani Alves. Messi. Again, Bernat",confusion,0.1793
Sevilla throw in and Mbia,excitement,0.0959
"Now Hernanes, who was assigned to play that number 10 role that you Juventus like to use. Evra back in Manchester, gets it back from Morata, but he was offside.",desire,0.0919
"To June. So a few months there, not even a full season.",realization,0.0791
"And having started the game with two fours, I suppose there's no way now to go back in order just to try to get a foothold in midfield and.",realization,0.0834
"A man on either post, Chelsea. Courtois to claim to start the counter attack. Throws it out to Hazard. Great throw. Hazard leaves for Lallana. Running from the goalkeeper this remember.",excitement,0.1055
"Firmino with the challenge on Navas, which is a foul.",disapproval,0.085
It's one of the more elaborate haircuts of the new Premier League season and whether he just went in and said can I have a Jaffa cake? But that's what he's ended up with.,confusion,0.1602
And then he was quick play on the edge of the box from Liverpool. What a fantastic goal.,excitement,0.1586
Suarez gets there first and then Thiago Motta catches him.,excitement,0.1287
Also a bit lucky to stay on the pitch. He lost the plot for a while.,relief,0.0994
"Whata a good battle that is. Coutinho against Kyle Walker, I know he'll drift in.",excitement,0.1453
Sturridge. Pogba Finding Ibrahimovic. Who appeared to have pushed and shelved Here's Coutinho Henderson,confusion,0.1071
Calmly done by Smalling Schneiderlin,relief,0.1122
"For what a moment, for Javier Hernandez, who's been a bit part player at best here.",surprise,0.1143
"Brightly and he's got an opportunity here, but it's a bit quickly off his line to just sweep up. Conver any danger.",excitement,0.1569
"If he can play a part tonight, you wouldn't expect Manuel Pellegrini to leave it too long before he sends him on.",desire,0.0757
"The expression. The game hasn't been put to bed as yet with the domination of possession and number of shots, and he saves that Mignolet's being able to make.",caring,0.0638
"Firmino, Lallana. Unaccustomed amount of space around the edge of the Tottenham penalty area for him there. Clyne in support. Rose getting in the way from Mane. And again he didn't really do too much wrong. No, I agree with you.",approval,0.1722
"And quite often a yellow card, quite enough to have [coach]Louis Van Gaal[coach]. Back to agitated, but.",anger,0.1757
James Rodriguez. And the ultimate clash. Of fine margins.,realization,0.1273
"It's not easy for any example that he's back in his own half under severe pressure, but the important thing is he keeps hold of the ball, keeps it alive and Liverpool can slowly building.",caring,0.1118
"Lessons to be learned from that, of course.",realization,0.3868
"Twice, Marseille were in the lead. They led 2-1 at half time but.",desire,0.0809
Xavi trying to return it to him.,desire,0.0845
"He's Struggling, he's wrestling with him there, James Milner He played a part in that Chelsea equaliser at Swansea, didn't he? By driving the ball, looked up for Costa to his second goal. Daniel Sturridge applauding the Liverpool fans and not the Chelsea majority used to cheer him and Divock Origi comes on In place. Of the England striker.",confusion,0.1502
Waited up for Mane.,curiosity,0.0828
Into feet that through towards Sturaro one back by Cuadrado here is Lichtsteiner.,realization,0.0755
"From notably, Bayern Munich and Barcelona. Lovely feet again by Pogba.",admiration,0.1183
Kroos Ramos let him down there just to poke it back to Iker Casillas 10 minutes con in the center piece one is Sevilla nil Real Madrid nil.,anger,0.0655
"Even Arsene Wenger said in the way that he was surprised by the shooting ability at Granit Xhaka. So keep an eye out when he gets within range and he's on for Coquelin, which is the only thing really that's gone wrong for Arsenal in the opening 32 minutes of this London Derby, they 2-0 and they've been good value for it.",surprise,0.2799
Only 1/5 of the previous 28.,realization,0.0826
They've delivered a lot of success to Real Madrid. Isco,excitement,0.1119
"Marc Bartra a defender, usually a central defender. Fantastic Player Mascherano",admiration,0.1011
Klopp likes his teams to be all energy and frantic combinations in midfield. Lots of quick passes. It takes him all energy and frantic in that dugout as well.,desire,0.1324
It's the best bit of attacking football we've seen so far from Manuel Pellegrini's side. It's neatly done through to Firmino. Can to Clyne.,excitement,0.1069
"Nice reverse pass from him, wasn't it? Toure Navas.",curiosity,0.0907
"With a free kick here again, the card has stayed in the referee's pocket.",caring,0.0904
He got a warning early in the game and he needs to calm down. Andre Ayew,nervousness,0.2138
"Ibrahimović points to where he wants it. When he does that, he gets it. Batra having a dig at it.",desire,0.1622
With some 7 minutes to go.,nervousness,0.0714
Boateng Cut out by Busquets.,anger,0.1114
Exploit in the last five minutes of this first half. A lovely pool by Moreno. Can.,excitement,0.1121
"Jurgen Klopp is absolutely mad at Emry Can To be fair, talking about the changes of the options were a bit limited for him. Wijnaldum out. Lallana not quite ready to come back into the starting lineup. We wonder how long he's got in him and whether he will be needed sooner rather than later.",anger,0.2723
Because it may be heading out of Barcelona to the follow year of his contract and. Alves Offered him a renewal as yet. Seemed too pleased about coming off.,excitement,0.1594
It's brilliant. I think we're all gonna need a cold shower afterwards.,excitement,0.1187
And tidied up there by Kompany.,annoyance,0.0637
"And how popular they are worldwide, it's just not good enough. Keep it inflated. Antonelli played well, in the end. Flag did eventually go up.",excitement,0.0758
"Vecino gives it straight back to Poli, who'll probably cross from his position and Andrea Poli deep ball in almost gets the better of Sepe.",excitement,0.0771
"That's a really bold break, Alberto Moreno.",surprise,0.367
"Emry Can, James Milner and Jordan Henderson over it. Yeah, Henderson looks as if he's.",confusion,0.1126
"Yeah, Tiago into possession by cross. Hernandez.",excitement,0.1007
Chelsea scored a third goal against Sporting.,realization,0.1213
It will be a free kick. No yellow cards so far in this game. Almost 10 minutes to half time.,caring,0.0879
Here's Adriano. Mascherano.,approval,0.0708
Eriksen's played it off it for a Tottenham throw.,excitement,0.1078
"It was a little clumsy from James Milner to start with, but by the time he fell",confusion,0.1149
"Champions League Final will have come and gone by then, whether Oblack will be in it.",excitement,0.0742
"Well, they're going high press, Bayern Munich,we didn't think they would. We thought they might set off a little bit.",surprise,0.166
"It needs a lot to go their way. If it was to finish like this tonight, particularly if Olympiakos win their game against Dina Mozafari. Let's goalless at the moment. Kingsley Coman.",desire,0.0776
"Not too many forward, but Sanchez might just be the one had to be. Of rare precision. From Aaron Ramsey.",caring,0.0976
"His last appearance was when they went down with that slightly makeshift team against Sheffield Wednesday, played awfully well on their night, the championships line and knocked out Arsenal in pretty emphatic fashion. Yeah, but I feel for him he's not getting the protection from Campbell a little bit too late. That switch of play from Alonzo on Boateng is always on.",curiosity,0.0748
Who found himself in a couple of promising positions. In the first half. Now Nemanja Matic. Here's Costa,optimism,0.1969
"Suarez, great movement with the Front 3. Messi but",excitement,0.1252
Liverpool finding themselves with a bit more work to do in midfield and even deeper than that.,realization,0.091
That's a late Challenge before ball was  played forward by the now booked Zlatan Ibrahimovic. He's yet to write the number down in the line. Origi,curiosity,0.1004
"By Isco, Ronaldo, let's fly.",excitement,0.2727
This time putting the brakes on a little bit. He's such an attacking ally to Real Madrid. Not quite so.,excitement,0.0839
Away by Clichy. Wasted by Matteo Darmian.,disappointment,0.2708
20 minutes to go in this game and I don't think we're gonna get much rest. Sevilla. Won't give up easily here. Marcelo giving away the free kick.,nervousness,0.093
Bonaventura or 1/6 already. Try a bit longer if he's going to have another one.,caring,0.0932
"Carrick. Rashford stretching out to try and get his muscles working again, it's like he is on his own. Martial takes on City on his own as Alan says.",curiosity,0.0752
"Mane. Origi gave his country man, Alderweireld enough of a head start there, quite an ideal pass for him.",excitement,0.094
"Such poor defending after the first one, Laurent Blanc. He won't believe what he's just seen. This spectacular from Suarez.",surprise,0.1397
"City, with the corner taken by Silva and it goes towards Otamendi away by Hernanes for Juventus.",curiosity,0.0713
"Rashford, he's got the printing capability to turn those channel balls into something more than just a clearance.",surprise,0.0855
"Preparing, he's caught in the face again and wasn't he? I don't think he caught him. I don't think Batra caught him at all. It's just his backside. Maybe in the stomach, that's all. But he didn't catch him on the foot.",confusion,0.1688
Romao now. Ocampos. Well played by the Argentine. Not so much the second time. Verratti fighting and coming away with it. Pastore,excitement,0.1102
"That's the question. They have been underwhelming, City over the last few weeks, but this isn't gonna shake them up this Derby. Nothing will, but just do get the feeling and putting all their eggs in the Champions League basket there.",curiosity,0.1106
"And he sprinted out of the blocks at the start of the second half Bayern Munich and wonder how much it actually took out of them. And you start going deeper and deeper and causing their own problems. Well, there were one or two signs weren't there?",curiosity,0.336
"Before it got to him, may well have put him off.",disappointment,0.0812
"Now Can away by Kompany. Henderson, Firmino. Beaten to it there by Clichy. The boos tell you that Sterling's on the ball. David Silva. Raheem Sterling.",excitement,0.0717
"Ngolo Kante was in there, but fouling the Chilean player",excitement,0.0988
"He's really strong and aggressive. I just don't think Chelsea are playing so strength at the moment, I really don't. I don't. I don't see the problem with going a bit more route one and getting up the field, firing the ball up to Costa and getting up around him because he's playing well today.",confusion,0.0892
"And straight away, he's involved here and he's found the gap and he's got a chance and he looks to lift it in and Oh! It was nearly turned in at the back post as well. Juventus could nearly put that thing to bed they were Sturaro, who nearly got a final touch on it.",excitement,0.221
"Douglas Costa again. The Brazilian Lahm. It's a survival exercise at the moment this for, arsenal. Nicely done, though. It's Santiago Cazorla.",approval,0.0657
"Who's going to come off. It's going to be Arsenal change first though, and Alex Iwobi he's going to be taken off probably Steve with an eye on the midweek match against Basel. He'll be a starter you would expect in the Champions League and Kieran Gibbs who was the captain at Forest in the League Cup in midweek is coming om. Yeah, very much so. He's has had a really good game. Alex Iwobi. Very young, as you mentioned.",curiosity,0.086
They look really vulnerable to the counter attack and the pace of Arsenal.,nervousness,0.0927
What you don't do is create an event that lifts the crowd.,excitement,0.1515
"Origi to chase, scooted forward by Chambers.",excitement,0.1122
It's interesting that Rugani is the one picking him up rather than Tonelli.,curiosity,0.4738
That role was stolen and Cristiano Ronaldo. That's the kind of mistake that you get late in the half.,embarrassment,0.0917
Hoisted forward towards Origi not cleared very far by Clichy. Milner in towards Firmino.,excitement,0.0779
"Looks like Oscar's going further forward, closer to Diego Costa and.",curiosity,0.103
The likes of Silva and Toure and Aguero found out that opening a couple moments ago. Bony. Comes to Wilfried Bony again.,realization,0.1141
Mascular challenge from Stephan Lichtsteiner.,curiosity,0.1225
Pep Guardiola bottom screen clapping his players.,excitement,0.198
"You wonder whether they got it in them this time, though. Certainly when you see the kind of form they're at the moment. Bony with a a shot that won't trouble mingulay, that's all he knows. That momentum is key at this stage of the season. They just don't have it. Do they?. No, they haven't at the moment, and they've gotta regroup the, as you say, 3 losses on the trot. They got the big Champions League game coming up as well. Perhaps their minds are.",curiosity,0.2431
Here from Manchester United. Tests fans ability to catch the ball near the top of the cop stand. It was a good hit.,caring,0.1065
"He does so well Messi to draw the defender close to him and just as he's coming to close, Messi just slips it into the path of Pedro. His first touch is great and his cross is awful.",excitement,0.0799
He defended it well enough. Superbly well.,approval,0.1382
Messi. Just opened up for him. Try to nudge it into the corner that Rakitic quarter kick. Gotta run.,excitement,0.2042
Different kind of central striker in Origi. James Milner as well.,curiosity,0.0906
The ball isn't quite where the spray was.,confusion,0.1759
We shouldn't be shocked by Pep Guardiola in terms of the way which is attacking mine works. This is a little bit surprising.,surprise,0.326
Here's a Xhaka. The late challenge.,curiosity,0.1016
I've been critical of him a few times. I think he's.,disapproval,0.5095
"Lallana fancied that he just slowed down on his way there, Koompany getting there first, and no wonder might be a bit of residue involving Adam Lallana from the weekend. He was involved in that real skirmish towards the end of it.",excitement,0.1084
"Ronaldo will be saying, ""On to the next one. Thank you very much"".",gratitude,0.3712
"They both collided into one another, they have collapsed on a heap in the same area of the field.",confusion,0.0964
"It's a poor cross and David Luiz comes out and puts them under pressure, but they expect better than that from Pedro.",disappointment,0.1254
That's why that Lamela against Milner battle could be one of the keys today.,realization,0.1585
"We knew all about Shaka in terms of what he can do as a disruptive influence in central midfield, but he's got a fair old strike on it. We saw it against Holland, we saw it again in midweek against forest in the EFL Cup.",realization,0.0904
Payet. Spots the run of Mendy but can't pick him out there.,confusion,0.1351
"So if he fails to win, I'm sure the next game against Chisena. And Filippo Inzaghi. Staring down the barrel of a gun.",nervousness,0.0888
And then he was quick play on the edge of the box from Liverpool. What a fantastic goal.,excitement,0.1586
And a poor ball from the Brazilian fullback.,disappointment,0.2125
Could have debated. He makes a forward run running using all his 190 centimetres there.,curiosity,0.1582
Should look for that more Liverpool. It's a definite area of. Problems with Spurs,disappointment,0.1043
He gets a yellow card in this first half. I don't think one on there.,disappointment,0.2076
"Simple, save from Cech for Coleman. Great wingman. Play out wide. Makes that run inside, and Alonzo picks the pass.",caring,0.12
Can finds a really good ball through here towards Flanagan just saw he got away from it.,excitement,0.0992
Otamendi. The crowd trying to urge Manchester City on here.,excitement,0.2026
Coutinho's in far side,realization,0.0767
"That's what you expect. That's what you want. If you're a centre defender and a centre forward, a good hard battle, you'll win some, you lose some decisions.",desire,0.2349
Can he pick out a teammate now? Ayew lets it run. Payet. Payet's curler.,excitement,0.1162
And this isn't bad either. All about Lallana and it's a lovely finish from Firmino.,admiration,0.0972
Sturridge just having to come out of the the front line to get a touch or two. Firmino. Coutinho. Clyne and Can,nervousness,0.0859
"Moments like that, a few minutes or so ago that will sort of hit home.",realization,0.1127
"Here's Mane There's too many players back from Manchester United and in each other's way, but they've got a free kick anyway. He's been good Herrera. Really good.",caring,0.0864
7:00 o'clock kick off 6:30 to build up starts on BT Sport One HD.,excitement,0.1133
"Real Madrid, the ball not cleared. Carvajal hole whips it in.",excitement,0.0978
Clyne can lift it up here towards Firmino.,caring,0.0686
"Liverpool fans, if they're going to be quiet to start with, that's got them on the edge of the seats. A few good tackles always gets them warmed up.",excitement,0.1176
Yeah. Joe Hart clearly has a problem.,realization,0.1473
"David Luiz. A happy homecoming thus far, though, as Gary was saying, no real finger pointing at him. Fabregas.",excitement,0.1066
Ronaldo was a free kick on the edge. Emre Can.,excitement,0.1742
"Matip On from Lovren You know, they might collect this.",caring,0.1194
"Valencia Effecting that, Manchester United have relaxed the quicker of the two. Pogba again in his role upfront Fellainihopeful enough to get forward as well. Ibrahimovic Awkward.",annoyance,0.0648
"Something they struggled against Newcastle here. Both Manchester City, their first clean sheet of 2015.",desire,0.076
Trying to keep it alive there. Forward by Barzagli,caring,0.0975
"Starting the night 10 points behind the leaders Leicester, with 12, left to play, facing a Liverpool team wounded and hurting from Sunday, city can't afford many more slip ups along the way, all red for Liverpool. The darker change strip for Manchester City tonight and lots at stake here. For Manchester City.",desire,0.0781
"Alone on the outside, and they're using him as a decoy. [commentor] Should've used him. [commentor] Could he use him with the ball? [commentor] Yeah.",confusion,0.153
Ocampos. Dja Djédjé,excitement,0.0926
"Well, everybody worried about Douglas Costa against the pushy, but Coman 1V1 as well. Actually, unstoppable in these wide areas. Just so quick.",nervousness,0.111
Manchester United Boxing Liverpool in.,excitement,0.1352
Full back looking inside the area plays instead short to James. Kroos Isco,curiosity,0.0945
"When they do get it wide now, City, they have got more bodies in the box though, with having the two strikers. David Silva's floating in there as well. He's not really playing wide when they're in possession, he's still floating off the front two .",desire,0.0824
Casillas has to make a save the shot on target from Alberto Moreno.,caring,0.0801
Remember Carlo Ancelotti's.,realization,0.0924
Upfield the referee plays the advantage and we can maybe count here. There's 6 blue shirts behind the ball. Mattia Destro.,curiosity,0.0857
"Throw to Marseille And it's the former PSG player Brice Dja Djédjé, who will take it. Came through the ranks.",excitement,0.1173
It was everything you wanted in an attacker really.,desire,0.2929
Apart from the defender does get penalised there and sometimes you have to have sympathy.,caring,0.1119
But really any trouble apart from the couple of chances. They look really nice and comfortable and the set up well.,annoyance,0.0722
"It's been a warm day, the official start of spring.",optimism,0.2081
Successful with Brazil in the World Cup where.,approval,0.1228
Lost 2 nil a year ago to West Ham. They were one nil up and failed.,disappointment,0.4029
"On Saturday, when he saved two City penalties in Everton's goal.",excitement,0.0936
Their energy? Will they look to do that? Will they offer a more conservative approach here? We're about to find out.,confusion,0.172
Among those celebrating with fellow Portuguese international Coentrao.,pride,0.1671
This passage of play on the stand out on the right side. Here he is.,surprise,0.1268
"But this Arsenal team Owen is 4 different, isn't it? From the one you're right beat Byron Munich that there's no mayoring. There's no Koscielny at the back. There's no Walcott. Of course there's no Ramsey. All of those started that other game. Well, incredibly important players as well. I thought they played very well.",confusion,0.1372
A little bit straight. For the perfect position for a cross. Ibrahimovic's picked up the ball as if he wants to have a shot. Some 40 yards out.,desire,0.1801
"Getting there is fantastic, but doing what he did to round it off. Incredible to do that. And then he puts Boateng in a terrible place in his backside and then dinks Manuel Neuer, who stands tall. As you'd expect. It's amazing. It's brilliant.",excitement,0.1775
"6-1/2 doesn't the other? Liverpool get the... I think that's a foul on Kane to be honest, and he gets a bit frustrating. Pulls Lovren down. I think you got that one wrong.",confusion,0.1468
"Eventually, Fernandinho can bring it the right way as far as city are concerned. Can't keep a hold of it for very long though. Milner",optimism,0.0923
Arbeloa making sure that he kept his eye on the ball and. Even though Moreno had run in behind him.,caring,0.0929
"With the ball and without it. But he's not the only one, Chelsea.",confusion,0.0782
One day this run of scoring every game has got to come to an end. And. However hard you try and have a good you are. Football. Pretty much.,realization,0.0966
"Great. Delivering Arsenal 3, Liverpool 4. [commentor] In the first half.",admiration,0.1208
Not going to be held by Ramsey needing some attention here.,disappointment,0.1063
The length of the grass might just hold it up for Theo Walcott but it didn't quite.,disappointment,0.1442
Kept fouling another. Darren Fletcher.,annoyance,0.1642
"Suarez. And all sorts of versions. As to how find of her arrived at this front three with Messi on the right hand side, one of which is.",curiosity,0.1016
"That's an example there with the Arsenal team at the moment. They've gone wide, there's a cross coming in, no danger there. Here's the chance though. The endeavour of Costa has created the chance for contract with that fantastic speed from Bellerin which we know he's got. He covered so much ground to get back and make the tackle.",caring,0.0948
Trying to control Neymar. He had it done as far as Messi were with him still are.,desire,0.064
"Not a lot of pressure on the ball, in truth, though, from Juventus. Now they're looking for the killer ball to get Navas away. Yeah, you don't mind this certainly away from home when Manchester City are top in the groovy and they're knocking the ball around, getting plenty of confidence. Everybody's getting a touch. This will suit Manchester City.",optimism,0.092
"Marchisio again lovely bullying and Mandzukic, his header is way, way off target.",excitement,0.1034
"Pepe. Well, that again the assistant actually on the line there had a very good view of it, much better than any of us and much better than the referee. No, they should be getting those right. All the Madrid players convinced.",excitement,0.0799
He's a little lucky to stay on the pitch in that game. Henry serves me right.,relief,0.1167
Pulled into question now experienced central defender.,curiosity,0.3373
Here's Nicolas. Otamendi. Trying to wait.,confusion,0.0857
"Some players up in support of the one strike we've done well, he's got a free kick.",approval,0.1512
"One thing for sure, Liverpool now not to give Gareth Bale a ball to chase over the top, they're digging in deep again. Benzema. Lucky to get it back. Ronaldo. Here's Borini. Lucas.",desire,0.0664
Here's Alex Sandro getting the cross in and away by Martin Demichelis.,excitement,0.0961
"With the Joe Harts a little bit blinded by someone, I don't think so. I think that's a big mistake in his near post. I think Joe Hart's gotta get closer to that; gets nowhere near it in fact. It's a lovely little ball from Milner into Lallana's feet to start the ball off. And even he's surprised.",confusion,0.1159
"I do have Alvaro Morata, who did such great things in the Champions League last season, waiting on the bench hoping for his chance.",excitement,0.132
"I think most of us were looking for a flag on their Aleix Vidal, and that was a real opportunity for Sevilla.",excitement,0.1193
"Marseille scoring goals are plenty 12 in their last four games, but. Conceding as well. Gignac. Thauvin",curiosity,0.078
I think it be Collins who is benched sooner rather than later.,disapproval,0.1012
"It's just it's the pace, it's the tempo, it's the quickness of the passing, the pressing. Liverpool, just sharper to everything.",realization,0.1181
The rescue package in the shape of Eric Bailly for United. He's done so well and won back by Matic.,relief,0.1363
"They have taken the lead. It's Roma nil, Manchester City won. Of course, Bayern against CSK Moscow. And Manchester City could go through in the Champions League tonight or they could go out of Europe completely. But it's looking at the moment as well they could be staying in the elite European competition. Well, you want to see [inaudible] on the next round, don't you? [inaudible]",desire,0.1482
"Surrounded by three or four shirt, little cut back heel to Bellerin. Good block by.",caring,0.0856
They've been able to sort of get himself a head of steam up now in terms of his temper as well. He seems to thrive on getting pumped up and.,excitement,0.1954
"[commentor] This is sorry story for Arsenal, but you have seen four absolutely fantastic Liverpool goals.",remorse,0.1993
"Nine games isn't nine games. Two goals, probably a few assists as well. Three or four assists. But that's an important goal. Big goal that gives them the points, takes the pressure off.",caring,0.119
"Tight finish this time into the bottom corner. There's a wonderful finish, not quite sure where the left back is watching Moreno here. Where is he? The ball sacks down that side. He's out of position. Theo Walcott cannot believe his luck has After a massive moment of disappointment. [Theo Walcott]",curiosity,0.093
And Kolo Toure into the Manchester City penalty area. In it goes from Henderson.,excitement,0.0795
Ibrahimovic finding Van Der Wiel Ibrahimovic. Pastore.,realization,0.091
They finally managed it. Let it go. 5th resistance is broken. We gotta give great credit to that man. 50 goals this season. But when he mattered.,disappointment,0.0814
"didn't meet it. But good stop by De Gea. Yeah. Good stop from a very good goalkeeper. Yaya Toure does well here because he slipped. But he manages to keep the attack alive. And again, it's Navas. Who ends up with a chance. Through the legs of Rojo",confusion,0.1075
"It's it's clever plan. It's good play because it's in the middle 3rd and it's in the Chelsea 3rd. It's not like across the back. Anyone can do it there, but they're just enticing Chelsea to come out and press them and play around them. This is the confidence there. Look at the eyes.",optimism,0.1579
"Face didn't seem to fit, did it at Chelsea for Juan Cuadrado and they saw enough to pay £23 million for him, but he's only had four starts for them. 15 appearances.",disappointment,0.2327
Alonso makes a great break there and.,relief,0.1774
t's been given away by Can to Bony. Can gets back in there to win it for Liverpool and win the free kick as well.,caring,0.0712
"Rabiot, how's it go? Very ambitious from there.",excitement,0.3151
"Until, of course, a couple of weeks ago and he scored an unforgettable goal.",disappointment,0.1143
Firmino Was better. He was stringing some passes together.,realization,0.0999
"I would say more like David Silva, who he must have played alongside, at least in a couple of training games when he was at Valencia.",caring,0.0876
Firmino didn't control. Pogba was trying to turn on the power then. He's got plenty of that. Henderson did well.,excitement,0.0811
"[inaudible] now Thiago Motta. [inaudible] Ibrahimović. He's had a beating with Mathieu. So far tonight, that's what Barcelona's weakness has been the left back position. But he doesn't like playing there. And yet they've got Jordi Alba on the bench. This is why I question the selection. Rakitic, I would play him and certainly Jordi Alba because he's got real peace, not Messi. He's got a one on one with that with David Luiz. Here's Messi against David Luiz. He cuts inside, leaves him behind. It was an excellent goal- a it of ball. The play back is the key. Blasted away there. The danger hasn't gone away. Suarez unsuccessefully getting the court.",curiosity,0.0793
[commentor] Need to change the game. The flow of the game because at this moment in time the spaces that weren't there in the first half they are all over the place. Liverpool look like they can score with every attack. [commentor]Fimino.,excitement,0.0803
Here is Mathieu. Aguero. Found Zabaleta. Attacked by Mascherano.,anger,0.0998
"So more football coming up for you next week in the Europa League, the last 16 first leg, Liverpool against Manchester United next Thursday, 7:15 BT Sport Europe and Ultra HD.",excitement,0.162
Was there to claim it. Here's Olivier Giroud who might well be coming on?,curiosity,0.1627
"Be back. But they're doing quite well without him. You've noticed they've got a pretty good play, and Arjen and Robben on the bench as well, yeah. And we thought would start tonight, but. Can't get in.",curiosity,0.0982
Difficult for the goalkeeper. Can't go for that one too much pace on the ball and just that little touch that adds that little bit of extra pace. It's past Mignolet before he can react.,approval,0.0823
"Marquinhos, spotting a bit of space to run into Motta.",curiosity,0.0859
Would be more than just a free kick. Michael Oliver,desire,0.0946
" Wembley hero from Sunday, Willie Caballero saved 3 penalties from Liverpool. At Wembley. Here's Firmino",excitement,0.1371
Louis Van Gaal has worked very hard on that aspect. In this club.,caring,0.1203
He's injured.Here's Bony,disappointment,0.1909
Puts it out for a throw in in favour of Sevilla Reyes.,excitement,0.0747
"Not for long, though. One goes behind and Martinez.",annoyance,0.0764
This is very unlike a team that have taken 10 points from their first four games.,desire,0.103
"By the way, there now just opens his body out body out like that. We've seen it many times. Just stroke those into the corner.",realization,0.0886
"I think they've got a bit more height and Power, City than united and that it's a golden opportunity up against Marcos Rojo who's certainly got the beating of his man and. Should do a lot better. Rojo.",anger,0.1391
He's the Marcelo Marcelo inside Isco Isco looking for the.,curiosity,0.0667
"That's the way that Real Madrid mixed their game. Obviously Benzema coming short, getting it in front of defenders, Ronaldo then running behind centre halves. They always keep you thinking as defenders. Outswinging corner. Skrtel attacking the ball. Modrich.",confusion,0.0962
"Falls for Milner and Mane is offside, it seems that he was.",confusion,0.1543
Some Mascherano and here's Alba. Neymar. Suddenly released into space.,surprise,0.1388
Costa. Arsenal's crisis in this group could be deepening. Already behind here.,realization,0.082
Xhaka and now Cazorla.,realization,0.082
Not sure why Pogba didn't go over a hunt on him and chase him down.,confusion,0.2556
Dani Alvarez here's Gerard Piqué. Sergio Busquets.,excitement,0.0725
Fernandinho. Sagna. Nasri.,curiosity,0.0845
was sent off once here in his Wigan days. Nothing too sinister. on that occasion,neutral,0.1247
"Of course, has played at left back and Enrichen has played it right back for Germany. It's on the bench. That's one move they could think about, but.",curiosity,0.1195
Might argue three times as many tackles from Athletico.,anger,0.101
"And Kelechi Iheanacho. The 19 year old has got nine goals so far this season for Manchester City and some big ones along the way. He's on. So Manuel Pellegrini, he's made two changes here at the start of the half. Wilfred Bony and Kelechi Iheanacho on.",approval,0.0886
He was certainly back on his job as Dani Alves came bearing in. Iniesta,realization,0.0969
Extra split second to get turned and be the threat they should be. It's a wonderful ball by Ozil to Kieran Gibbs.,excitement,0.1875
Don't forget Europa League action tomorrow on BT Sport 530 Qarabag against Spurs on BT Sport Europe at 7:30 will be with Celtic as they play Ajax on BT Sport 2HD and from 8:00 O'clock Liverpool against Bordeaux on BT Sport Europe. All the action ,excitement,0.1498
When they played three or four passes around the edge of the box. A couple of times they have looked dangerous. Ashley Young with a good tackle on Clyne,curiosity,0.0849
"Back in the late 1970s, when Brian Kidd is here tonight, part of their Manchester City coaching staff got the winning goal.",excitement,0.1491
I think they'll have it back to his goalkeeper. Touch with the ball.,caring,0.0699
"Energy to close Gary Cahill down, that's set the tempo for the game. Holding the ball up bringing other people into play.",excitement,0.1775
And the position that Gareth Bale had perhaps been occupying.,realization,0.0791
I wonder what Alexander Kolarov would be thinking if he made that challenge on Tommy Smith might be more to the point.,curiosity,0.4956
I think it's fair enough that the referee doesn't give a penalty there. Ibrahimovic in the box.,curiosity,0.0771
Miranda. Varane wins it in the air. Collected by Juanfran. Griezmann.,excitement,0.0954
The questions are the home side here.,curiosity,0.2531
"Young player who's come back with two more caps for England as a substitute in the two games during the international break, which",curiosity,0.0943
It's a hornback side of their game together in the Ajax back four and certainly very effective way of beating. A high. Frenetic press. Long ball out from the back to. The diagonals.,excitement,0.1274
"Had these purple patches in the, in games before under Jergen Klopp.",curiosity,0.0983
Well won by Fernandinho on Pogba. And Fernandinho's gonna try one.,excitement,0.1407
"Darmian has to call it a day, reluctantly.",sadness,0.1059
Barcelona in the semifinal 2 years ago they were demolished themselves by next holders when Real Madrid.,desire,0.0721
"Alderweireld resisting the temptation to shoot. Dier whipping it in, and Eriksen misses the target.",desire,0.0834
"And even in any sense, Neuer had it covered. He was going that way. He'd anticipated where he was going, Neymar.",excitement,0.098
Suarez being eased away from a potential controversy.,annoyance,0.1055
"We know this Liverpool team can do that to you, but well.",realization,0.0968
"Well, it's a different team now. They're pressing really high up, just getting each other's way.",confusion,0.1668
Would you know. It's don't remember the last time I went into a hairdresser.,confusion,0.1533
"Pass it down both flanks, Arsenal in that attack",excitement,0.0968
It will be a free kick for Manchester City but the need is pretty urgent now as you can see.,desire,0.0956
"Took his time to settle in Marseille, but he's been electric in the last few weeks.",curiosity,0.0752
Get some retribution for himself here. Bonucci's gone up to join in. The two centre backs are in the penalty area and it goes towards Bonucci. It comes off the head of Mangala. Pogba!,anger,0.1159
"One who is aware of what was around him, he plays the ball to Ibrahimović himself.",realization,0.1521
He's ust checking that is if there is of course. Pethaps to Go off for attention. Fight Night for Luis Enrique.,excitement,0.1787
Manchester United went into after a disappointing draw in terms of the result at home to Stoke but what Jose Mourinho said was their best performance.,disappointment,0.1926
"Premier League action on BT Sport. This week on Sunday, make a note of that Sunday for Spurs against Chelsea really tasty game. We're on the air 11:15, that one available in glorious HD as well.",excitement,0.1285
Produced a sterling effort tonight. Andre Pierre Gignac.,approval,0.1116
Here's Flanagan. Henderson to Milner r and then Lallana. Origi had made the run ahead of him. Lallana can bring it forward and some help from him through for Liverpool.,caring,0.1206
He just takes it towards maybe a little bit straight with his left foot maybe Antonio Valencia can't get back in.,curiosity,0.0722
"Manchester United for a while when he left Southampton, Liverpool, who acquired him and been very pleased with him. He scored in both the home games. since it was reopened.",excitement,0.1235
"But I think that was a big disappointment. Did not gonna pull. Never made it 4:1 would have really put it to bed, but they're almost there. But I think you can never put Arsenal off.",disappointment,0.3099
"Pastore, and suddenly some space for Van der Wiel to move into more in the middle, but the cross easily charged down by Alba. Unless they get the ball through midfield, they'll never get the full backs ball, which will expose potentially Messi, and Neymar defensively in those wide areas, but they've got to be brave.",surprise,0.0753
45 minutes to 60 minutes into the game.,caring,0.0874
"Well, Jordan Henderson exacting a bit of revenge. He's lost 7-2 with Sunderland 5-0 with Sunderland against Chelsea.",anger,0.1776
"To the two teams on the field and the two watching at home, Valencia and Barcelona. Marcelo has won it for Real Madrid. Marcelo, he knew Bale was making the run but the ball too far ahead. Well recovered by Gareth Bale. Still, Bale. It's been so easy for him there.",caring,0.0926
"And, look at that. Just a little dink. He knew exactly what he was doing. He was given the time actually to do what he needed to do.",annoyance,0.2004
Christian Eriksen has a. Wonderful show reel of set pieces that have.,joy,0.1403
Honda. Great ball for Rami. Honda.,excitement,0.1278
Trying to thread his way through.,curiosity,0.1391
"Did well, but then confusion with Mignolet.",confusion,0.4089
What are they playing out here? Passing around the back and then they were going to clear the lines.,curiosity,0.1846
"He's been the best player in the Bundesliga so far this season, incredible player 1V1.",excitement,0.1117
"Based on the second half performance, you wouldn't say they deserve it, but if you.",curiosity,0.0827
"And Fabregas who got a recall to the starting 11 in the league football today after a couple of goals in midweek in the EFL Cup. He's off 9 minutes into the second half and Marcos Alonso is coming on. An unhappy return to the Emirates here, Steve for Cesc Fabregas.Yeah, and to be honest, Fletch, he could have brought anybody off.",disappointment,0.1667
Navas and Zabaleta in support. Here's Navas.,approval,0.3033
"It's 0-0. The team aren't winning, but we're right behind the team. They recognise what a brilliant game this is. This is the Neymar run.",caring,0.0995
"He revels in the ball being rolled back to his feet, loves playing the 35-40 yard pass. That's a big advantage if you've got a goalkeeper can passable like that. Chad is the one warming up. I wonder what his influence is on the game.",curiosity,0.2242
"Yeah, it wasn't so much an elbow as an arm off, Arda Turan, I think. Knew where his opponent was there.",realization,0.1043
"Borini actually acknowledging the quality of the cross, thinking I could have done better, I might just have chanced a run.",realization,0.0909
James bringing forward for the All Blacks.,caring,0.09
"Samir Nasri, who got the nod to Kevin De Bruyne tonight. He's another one of the players who could potentially come off the City bench and make an impact at some point.",gratitude,0.0979
"Danny Rose is OK. He's back on the field, Spurs restored to their full complement of 11. Held on by Kane. Janssen trying to. Feed Lamela.",caring,0.1235
Yeah. Brilliant. Brilliant play from Flanagan as you were saying. Sterling was.,approval,0.1211
[commentor] He stopped. That strange. He was through on goal and he was a one on one. [commentor]And he's on a hat trick. [commentor]Yeah. [commentor] Said something weird.,confusion,0.2156
"Good play by Muller. The strength, here's Jordi Alba, just fires it across the near post. He opens up that left foot Lewandowski but can't get enough on it. What a chance? That's brilliant play for Muller again.",surprise,0.1212
Two important men to their respective teams.,realization,0.173
"Does injection pace into the attack is certainly the best way to go. Not quite sure the clever enough to be able to see it out right, running the clock down with probably about 7 or 8 minutes to go.",caring,0.1196
Origi. Pirouetting.,excitement,0.1696
Now he can feel confident.,optimism,0.203
Willian and gone off Adam Lallan. He's saying he's being nudged.,annoyance,0.0925
"They're going for it a bit here. Manchester City, they've upped the tempo. Yeah, that's what happened with the chance from Morata that way. And they just have to be careful defensively. It's all like going for it. But you can't leave acres of space at the back.",excitement,0.1601
United have got to stop Sagna from flicking it on at the near post. That's twice he's done it now causing problems.,annoyance,0.1373
"Realistically, for Jurgen Klopp he is the number one choice. Here's Clyne on the opposite flank.",caring,0.1095
Mata was trying to guess where Clichy was going to back head it to.,confusion,0.1677
"And now Arsenal really are in very, very deep water here. It's the old pair again, isn't it? Levandofsky and Müller both on the scoresheet already. What they deserved that Bayern Munich perhaps. Really dominant performance. And again the front 4 not tracking back. At this level, you just can't afford.",desire,0.0829
"Marcelo was in behind him again, providing width down. That left hand side. There's the earlier chance. Kolo Tori again caught ball watching. You have to be so aware of Cristiano Ronaldo's movement is what's going to catch you out.",caring,0.1015
"Just the two finals last year and 40 years prior to that, when they were very, very close on both occasions.",realization,0.1029
"Pushed by Maria Michael Oliver as the referee with a few anyway, more amendments and interpretations to contend with.",curiosity,0.0919
"Just getting inside Daley Blind, not playing offside, He ends up just.",confusion,0.099
"He sees it from a long way away, Lovren but still makes it look a lot easier. The fact that it hits into the ground fools Courtois and gives his team a deserved lead.",annoyance,0.112
Really good to see him in this sky blue shirt.,admiration,0.1207
Matic goes to try and flick it off. Nuisance.,annoyance,0.3353
"And then Samir and Nasri came up with a crackerjack goal, which steered City to victory in Rome and into the knockout stages.",excitement,0.117
"Here's Azpilicueta, bit more fervor in the Chelsea support. More aggression in the Chelsea play.",desire,0.1145
"In front of Sterling and in actual fact, the last touch came off for Raheem Sterling.",realization,0.0925
"Here's Walcott, Walcott's in behind. Walcott!",excitement,0.2157
"Advantage given by Martin Atkinson almost resulted in a goal from Lucas. He should have scored for me, [commentor]Rob[commentor], that was a fabulous ball into the box. He looked like he's arriving at the right time and poor defend and I think a mix up between Piqué and Bartra allows it to go wide, to cross comes in. He gets there first, but he can't guide it on target. Thought he should have done better. Great ball from Matuidi.",excitement,0.0987
"Mandanda working out his angles as PSG's super sweet. Prepares to take. Cavani, Motta.",caring,0.1038
"You think about the Premier League over the last few seasons, a lot's been out of character for it.",confusion,0.1256
"Frustrated this season, though, Michael. Isn't it? Where when you've got the kind of deficit to make up the Manchester City, have they can't make any more slip ups and they've got some big fixtures coming up on the Horizon too?",annoyance,0.2172
Fernandinho. And Sterling is just dropped a little bit deeper here.,surprise,0.1
"[inaudible] the wings of Motta clipped by Mascherano.  He's trying to say, that he picked his pocket. Motta was closer than that. Let's have a look see.",curiosity,0.1035
"Still, at the moment in the position of match winner. Every striker loves that.",excitement,0.1376
France against Holland from distance.,anger,0.1226
"Both players, certainly with their eyes on the ball. Krychowiak, the.",curiosity,0.0755
He's walked off Thiago Silva well.,disapproval,0.1707
David Silva having to try and help out. He's done really well because he was surrounded.,caring,0.1457
Pepe unable to clear the ball goes out for a throw in. Ancelott with a little bit of sarcastic applause for the.,amusement,0.1878
"Bayern playing out of the back, you can't complain.",relief,0.0903
"Alonso. Matic. Now, Pedro.",realization,0.0949
"To propell the ball forward from the throw. Roberto Moreno wouldn't have started if James Milner had been fit. Chance for offside, but Saudi Omani, no flag he has now, Certainly looked offside when he took the ball on. Did he need to take it on? I was wondering what the assistant referee was doing.",curiosity,0.218
"Azpilicueta and Hazard onto Bellerin and Walcott, we see it a lot as Rio, alluded to beforehand in the pre match show a lot of Chelsea defensive errors come from Hazard because he doesn't work hard enough getting back into shape. You wonder whether Bellerin and Walcott are focused on that and want to attack two against one on Azpilicueta likewise the other way.",curiosity,0.3385
"Challenge of the agricultural variety by Dejan Lovern. Have one goal [inaudible]when he first round you just there stuck his left arm out, then caught up with him. Swept him with his right leg.",curiosity,0.126
Kompany swings it forward towards Sterling. It's a Liverpool throw in.,excitement,0.0988
Mascherano is back on.,relief,0.0775
"And Zabaleta has made a good run here for Manchester City, beaten away by Mignolet.",excitement,0.1135
Neymar. Rafinha was locking onto him. Here's Schweinsteiger Benatia He has to go back and. It would be an awkward one for.,nervousness,0.1814
Sevilla still down to 10 men as,disappointment,0.1133
Clichy to Fernandinho. Now Aguero,excitement,0.0673
To come in and cover behind their release to tell Gabriel Paletta. Valdifiori. It's a great forward run.,excitement,0.1267
"Since they beat West Ham, they've won at Watford, beaten Burnley here, drawn at Swansea where they really had enough to win the game. Here's Matic. He's done very well. Can he pick someone out now. He has! Diego Costa!",excitement,0.1278
Payet going down and Payet winning the freekick.,disappointment,0.1636
And we know that John Flanagan is equally comfortable at left back or right back. But interesting to see what Clyne looks like as a left back tonight against a top class opposition here in Manchester City.,curiosity,0.5189
"Benzema, the goal scorer. Talking these parts about Carlo Ancelotti.",curiosity,0.1086
"Chicharito pings it bad, but he's strayed offside.",annoyance,0.1058
Ronaldo took with his usual aplomb.,relief,0.1001
At this very moment until Lingard wraps a foot round it well.,caring,0.0685
"Some purpose and pace into Liverpool's play. Rashford. Quicker off the mark, than Milner His main job was to prevent the corner.",desire,0.0931
Liverpool Trying to rough it up with the ball at their feet. Henderson now Klein hit hard and low and Cech is able to hang on. He did attack quickly. It didn't allow all being Walcott to get back.,excitement,0.0957
Limbering up another of the. Still waits for Simeone.,excitement,0.1247
"Can, looking to thread it through towards Adam Lallana. It was Kompany back there for Manchester City and then Sterling finds himself a little bit boxed in but unable to wriggle away.",confusion,0.1061
"Milner again over this Liverpool free kick, Midwall distance on it this time, again it was Fernandinho involved in clearing it. Aguero challenged by Lallana. Here's Origi. Toure",excitement,0.1308
Their first. It's has taken 80 minutes.,annoyance,0.0693
Collision Hamas. Rodriguez complaining he was fouled. Kolo Touré. Still got a good turn of foot. And the skill in those fate.,excitement,0.1062
Antonio Valencia had been out for a long time.,realization,0.067
Often in this first half I've had so many men forward.,excitement,0.1119
"Thank you, Duncan. Pepe with a long ball forward looking for Chicharito. A little push there in the Mexican from Kolodziejczak, pulls one out for a throw in for Sevilla. Here's a very physical, Sevilla defense the likes Carriço and .Kolodziejczak will really be trying to nudge out Chicharito who doesn't have the most strength. James Rodriguez also not the strongest of players. And the will be trying to impose themselves early on.",gratitude,0.2389
James Milner's goal. His. Eighth for Liverpool.,realization,0.0955
"Little bit messy from United in total Valencia, as you said, got sucked in so they lost the shape at the back and. He committed the foul.",disappointment,0.1816
Here's Nicolas. Otamendi. Trying to wait.,confusion,0.0857
Eye off the ball Pastore. I think he's just use the pace on the ball just to sweep it into that far corner.,curiosity,0.0991
"There's no intent, but it's just sloppy again. He's just leaving a foot in, and I understand the linesman couldn't see. Sorry the referee because he was on a bit of a bad angle, but it was five yards in front of the linesman. Lallana.",disappointment,0.1499
Amazing how much more solid Manchester City look with Kompany sat there at the back obviously. Fernando and Fernandinho just sitting in front of that back four as well quite solid look to it today. Manchester City's team.,surprise,0.1902
"Lovren's just racing behind him, feels the touch and goes down, and now this is a dangerous position. The last one was a little straight.",nervousness,0.159
"Probably not got hurt, just a couple of minutes into. The game on Saturday. We're against Malaga.",caring,0.0748
"And even in slow motion, it's not quite spot on, is it? So the referee calling it equal. He is just trying to get his foot over the ball and just catching James Milner's foot.",confusion,0.2403
"Haven't seen too much of Pogba yet in this more advanced midfield role, but it's his pass.",surprise,0.1082
But the flick just takes some of the power off for the delivery and from James Rodriguez Ronaldo did not have to adjust his run at all.,surprise,0.0741
How many passes is this with the ball for Manchester City? Not bad away from home.,curiosity,0.3008
Now he's nowhere near the ball. He booked Pepe as well.,disappointment,0.1062
"Arsenal got themselves in trouble in this group, losing the first two games against Dinamo Zagreb and at home to Olympiacos, so they're playing catch up a little bit.",disappointment,0.2893
"Now one goal down to Cristiano Ronaldo in the Champions League after Ronaldo's goal for Real Madrid in Turin last night. And, of course, a defeat that's wonderfully poised that semifinal.",realization,0.0752
"Couldn't get it into Sturridge's feet, which is what they're trying to do but those ",disappointment,0.1332
"Manchester City, enjoying their best spell of possession they've had so far tonight.",excitement,0.1494
"Who sent a consignment for them back in 1903. It was a lovely gesture. They invited Notts County back to play here when they opened this stadium, gave them a five star hotel luxury travel.",gratitude,0.122
Alonso from Rafinha's header. Here’s Rafinha again. Schweinsteiger once more in the middle. But,excitement,0.0906
"Well, Juanfran was the man and I think he might have been worried for a second there. Stretching for the ball.",nervousness,0.3238
It just took a touch on the way through and will be a corner kick taken very quickly to Navas.,curiosity,0.0959
"Chelsea, they're gonna allow pot shots like that. Just said at the beginning of the game, Cazorla has got far too much space and there's proof there.",realization,0.0841
"When is it not good from Thomas Muller? It's a fantastic touch there, little touch round the corner away from him. He gets up as well, holds him off.",curiosity,0.1082
This is to be Xavi's final season.,realization,0.1208
"You know, do not require the ball to go forward. Hopefully he started again.",optimism,0.1746
In the middle and those runs from the outside to in.,realization,0.1161
"The winger converted to a right back, don't seem to be moving on that freely. Actually a few minutes ago.",confusion,0.1797
"Just couldn't do it on this occasion, but credit Mignolet for good positioning. Markovic .",curiosity,0.0693
25 and the two nandos play alongside each other at the Hart of the midfield Fernandino here and Fernando.,caring,0.0921
"Recovers three positions, reorganises.",realization,0.1311
Sergio Ramos. And now they're running into trouble.,disappointment,0.1643
"For an extra time, this is the square 14 minutes away from. The slowest walk off the pitch in history. This one.",approval,0.0743
"You may as well though, Glenn, on a night like this because with the blustery conditions he's going to make it hard for the goalkeepers. Yeah, you're right though. I think he's got a bit more conviction about his shot there. I think it was a shot for shot. So I think this is Hederson there, just with a nice little nutmeg. But it's that type of thing Liverpool are doing. It's a nice pass. Nice bit of skill, but it's the end product. There's no end product at the moment for Liverpool.",caring,0.0803
Sports science have a big impact now upon obviously what happens in team selection.,realization,0.3257
And two points above Marseille.,realization,0.1373
Liverpool supporters hoping there's going to be a grandstand finish here.,desire,0.199
"Would allow Valencia, of course, the chance to go back ahead on points of the Sevilla who are level with them so far and still to play. They play tomorrow against Eibar at the Mestella. Bale's ball into Ronaldo!",excitement,0.1337
"Reyes pings it in. The ball, put down cleverly by Ever Banega who has Vidal in support, and that would have called for corner. Just kept him. Pepe now clears it up towards the halfway line.",caring,0.1002
Henderson. Lallana. And to Clyne now More.,realization,0.1095
He has known nothing but success really as a club manager with Juventus and.,surprise,0.0958
"Well, I was fascinated before listening to the lads in the studio thinking about how they were gonna go about this tonight Bayern Munich. Were they gonna sit off? But then if you sit off, I think Jamie Carragher said you haven't got the counter attack because you've not got the two wide players playing. So they've gone full on press.",curiosity,0.2637
And in this time was Leonardo Bonucci.,realization,0.0929
"Clever play by Mascherano. He's like a sniper, isn't he? Just appears from nowhere then the next thing you know, there's a body on the ground. He just makes himself a presence to make it difficult for slap down Ibrahimović. It doesn't work out too well.",surprise,0.127
"Slipped into Dani Alves. He tried to return the ball to Lionel Messi, but Milner came between them. Now Agüero and Manchester City give themselves a lift before half time Edin Dzeko.",confusion,0.0764
he's got a bit of a happy previous in this stadium. Lallana. Lallana.,joy,0.1683
Ibrahimovic make space for the shot. He did.,realization,0.1003
Probably had the realisation this is gonna be. The settle in process at Chelsea.,realization,0.1991
That's good work by Varane. Gonna have to really grab for the team here.,admiration,0.173
Motta back to the former Roma player who's just penned a contract extension with Paris Saint Germain.,curiosity,0.0751
And that means Sevilla. We'll have to go down to 10 men for a little while because that shirt is probably going to have to be changed.,realization,0.0772
"It's a great take from Daniel Alves. Fast, great. Take great save. Yeah, great game.",admiration,0.11
"You've seen Lionel Messi at close quarters in training as well as in matches he has played Barcelona since leaving them, but that won't make the task any easier for the Brazilian left back.",approval,0.1036
It's his first Premier League goal for Liverpool.,realization,0.1222
To get it back for City. Here's Navas.,desire,0.0792
"Marchisio's missed out here. Here is Fernando, ball given away by the high pressure of Manchester City. They did that well, nearly found the ball there. Fernandinho for Sagna. Good idea. Not quite.",disappointment,0.0928
Trickery not quite working tonight for David Silva. Here's Pogba and Mandzukic is actually down away from play.  He's got cramps Mandžukić?,disappointment,0.188
"Yeah, all could want to strike clearly that.",desire,0.1412
"That's often we talk about the history of these famous games, but this isn't about the past at all. It's very much about the present and the implications for the future for the rest of this season, Manchester United in a situation here which will cut the gap on city to one point. Carrick",confusion,0.1566
Watching the game almost as much as we are.,realization,0.0976
"Straight off the top of the cross, and knows it as well. And Hart couldn't reach it.",confusion,0.0916
Enjoying the adventure and there will be more to come. Whatever happens here come the spring.,excitement,0.253
"This, doesn't grab it there. Goes through his legs.",disappointment,0.1255
"Henderson plays it in. The referee has seen something, though. Matip ends up on the deck. He's looking here for Vertonghen.",excitement,0.0934
Cristiano Roanldo Looks for support from Isco.,approval,0.1217
That's why it probably doesn't start. He didn't start regularly at Manchester United and been starting regularly for Mexico as much as in the past now.,disappointment,0.1399
"Middle fortunately, the ball could be collected by de Jong. It was behind Maccarone.",relief,0.2792
"Even though Tourérunning back here for Manchester City, Juventus won't mind that. Of course.",approval,0.0882
"They'll find Messi to Xavi. Xavi sliding on through, looking for Messi.",excitement,0.1413
Trying to slide it through for Ibrahimovic.,curiosity,0.0896
"Of your opponent, it's dropped off a bit since then, hasn't it? It has. I've tried to maintain that intensity, but it's not easy because Atletico just.",disappointment,0.2131
"Actually, in all individually they ween't fouls actually. I think he's just very frustrated because he showed so much strength and effort. So he could shield the ball. Yeah, I think he's been very good. Diego Costa unfortunately he's on the back of the 2-0 deficit. But he's been excellent. He's been the main man. When the ball goes into him, any kids watching it, he takes it offline as a centre forward it's brilliant. It's not going back towards his own goal and that opens all the options. he's doing really well on that then you can support that as a midfield player you can really justify making runs.",caring,0.0971
"No, Raheem Sterling in the starting lineup tonight. He is on the bench.",caring,0.0798
Forced to make a spectacular save straight away and.,surprise,0.123
"Hasn't scored a league goal in August in his entire career, Harry Kane, but it hasn't stopped him having some wonderful returns by the end of the seasons.",caring,0.0776
"You know, I think the assistant behind the goal gave it.",realization,0.1727
Without those front 5 in front of Henderson have played so far this season.They been electric.,desire,0.0818
"Now the reaction first to the touch from Sterling and then the Flanagan challenge told a lot about what he can expect this evening. Yeah, and that's exactly what you want from the home team. The home supporters wanted this.",desire,0.2127
"Koke. Varane in front of. Mandžukić. And there again. Go left here. And Pepe, gets. Some help from Varane. Another combustible moment.",excitement,0.0714
"Pastore quickly closed down, but a foul by Romao and now the card is being shown.",excitement,0.0772
"Got a free kick, Mascherano went to ground free kick in a dangerous position. Really clever play from Aguero, just slows his run down and takes it away from Mascherano invites the tackle.",caring,0.1059
Jurgen Klopp's reaction towards you most of the story. Kompany to Aguero.,anger,0.1535
"Once anyone know what these Liverpool fans like, what he likes?",curiosity,0.3352
Verratti. Great vision from him. Something for him. It wasn't shared by Ibrahimovich.,caring,0.1273
To get a breathe up.,relief,0.3563
"Well, he did get it up and over the wall, and it's not that heroic defending, is it? Kolarov, Otamendi and say Kolarov was the Chief cooperate there turning away.",confusion,0.1584
"Deflected into the side netting, Martin Atkinson waiting for the word from the. Assistant on the far side.",excitement,0.1327
You can see Chelsea not troubling Mignolet One shot on target and it's probably a performance that will Conte think about making a change at halftime. Not enough happening at all.,realization,0.0831
So much so that the excellent youngster Daniele Rugani can't get a game.,disappointment,0.1128
"Has been a very good contest, particularly given.",caring,0.12
3 minutes past stoppage time left. Manquillo. Gerard.,realization,0.0862
"Iwobi struggling to contain Mane. Felipe Coutinho, who was Liverpool's player of last season. He's undoubtedly the player of this game, or certainly the middle third of it.",excitement,0.0925
Rabiot losing out there to Sergio Busquets. There's Iniesta.,realization,0.0679
He's been willing as his Fairy story career's Administrated to this point.,desire,0.1677
Theyve not quite had the same click as they did in the first half Empoli.,confusion,0.1239
Mandzukic. Raúl García. Directed by Tiago. He's caught ahead of the ball. What's the chance that was?,curiosity,0.193
De Bruyne looked like he used his hand. Referee didn't see that. The balls gone out of play anyway.,confusion,0.1287
This is the ball. what of super piece of play. It's a shot cut cross from Suarez and it does the trick. Great ball from Mascherano and Suarez does really well to cut it back and Messi out at the far post. Doesn't miss those one does he?,excitement,0.1569
"Boateng, then, Bernat gives it away in a poor area.",disappointment,0.0674
Looks as though they're pretty well prepared for this one here in Manchester.,excitement,0.1059
"That's the table as it stands. If it stayed like this with the Juventus of course, climbing above Manchester City, but a long way to go here we should add.",caring,0.0953
"Liverpool well represented in the United penalty area and that hasn't happened very often so far. Firmino. That's drifting away at the back post, got the header on target but no more. First time Liverpool have put some passes together in the final third, played the extra pass eventually Jordan Henderson plays a lovely little diagonal into the back post think he might have been looking to go across goal towards Daniel Sturridge. He would have certainly been better served. It's lifted the crowd. Henderson. Now Firmino. Milner is ahead of him Trying to serve it into Sturridge",excitement,0.0993
"Santi Cazorla, Kieran Gibbs can make the run beyond him, and there's lots of space there for Arsenal. Giroud's on the move in the middle. It's a really good near post run by Olivier Giroud, who was well tracked by Gary Cahill. Yeah, you're right, Fletch. Great movement by Arsenal. Gary Cahill does his job this time. Covers Olivia Giroud makes the right runs Giroud. But Gary Kale was in close attendance. Good defensive work by him.",caring,0.1136
Belief was the problem last year and the year before.,confusion,0.0811
Lovren again. Pogba would have been offside. Liverpool settle for the goal kick.,desire,0.0764
"Below the standards that he has been setting in his short time in the job, and he expects game in game out.",disappointment,0.1588
We could give it away by Walcott. Liverpool starting to put it together a bit better. You always felt as soon as they started to play a few passes. They would cut through Arsenal.,caring,0.0906
Rakitic. Matuidi. Now Cavani.,caring,0.0723
"You know. It's quicker, it's slicker. [commentor] Ravour. [commentor] Trying to respond in time.",excitement,0.1507
"Aguero saying come on and foul me but if not, I'll do that to you. Brilliant",anger,0.1545
"It's been a problem all season for city, isn't it? Life without Vincent Kompany. They've never looked entirely secure. Martial It's just behind Jesse Lingard.",disappointment,0.1405
Here's Navas. There's some big results in the Barclays Premier League tonight. West Ham have beaten Tottenham.,excitement,0.1085
Kolarov and that's going to be brought back for a foul on Storaro who was just caught as he played that away. It would have been a promising position down the left hand side and Damir Skomina the referee allowed it to carry on.,excitement,0.1014
"There is the goal. There's Kompany over the back of Chiellini, as you can clearly see as an own goal flies in Buffon before you're wonderful header. The only problem was that a foul or not, he celebrated as if it is. He doesn't care, but we think it was a foul.",excitement,0.0946
"Now they, get the cross managing the win Sánchez.",realization,0.1573
And it should have been another corner. We can't tell from that angle.,confusion,0.2811
Marcos Alonso is going to be the first change by Antonio Conte.,realization,0.0727
"And then Deli Alli just snatches it at half volley, difficult technique that but Nice and positive again from Spurs.",optimism,0.1009
Ibrahimović backs it to Pique who takes it exquisitely. Lucas. Van der Wiel. Good defending by Mathieu. Mascherano. Out of defense. Motta plays the ball. Well done by Pique. Get back to keeper ter Stegen.,caring,0.1208
"And you do feel blessed to be in the stadium, to watch it.",gratitude,0.1639
"Here's Alonso, one thing we can do with the save by Petr Cech stick a line through the debate about the shots on target.",curiosity,0.1138
Arbeloa. Slide it forward for Bale to chase.,excitement,0.1258
"His Thiago Silva, whose dramatic late equaliser at Stamford Bridge got Paris, San German to this stage of the competition, competition in which Yohan Cabaye here is making only his second start.",approval,0.0886
"You can pick holes. I'm sure, Gary, over and over again in the first goal, but the second goal we just have to say, it was wonderful. Well, the only criticism you could have would be Gary Cahill's clearance not clearing the defensive midfield player in Liverpool, but it's a wonderful goal. And.",caring,0.0949
Leading to a fascinating contest between two terrific teams.,curiosity,0.4158
Silva. Zabaleta closed down this time by Milner. More evidence of Liverpool's pressing.,realization,0.0965
"I think there was a coming together, but it's accidental. It doesn't really matter if. Yeah. No, there isn't. It's nothing in there. I think when you run in that quickly, sometimes any slight touch can take you off balance.",confusion,0.1304
It's Aguero. He'll still be seeking full sharpness after his hamstring injury. But given half a chance and all that.,desire,0.0932
"Coman was too easy, really. Levandoski attacking him again, Müller. There alongside him, couldn't quite get his boot to it. Is it only a matter of time before Bayern Munich gets another goal?",curiosity,0.1506
"And, you know, Messi also had his part to play in Barcelona's opener. And here's Messi again. Lavezzi.",excitement,0.0927
Aleksandar Kolarov. Because Cuadrado dived in and he goes towards Bony .,anger,0.0696
The challenge was fine by Fernando. It was robust and it was fine.,curiosity,0.1174
Looking for Suarez asking for handball.,desire,0.1387
Strong red defending Marcelo scuffs it. And they're still.,anger,0.1073
Marcelo for Real Madrid. Can they take advantage of Sevilla being? One man short. Isco,curiosity,0.1443
With Silva onto Aguero and stamped away by Clyne.,excitement,0.103
"And that black shirt, useful as well, but covering up the blood stain that is far more obvious on a white Sevilla shirt than it is on a black Real Madrid shirt. More substitutions, Iborra and Gameiro coming on.",caring,0.1057
"Thinks his pace in central areas can affect the game, but quite a surprise. Here is Özil scored that second goal just over the line.",surprise,0.4573
"Now Cuadrado, he's got Mandzukic's waiting in the middle. Vincent Kompany away.",excitement,0.1133
"Yeah, good play. I think that was a corner actually. I'm pretty sure this takes a little deflection. Referee's given a goal kick but.",caring,0.1071
"Stretch for both the Brazilians, who Combined there and veryry, nearly. Decided the match in Liverpool's favour.",caring,0.1063
Antonelli made a complete hash of the clearance.,approval,0.1118
6:30 Sky Sports one. This initial foul from Coquelin . He's been. Given the other card for it.,annoyance,0.0879
"Directed towards Chicharito, Marcelo picks it up.",realization,0.1016
"They are like mannequins, Chelsea just getting played around.",confusion,0.1089
"Henderson, the Englishman in the game. Coquelin A bit of a free kick.",excitement,0.1063
Gareth Bale preparing to come on. Marcelo pings it back to Varane Pepe. Into Carvajal,excitement,0.1129
"A real contrast in characters in the two dugouts, Ancelotti calm, at least on the outside. Diego Simeone, a bundle of restless energy.",desire,0.1136
"Even then, even in a 6-1 home win, there were moments where they looked vulnerable. Muller losing out to Iniesta Neymar.",disappointment,0.1534
Because the way this team is shaped for what it just isn't working. It hasn't worked so far. Ménez. Fires it too high. Nowhere near those in the centre.,disappointment,0.3426
"There was always going to be a difficult game for Rudy Buquet, the referee and.",disappointment,0.1035
Towards Dzeko again. In goes Demichelis. This is the save at least.,relief,0.1321
"Well, will be all set to make any tactical changes at the break? He's got some.",curiosity,0.1887
"Well, some pretty much joke about it's time to leave him out. I don't think so. He's kept him in.",amusement,0.169
For Juventus. And then Mandžukić challenged by Kompany fairly.,curiosity,0.0919
"Arsenal still standing firm, 25 minutes gone, nil, nil. Lovren Now Lallana.",nervousness,0.0726
"Waiting for the ball to come to him made himself big when Ronaldo got spit on it. There's no way Ronaldo was gonna put it around him and very well done from Sergio Rico. Just to put his arms up and get that block. I don't think he really knew where the rebound was going, but Cristiano Ronaldo denied. Great little ball in as well from the left hand side.",excitement,0.1359
They're still hopeful of getting over the line before the transfer window shuts during the week. Here's Eric Dier.,optimism,0.183
"It's hugely frustrating for Liverpool. We go down there just chasing the ball. Real Madrid, toying with them. You do try and snap into challenges to try and win the ball back, but invariably against top-quality opposition you're going to give away free kick off the free kick.",annoyance,0.2384
"Fully nothing, as the substitution was happening. Joe Hart ran out of his goal mouth and right over to the touchline and had a long conversation with Willy Caballero. So. They've discussed whatever's happening and. Whatever injury he's got or. How well he's feeling.",neutral,0.0915
"Game going on numbers. Lovely new stadium, but they have last few years here at the Juventus and.",excitement,0.1298
"Manchester City have only beaten Juventus once in history, and the first leg of UEFA Cup tie.",approval,0.0923
It was always going to be a concern for Bielsa. Thiago Silva,caring,0.1336
Easy call for referee's assistant to make. He was several paces off there Bacca.,caring,0.09
And he's following me inside every time. Arda Turan.,realization,0.0891
"right side, and they've won the last three balls in the early but not forward, but they're headed straight to Paris Saint German players. So they're picking the second ball up and then they're running at the Barcelona back four and that's causing them a p[commentor]Rob[commentor]lem.",confusion,0.1395
Alli might be able to do just that.,curiosity,0.0934
"Great spot from the run of Mane from Rose, matched him yard for yard. Great fullback play that is.",admiration,0.1012
Pastore that hits it a little bit of dip on it.,annoyance,0.0829
The scoreboard that makes it glum reading for supporters of Manchester City.,annoyance,0.0846
"Whether you got a good first half, as Gianfranco said at half time with a lot of help from the Chelsea boys, Conte would be going crazy over conceding those type of goals. But still they have to put the ball in the back of the net and Arsenal take that with aplomb in the first half.",confusion,0.0866
Can able to stay on his feet when Blind didn't. Milner.,realization,0.0906
It was a clear shooting opportunity and he might have damaged himself and resetting it.,realization,0.1303
Arsenal nipped into second place on the final day of the Premier League season in May and April. Liverpool ended rather wearily in 8th with joint players finish ever in the Premier League.,disappointment,0.1222
Flanagan combining nicely there with Milner.,caring,0.1035
"It was a very, very deft piece of play, though by Pogba to set that up. Yeah, he just used the strength against Sagna. Lovely drag back and flcik to Dybala as you can clearly see his way offside. Simple enough decision. Lovely feet from him. That really was a piece of magic, wasn't it?",caring,0.1056
I think it went straight into the side netting.,realization,0.0909
Livrpool keeper just calling to some calm and I think he's right. Just needs to take the sting out of the game for 10 seconds or so.,relief,0.0814
"It was on for him but quite an improbable task, and he did have Wilfried Bony to his left, but he never once looked up, I don't think. 110th of a get.",disappointment,0.2476
Maxwell keeping the pressure on his own goal.,desire,0.1099
Liverpool might feel that they've got to score again. Run by Holden.,excitement,0.0962
It was an awkward for Barcelona after Pep Guardiola's reign ended.,embarrassment,0.1534
Clichy. Zabaleta to Fernando.,gratitude,0.0932
"Neymar, Luis Suarez has got it behind Kompany. It's a good stop that by Joe Hart.",excitement,0.092
But the one at Arsenal he had 80% of the ball at Burnley and lost. They've had most of the good chances today.,curiosity,0.0735
Here's Monreal and now Bellerin. Mustafi stayed forward.,realization,0.0841
"Yeah, Adam Lallana was just blocking his path in many ways. I felt there and it can be frustrating you're trying to close the ball down and.",annoyance,0.2913
Premier League debut for Liverpool against Manchester United.,realization,0.1047
Here's Otamendi Almost left it short there for Clichy. Emre Can did enough. And Firmino was wanting a bit of help from Origi. He was going the other way.,desire,0.0787
Climate and it has reflected that up here in the North West. Carrick to turn the Manchster City back line. Here's Sagna,realization,0.1653
Jordi Alba can't make anything of it. Goal kick.,confusion,0.1622
"That's the thing about Barcelona, for all the technical qualities they have, has always been a good work ethic about them too. Maxwell, there's Pique.",admiration,0.1543
"Iniesta was side of the foot, but Fernando got out to him. Living dangerously there. Manchester City but surviving. Fernandino. Milner.",excitement,0.0846
Prevailing psychology between certainly the sets of supporters. So difficult to find that extra pass.,confusion,0.2172
"Because first Morata and then Sturaro really were favourites to put that in the net. Yeah, I think City have had enough. Bony and Delph going to come on.",excitement,0.111
"Luiz has gone into the box. There's the danger man, Diego Costa. Five in five in league matches.",excitement,0.1137
"Kieran Gibbs is going to be coming on for Arsenal too, so we've both managers making changes here. Arsene Wenger can still make one more. Willian is one of the players.",caring,0.0882
"It was indeed there was great pulse, a decent finish from Cristiano Ronaldo, but the best of all was the save by Sergio Rico.",excitement,0.1306
"Milner got injured early in the match at Wembley last weekend was made on for a while. It's a sore heel. I'm sure knowing James Milner if it had been down to him, he would have played today.",disappointment,0.1085
Clichy to Fernandinho. Now Aguero,excitement,0.0673
"You gotta get the right players in to do it, and he's gonna have a look at it. Alonso coming in there.",excitement,0.1377
Real Madrid scored nine goals in the three previous Champions League games before.,realization,0.1192
Here is Fernandinho. lovely touch.,admiration,0.1911
Alberto Moreno brandishing that hammer of her left foot again.,anger,0.2521
Almost heading away from Demichelis who is almost twice his age. Mangala.,excitement,0.0779
Moreno. The first time for Mane.,realization,0.0739
They get around the ball well there defensively Cit. With Kolarov about ready to come back on with a fresh shirt. Joe Hart's got a goal kick.,excitement,0.0942
"His Sturaro looking through this out towards Cuadrado, but Kolarov stepped in well and he can bring it away for Manchester City. I suppose the caveat would be though that last season both City and Juventus lost twice in the group stage of the Champions League and still made it through. Juventus all the way to the final. But you do like to give yourself the start, especially when you've got the first game at home as City have tonight.",curiosity,0.078
He actually stays in the middle of the goal. That's why it's a fairly comfortable saving the end.,caring,0.125
You just have to get bored of passing to each other.,annoyance,0.3475
"Zabaleta Henderson was there, and Firmino too and then away by Toure",excitement,0.0992
"Because we see so many soft goals in the Premier League. There's nothing happening on the pitch there and he's probably just thinking, you know, his thoughts. He's there shaking something. I can't believe what I've just seen. We have created this ourselves. Forward by Costa could be in again here. He was offside It was.",confusion,0.1923
He and Messi have been the only starters in all of the Champions League matches so far for Barcelona this season. This is Lucas.,caring,0.0977
"Scored really important goals last year in the semifinal to get them to the final, Alvaro Morata against his old club Madrid. He scored an equally important one there tonight. Well, he's been the lucky talisman hasn't he? If you want to reach the Champions League final, make sure you've got Alvaro Morata. He appeared for Real Madrid a couple of seasons ago against Athletico and he started in Berlin and he scored an important goal that might just give Juventus the perfect start to the group stage. And it's gonna be Aguero to come on now and not.",caring,0.0984
Silva. Jesus Navas. Zabaleta. Silva with a bit more space.,realization,0.0901
So that change matches to see his approach. Do they take 21? If they can now or are they still pressed for an equaliser?,curiosity,0.2724
"Struggling for game time, some of the issues with Chelsea that have resurfaced at Liverpool, but when he's good, he's extremely effective, technically splendid.",curiosity,0.0844
This is the problem all over his back. Chiellini heads it in.,annoyance,0.1581
Can. It's strong challenge.,curiosity,0.1097
Here is Rabiot? Marquinhos.,confusion,0.0877
A chance Van der Wiel will have enjoyed. A former IX player.,desire,0.1061
"Certain Ancelotti will be speaking to his defense at half time, they've.",realization,0.0827
"As they were going off at half time, Sergio Ramos was urging the crowd to play their part to turn up the volume.",excitement,0.2153
"On it. Lallana. Plenty of support, though. Can and Moreno here. And it's a fine cross.",approval,0.1614
Dja Djédjé driving on. A left footed cross was from Alessandrini. This is Ocampos.,excitement,0.093
"Messi in one corner, Ibrahimovic in the other corner from kickoff at least, [commentor]Jerry[commentor] looks at their Barcelona, employing a back three with Pedro and Batra as wingbacks. But everything with Barcelona is interchangeable. Can they hold this Paris Germain side to beat them in the French capital a couple of months ago? Yeah, well, there's actually effectively 4 centre halves playing for Barcelona if you include Mascherano as a centre half and I thought at the at the start, [commentor]Rob[commentor] I said. She I think Batro will play in the left and you've got.",confusion,0.1996
Valencia's throw met by Milner. Forced forward by Emry Can. Coutinho.,curiosity,0.073
"Something picked up, so we're defending predominantly by Liverpool and attacked by Lovren.",realization,0.1287
Even if they need extra time in probably count.,realization,0.1028
"These days, even in their own cities, Everton and started well of course here and Merseyside and Manchester City lead the Premier League.",realization,0.0924
ter Stegen went down really early and he was waiting for it in the end.,nervousness,0.0859
"and it's hammered wide by Marchisio. He used to be a Juventus ballboy, Marchisio. He's been with the club since he was seven. Change here for Manchester City off comes Fernandinho",excitement,0.0902
"That's the one thing bar Munich lack last season. Towards the end of the season in the Champions League with the injury, Sir Robin and Riverie that case in wide areas.",approval,0.086
"You're not going past if the balls going past you're not following it, Tony Kroos.",realization,0.1271
"Three in the box for Mendy to aim for, cut out at the near post by Van der Wiel",desire,0.112
"Here's Kolarov. Rare space for a Manchester City full back to run into, and then a really slice fall in which just had Mignolet backpedaling for a second, it seemed to move all over the place.",surprise,0.112
Neymar skillfully guides it away to Jordi Alba and Suarez is up there.,caring,0.0979
"From the back, from De Gea after Rojo but he's put Schneiderlin in trouble.And here is Yaya Toure.",confusion,0.1022
Herrera. Better ball to him by Ibrahimovic,approval,0.0806
Muller against Dani Alves. It's there for Bayern Munich. Certainly is.,realization,0.0906
David Luiz has his left thigh strapped.,nervousness,0.0904
"He's kept his head Milner and he's celebrating against his old team. He's not worried rightly so. His seventh goal of the season and you wonder whether this sequence that he's on will continue tonight. It's James Milner's 41st Premier League goal. On the previous 40 occasions when he scored in the Premier League match his team have avoided defeat, 33 wins and seven draws before tonight. It's not quite the Ian Rush record that Liverpool used to have here, but it's certainly something that Milner has been able to keep going for them.",curiosity,0.1112
"It's not. Strength appears to be trying to get in behind, but of course it Athletico.",confusion,0.1731
"Buffon is so experience at the other end 150 caps for Italy. Lost a couple of Champions League finals, though with Juventus, so if there is something still to do in his glorious career, it might well be to try and lift this trophy in Milan in May.",excitement,0.0983
"It's had one which skidded wide, two or three over the top, and that one, as you said, the closest yet, but still quite comfortably saved by Rico. Vidal being asked too much of. This was the shot from Kroos",curiosity,0.1012
"In terms of over aggression, this Pepe shout for the corner, but yeah, obviously.",anger,0.3332
More balls over the top sounds.,excitement,0.2516
There's Alba. Mascherano. Rakitic.,approval,0.0673
"Here is Montreal. Best spell of possession for a long, long time for Arsenal here while they're still in this game. Still in this game by Munich have dominated and that's what they didn't do at the Emirates. They didn't take their chances by Munich. Clinical tonight.",approval,0.0901
"Rafinha, another Rafinha. Barcelona Rafinha is on the bench now. He's Thiago's brother and both sons of a World Cup winner Mancino.",excitement,0.0915
"Composure restored. Maybe because it's a fellow Dutchman, he's probably known. from his birth, Daley Blind Into a football family. Might be a little family concern.",relief,0.3014
"Coutinho, trying to turn Alderweireld wins the free kick. This was the goal that was chopped off. Yeah, it was a good move Wijnaldum.",excitement,0.1203
"30 yards from goal, that's where they will miss Luca Modrich and where Iscos got to play his part. Carvajal.",desire,0.0713
Look so much more assured down there with that fellow at the back.,optimism,0.1446
"The goal is, again, this encouragement, for Empoli here Diego Lopez gets his body behind it and sure shows the ball doesn't go anywhere near his goal.",optimism,0.1824
"Little step over gets a yard on James Milner. He's uncomfortable, James Milner. He puts it into really dangerous area.",nervousness,0.2302
two crucial contributions that Michel Vorm has made now for Tottenham.,realization,0.1584
Thauvin was spotted on camera. During a game issuing a volley of abuse in the direction of Dimitri Payet. Payet said publicly that he was pretty shocked. By that attack.,anger,0.1323
"But the way that Bayern Munich play the way that Barcelona play, they're going to get caught at times.",confusion,0.1239
Sturridge just having to come out of the the front line to get a touch or two. Firmino. Coutinho. Clyne and Can,nervousness,0.0859
"They missed a good opportunity on that last attack, United. Rashford.",disappointment,0.2302
"Flanagan gives it away. Fernando forward to Sterling, but Flanagan alive to his own mistake to win it back.",desire,0.1105
Not sure whether that's just clipped Clyne or not. This is the save a second ago from Mignolet Bats it out.,confusion,0.1197
"This heavy touch wasn't the length of the Liverpool third goal, Otamendi. Here's Clyne. Emry Can will chase it. Joe Hart will beat him to it.",excitement,0.098
"Well, 100 goals now in the Premier League since he's been manager.",realization,0.1286
Mane plays Lallana back in in the offside position.,curiosity,0.0703
"And it has gone out. We could imagine that front three like kids in the sweet shop they probably play against packed defences week in, week out. Very rarely ever get to play 1V1. You always have to beat one or two and that's the first challenge you could have gone down there didn't on that one either.",disappointment,0.1319
Your unbiased assessment was absolutely correct.,neutral,0.2529
James. Miranda.,confusion,0.063
"Bayern Munich, they've been creeping up for them, you just said it in last couple of minutes. They bow to the master. He will be furious",anger,0.2489
"50 goals for 1/5 consecutive season. Unheard of figures, really. And by Carvajal.",surprise,0.1106
Busquets. Messi. Here is Adriano.,confusion,0.1159
Quite a lot of possession for Manchester City's not quite enough punch yet.,excitement,0.1255
Same for Petr Cech.,realization,0.0839
Always got his head up on the stretch. There you go. Put that one in.,caring,0.1067
Have a minute on here. [commentor] keep it in the corner.,caring,0.1635
Booking number 5. Rudy Buquet produced 6 yellow cards when he took charge of the classic.,excitement,0.1001
Pastore. Barcelona have been able to flood.,caring,0.0837
"City probably win the ball back. Good play, Navas.",excitement,0.1018
"Moved forward by Smalling. Dealt with by Lovren Can, Matip.",curiosity,0.0744
It's a very questioning finger wag at the.,curiosity,0.3407
"Clyne, Can. Now Coutinho. They've worked it to Milner.",realization,0.0627
Brought back to Iniesta.,realization,0.0936
In London. But it's so hard when you play in the best team in Europe right now without your best players. I feel a little bit for Arsene Wenger. I think when the full strength. See it again here from Ozil.,sadness,0.1053
"Alongside that, Mustafi at the back today. Now, Alonso.",excitement,0.0891
"As you rightly said, some of the fans a little bit reticent about him, it's a really important goal from.",annoyance,0.1129
You can see that the Empoli players have actually.,realization,0.3001
Manchester United maintained thediscipline that got them off to such a.,approval,0.0791
"Everybody returned from international duty. There's a variety of excuses you can use. I think he's just trying to wipe it from everybody's memory and concentrate on this game, which is fair enough.",confusion,0.1052
"Kompany back there for Manchester City. His fitness, of course, will be a big key for them the rest of the way. It's his third successive start for the back tonight.",caring,0.1049
Luis Suarez first goal at the Etihad.,realization,0.1017
"Bonaventura. And finally, Mattia Destro gets an opportunity on the 40 minute mark. And the man who arrived Roma.",excitement,0.1235
"At home to Borussia Monchengladbach, who can't qualify.",disappointment,0.1495
"Pellegrini won the League Cup for the second time on Sunday, says the experience will be the key the rest of the way. Vincent Kompany talked about it being hunting season for Manchester City in the build up to this one. Here's Navas.",excitement,0.1255
"With the Joe Harts a little bit blinded by someone, I don't think so. I think that's a big mistake in his near post. I think Joe Hart's gotta get closer to that; gets nowhere near it in fact. It's a lovely little ball from Milner into Lallana's feet to start the ball off. And even he's surprised.",confusion,0.1159
Demichelis.  Clichy in battle with Alexander Kolarov for the left back position as the season goes on now free of his injury.,caring,0.0795
"Now Monreal, Kieran Gibbs.",realization,0.0739
"Marquinhos sort of blocks his route, which means he has to set it out wide. Can't bring it back.",annoyance,0.1271
Gotta give Barcelona the credit for the. Job they're doing well.,gratitude,0.1692
But the going for it. It should make for a really good game.,excitement,0.2058
"He seems to go down very easily, just veneral. We're just talking about there's no changes at halftime, but I do expect Gareth Bale to be brought on at some point.",curiosity,0.0707
"And sometimes you get forward saying you know, it's not really important. It's all about the team. No, you don't believe them. oOf course you wanna be the top scorer.",confusion,0.1519
Manchester United playing their way around the Liverpool press there. Young.,excitement,0.1574
"The other came in the group Borussia Mönchengladbach, now leading Sevilla by two goals to nil, scored by the American Fabian Johnson.",approval,0.1176
"Neymar. Messi's now gone to 53 goals for the season, He is the difference.",realization,0.1166
"Delight for Lewis Henrique, but nothing like the delight that he will be feeling now.",joy,0.2672
Here is Thiago wonderful technical player in the. Middle of the field. Lovely goal to Muller. Lahm arriving. Muller again.,admiration,0.1427
"Still, 10 minutes to go to half time. Iwobi he cuts inside. Did you just see the run from Walcott on the far side? Just watch it ball watching Moreno, not seeing the run, not seeing the run, not seeing the run.",confusion,0.1214
"Boots it up in the air. His defenders have to deal with it and Barcelona, then win the second ball.",excitement,0.1734
"At Anfield. performance, it's going to need some thought.",curiosity,0.1019
They're unbeaten in their last 15 European matches in this stadium. Last English team to come here were,desire,0.0913
Almost got Sturridge in. He's on the last line. He pulled off the back. Valencia not quite getting round enough and he's just getting a little bit lost.,confusion,0.1287
Searching for one moment.,curiosity,0.3674
There is an arm across Neymar for David Luiz. I think this could be our first yellow card in the evening.,caring,0.102
Mignolet on the 300th league appearance of his career to make a relatively comfortable slop in the end.,relief,0.079
"It's into the wall. Fabregas, shouts for handball. Poor freekick from. Fabregas. Quick interception by David Luizs on the retreat, Otherwise, MaNE and Wijnaldum would have been away. I think Fabregas was quite.",excitement,0.1613
"And with eight huge games to play in the month of April, PSG do not want to lose any players and they certainly don't want to lose their.",caring,0.1218
Joined City from Malaga. Where they had been working.,realization,0.1197
"Kevin De Bruyne was in the Europa League last season for Wolfsburg. He got through five goals he got. He's the footballer of the Year in Germany. And if he can conjure something up here for Manchester City it could be very big for them. We are here in the Vincent Kompany is going to be coming off and Nicolás Otamendi, another one of the.",excitement,0.1099
"Referee [inaudible] The little unfortunate there, Barcelona. Hackenberg letting them off.",disappointment,0.1447
Plenty of experience at managing these kind of occasions.,realization,0.1748
Morata couldn't keep it in play.,disappointment,0.129
Tried to stop Suarez from breaking through and failed.,disappointment,0.3235
"Milner looking to flick it through. Origi was in there and Firmino was starting to make the run as well. I think Adam Lallana tonight has been absolutely outstanding and everything is attempted to do his little black flicks for the goal, his vision.",excitement,0.1717
"Here's Piqué. Suarez to draw out Marquinhos who found him, but the referees played the advantage as Iniesta finds the goalscorer Neymar.",curiosity,0.0814
"It's the exciting Douglas Costa again since the first game, he scored a wonderful goal exploded into the roof of the net in a cup game against Wolfsburg.",excitement,0.313
"Cleverly dealt with by Kroos, helped out by Isco. Nice flick from Sergio Ramos crowd enjoying this feeling that Real Madrid are getting ever closer to the breakthrough here Javier Hernandez has got ahead of the ball. He claims he was pushed ahead of the ball.",excitement,0.1369
Cavani gives it away. Suarez with the cross. Neymar has been little.,gratitude,0.0822
Should sit right footer. Milner looks favorite here.,admiration,0.1054
Played plenty of football in his debut season and played it well. And so Carlo Ancelotti.,approval,0.1116
"He just needs to be patient and wait, get a run at him. Herrera.",nervousness,0.1464
"There on the bench there, replaced by the returning N. de Jong. With the only Matthew Desta. de Jong was injured. Desta.",realization,0.0734
And we're going to bring on. José María Giménez.,excitement,0.0905
"Expectative first shot from Lallana, not one of his best, but I'll take it.",nervousness,0.1601
Maxwell. Casual operation by Paris Saint Germain for some. Assurance.,relief,0.2797
Will become a concern if it keeps happening.,fear,0.2632
"I thought Lallana could have actually had a go, took too many touches. Sometimes you got to take a risk, goes through somebody's legs or a little ricochet.",excitement,0.0854
"Yeah. The thing is with the clampdown, I am for it. But instead of taking the risk of pulling somebody and actually being penalised with penalty, you're actually better.",annoyance,0.0812
"Silva did really well there, ball went out to play anyway.",approval,0.0949
"Neymar. From the situation like this in the first half, he scored a goal. Messi. Tolls it over the defenders.",excitement,0.0808
Acres of space Morata to pick his spot and flick the ball over. No Manchester City shirts anywhere near him.,excitement,0.0799
"He wasn't holding back there, Mangala Ander Herrera today is missing injured.",sadness,0.0776
Xavi. And Messi faints to go one way goes the other. It would be some goal that.,confusion,0.0927
"Of course, Arsenal have the Champions League in midweek, a home tie against Basel Chelsea get the week off, which might well come in handy in terms of reorganising this Chelsea side on the training pitch for Antonio Conte before they go to Hull next weekend and then of course, they got the international break to come after that. But the more time I'm sure that Chelsea's manager can have on the training ground in the moment when you're taking notes, it is well, the first flash point with Diego Costa today. Yeah, all day he's been there, he's been, he's frustrated, he felt.",annoyance,0.113
"Defended within the end, despite there being three shots in the mix.",curiosity,0.0732
"to come out of it. Martin Demichelis again, was caught in as well. Hart just waved to the bench, needs a bit of treatment, is on the deck. Anthony Martial felt he was entitled to go for that.",desire,0.0698
"Firmino and Milner have gone into the penalty area, the defending done out there by Otamendi.",curiosity,0.0758
Away by Lovren. And it's the goal scorer Lallana.,realization,0.0908
"Alex Sandro, who's done well, set up the goal, gets a round of applause from the Juventus.",excitement,0.1901
"And albeit against some of Europe's big hitters, and that's what they're up against tonight in new ventures. But if you've got any hopes of of going deep into this competition or winning it, when you think about.",curiosity,0.0944
Before it comes Mário Rui. Leaking behind Rami.,confusion,0.0812
Navs with the ball in and it almost found its way through to Aguero.,excitement,0.1338
His half Time team talk became a lot easier.,realization,0.1658
Lovren stepping up from the defensive line.,realization,0.1183
"I don't think anybody really contemplated the irony, Glenn of Pep Guardiola, potentially coming in and not being in the Champions League next season. When you look at that table at the moment, yeah, imagine if he's coming in and he's in the Europa, that would be a a turn off.",disappointment,0.1331
It's a clever pass from Lallana looking for Mane. Clyne.,amusement,0.121
"Dangerous situation. If you're Liverpool in the arsenal, really have got to go for it and that could produce anything. The home fans from the Heads down. Voices up.",nervousness,0.1466
Off the ball. Michael Oliver didn't say it that way. [commentor] He laid it off and Lovren just blocked him.,confusion,0.097
"He's got a tremendous goal in a league game last week a scissors kick, which just announced his talents to the Barcelona public. But that is the best moment yet in Luis Suarez is short Barcelona career. An away goal.",excitement,0.1183
"Little bit risky by Chelsea, whether the manager's encouraged him to do this, but just about Cahill, David Luiz will be very much on that particular page.",curiosity,0.1046
"Does he need to make a change now, Steve?",confusion,0.2025
Tiago. Made some spite. There's been some nice touches of good sportsmanship as well. We shouldn't go unnoticed. 1 by Cristiano Ronaldo apologizing for the foul. Gabi. Griezmann.,anger,0.1388
"United doing everything they should. They are playing in Liverpool's half of the pitch, the putting the ball forward from David De Gea",excitement,0.1118
They've got to sort out the protocol as to how the game should be restarted.,curiosity,0.0918
And there was a little bit careless by Reyes who's given Carvajal the ball. James.,excitement,0.0588
"They've Got plenty in the middle and round the back. Dejan Lovren not picked up at all. It's still needed some finishing. But he finished it splendidly and Liverpool faster out of the blocks here at the bridge and they leave Chelsea with a goal in the 17th minute from Dejan Lovern. They have been th better team, Liverpool, this first 15 minutes. Just short one. They are sleeping, Chelsea, the ball goes back and they push up the Chelsea defence but Lovren just pulls out at the back post.",curiosity,0.0835
Goal that sets up a grandstand last 20 minutes here.,excitement,0.1085
What do you think tonight that Liverpool have had to make changes at centre back? It's not the first choice pairing that Jurgen Klopp would select. They've been able to keep Aguero quiet. So far. Here is Firmino to Milner. Milner's in here. Oh Milner scores. Liverpool get a second goal and Manchester City in big trouble here at Anfield.,curiosity,0.1164
Beaten once and he just got back. It's a great title.,excitement,0.1088
"The ball that Macarone wants, he's just asking to be stood up so he can run onto it and attack it rather than far. Too close to Lopez anyway. Ménez.",desire,0.1889
Works his way through to Firmino and Firmino's gonna try one.,curiosity,0.1518
Pastore finding Cavani. Cavani tackled by Thauvin.,excitement,0.0824
Where is Sergio Ramos? Who broke out Athletico Hearts with that equaliser in Lisbon last May.,curiosity,0.1706
On his left foot and that is a very poor effort from Edison Cavani.,disappointment,0.0948
Big blow for Sevilla 5 minutes left in the first half. It's going to be a real struggle for them. Do they make the changes after half time? Do they stick with the same lineup? I think Carlo Ancelotti is going to make some changes.,disappointment,0.2012
"To tell his grandchildren about years to come. Gerard. Here's Coutinho. Liverpool, sensing an opportunity here. Sterling. Jerrard.",excitement,0.1006
They made an impression on the local television director here because he he gave us the angles which suggested that Casillas might have been a little fortunate.,admiration,0.1187
"Touré slips over although Damir Skomina the referee has spotted an earlier infringement from Paul Pogba. As City will keep the possession with the free kick. I think you're right Fletcher. I think it was a slip. A slight arm, but it was a slip.",curiosity,0.0818
Cazorla looking to make a run beyond Ivanovic could run into the back of it.Oh! Cahill was taking his time with Alexis Sanchez looking to try and punish him as Theo Walcott applied the pressure.,excitement,0.1374
The better option was to put it in the far corner where all the space was. Will they rue that miss? They wait and see.,curiosity,0.0973
"Can't afford mistakes in this level, that ball from Mertesacker almost doesn't exist in the Champions League. Can't lose the ball in that area and allow Bayern Munich to counterattack. Very, very risky.",approval,0.0918
Showing the feel that they're not too far away. I think managers at this stage of the season don't get overly concerned with the results if the performances are there. Liverpool have certainly been.,caring,0.1141
That they need a response in this second.,desire,0.101
"It's really not going to help us make the decision, but it's already been made by.",confusion,0.1172
Either Carlo Ancelotti or Brendan Rodgers.,desire,0.0689
These are always awkward to defend. Anderson.,embarrassment,0.1709
"We are set for really good game. Manchester City did win on their last trip to Italy, a big win too, to get them into the last 16 away to Roma last season and they were pretty terrific in their last away game in the group as well in Serbia really turned it on, but you never really do know do with Manchester City. They can blow a little hot and cold which will it be tonight? Here's Navas.",excitement,0.099
"Opportunity Menez Destro just runs ahead of him, the tracking back in the end.",excitement,0.118
The crowd wanted them go forward a bit earlier. Here's into Aguero. Silva.,desire,0.1785
"Arsene Wenger is probably looking after him a little bit. He can now, with 20 minutes to go.",caring,0.0852
"Yeah, it's such an easy technique for a man of his quality. He tries to give him the eyes there, see, keeper stays big. Doesn't get it far enough in the corner.",caring,0.0945
First touch for Benteke to Lallana and then Kompany over.,gratitude,0.0748
This is the games moved in around the Arsenal players. [commentor] Coquelin drawing a foul out of Nathaniel Clyne.,excitement,0.1089
And the ball headed across the path of Rico.,excitement,0.1352
"You're surprised about that news about Koscielny? We're told he could have played tonight with this hip injury, but they decided not to risk him. That sounds like they're saving him for the north London Derby, doesn't it? No, he can't be fit. Otherwise, he played in this game. This is the biggest game in the Champions League.",surprise,0.2004
"Should come near to the near post to try and cut anything up, but he just waits. And Suarez just nips in between.",annoyance,0.1515
"Both trying to get the ball, but the intensity in that last third has just gone up a notch.",excitement,0.1777
He hasn't got that many touches at all. He will be so frustrated at his involvement in this first 35 minutes or lack of involvement I should say.,disappointment,0.2612
Cristiano Ronaldo facing two tdefenders. Not going out.,disappointment,0.088
"Here's Bacary Sagna, he was saying after the game of the weekend, he thought he was okay to play after being in the Stade de France, that ill fated night, but he realized pretty quickly that he wasn't.",realization,0.177
Alberto Moreno holding the header as he should do against Coutinho. Here is Firmino working to the left of tying Scott forward from right back. Fed by Henderson.,excitement,0.081
"He used one of his other great attributes, his aerial power. And across from Isco.",pride,0.0903
He was in the squad that got to the final last year but didn't play because he was suspended.,curiosity,0.0859
"Maybe just stretch the muscle and setting off on that chase, having a look at the bench now it's the thumbs up from the Dutchman.",excitement,0.1943
"And then the next pass isn't there, He's got to go on his own. Costa having a go on his own. Great challenge by Milner. Clean as a whistle.",caring,0.0973
Its a rock in the hard place at the moment. Ignored by. Followed by Jesús Gámez.,disappointment,0.1789
It looks like it's just a verbal warning for Andrew= Ayew Ayew was suspended.,disapproval,0.1239
"It will be a real test of PSG's character and quality now, but.",curiosity,0.1538
Dani Alves substituted a moment ago. It's not a decision that he totally agree with that I don't think.,confusion,0.1322
To Rami. Two shirts in the middle for Milan. Low header.,desire,0.0844
One change left for Manuel Pellegrini.,curiosity,0.0718
Suarez has got it back again. Still Suarez. Oh Neymar.,annoyance,0.0925
"Alli Janssen, behind Kane, which wasn't where he wanted it, but Eric Dier making his way forward. Kane sold him short.",desire,0.1002
These two have played. They've never actually. Finished the game level.,surprise,0.0886
Pulling in centrally and the potential breakaway stopped by the offside flag.,nervousness,0.1148
"I'll tell you twisting, not always taking the ball with him, but he's still in control here.",caring,0.0932
Certainly for Holden it's a different level of movement of speed that you've faced this last 25/30 minutes. He'll wonder what's hit him. You have to watch the game back.,curiosity,0.0809
Monreal's made a run from left back and that's the ball from Xhaka Ivanovic with ground to make up. Monreal was able to squeeze him across and Alonso felt that he couldn't take any chances.,excitement,0.099
Ronaldo. Not get any sympathy from the German referee.,disapproval,0.1013
"So the Barcelona players have always taken to Pep Guardiola. There's one of the original success of course, with others in between, but Luis Enrique here. Benatia interrupting  Luiz Suarez Half an hour gone. And you just can't take your eyes off it.",confusion,0.0849
Surprised. They actually need to try and get Cabaye on the ball. Attacks up.,surprise,0.4531
"In a game of this quality, that mistake was quite unforgivable.",disappointment,0.1118
"Valencia, Manchester United have got five forward now. Lingard",curiosity,0.0945
Benzema. Locked out by Markovich Can. Taking a little bit of a chance. Kolo Touré.,nervousness,0.0993
Ironic the Spurs fans greeting the award of the Tottenham free kick. Dier. Gave it away to Coutinho.,amusement,0.1736
Emry Can couldn't quite get a hold of it and Fernandinho was back there defending for Manchester City.,confusion,0.1527
Just make sure three really important saves for Juventus tonight. They're captain Gianluigi Buffon. Then he goes from David Silva.,caring,0.1091
"Just edging towards the Sevilla goal on more occasions in the last five minutes or so. Duncan. Yeah, I think Unai Emery got his side organised at least, but Real Madrid, they're always gonna get chances against any team in the league especially.",curiosity,0.0921
"On side Jordi Alba, so too Pedro.",approval,0.1111
And Sevilla will look to counter. They give the ball away midfield Carvajal.,excitement,0.0885
"Five Premier League home games in total and the previous Four Seasons combined. Practically invincible, aren't they. He's the man. To make them vulnerable.",caring,0.0946
It's probably the quietest 40 minutes I've seen David Silva haven't yet. He had for quite some time.,surprise,0.0861
With the Liverpool backs get on and take a chance and provide some width.,optimism,0.0968
Ibrahimovic slightly risky challenge. Mourinho calling for more out on the pitch. Jordan Henderson calling for more for Liverpool.,curiosity,0.0936
"Walcott took it remarkably well for Arsenal, in goes. the delivery towards Alexis Sanchez who in actual fact just took it away from Ozil. Now Ccosta can roll away from Mustafi, showed his strength to keep the game. I think he was",caring,0.0928
Kroos Isco.,amusement,0.0668
"Kane. Can't squeeze it through towards Janssen. Ericksen, now Dier.",nervousness,0.0728
There he goes. He couldn't run away from Henderson.,excitement,0.0897
"He's played well today, Hans't he? I think he's been one of the better performers.",admiration,0.1446
"Sterling, welcome to the game, Bonucci.",approval,0.1184
This much envied frontline Messi to Neymar and he made it look so simple. For the first time they're on the ball PSG and they get cut open. That space exists in front of the back line.,admiration,0.0946
Cleared by Rashford as far as Jordan Henderson. United.,approval,0.0845
Good chance for Payet to either test Sirigu himself or try to pick out a teammate in the middle.,curiosity,0.1162
"More than 500 minutes without to a Ligue 1 goal for Edinson Cavani, he was on target with Uruguay from the penalty spot during the international break.",approval,0.0843
"Now that I think disappointed, he indicated that no one was backing up, just going for that second ball. And if he didn't win it cleanly, it might have dropped and would have dropped into. A slot for an ambitious midfield player. Isco.",disappointment,0.4087
Friday he is entering his first Premier League game in charge of Manchester United for Puel under the new bosses.,excitement,0.1263
"Here's Lichtsteiner. And that's straight through to Joe Hart. Is he right Chiellini to be unhappy about that? I think so. His roll over his back, the fact that he heads to an in. It didn't look that severe to be very honest. But the fact that he was all over his shoulders.",confusion,0.089
Here's Zabaleta. Fernando. Emry Can was not giving him a second piece on the ball and then Navas loses it.,disappointment,0.1409
"And now, Gotze. Now we got both the scorers of the last two World Cup winning goals on the pitch. He comes back, Gotze. He should go straight to Gerard Pique and attack him into the box.",excitement,0.1434
"Shame that was given offside. There was a nice little battle there, Origi, Big strong lad and Kompany. Kompany's an aggressive defender. He likes to step in and nick it in front of you. That would have been a nice little battle to watch. Aguero's offside. Just went a little bit early.",disappointment,0.1659
"Looking at Matuidi and and he works his socks off, as does Verratti, Marco Verratti the Italian they're working hard, and then Thiago Motta, they've got an excellent leader.",excitement,0.1138
"He scored so many goals just for this position, drifting and beating the defender. Bonaventura shows a bit of class.",approval,0.0907
"Haven't seen too much of Pogba yet in this more advanced midfield role, but it's his pass.",surprise,0.1082
No love lost between the two of them. [commentator]Doesn't match up with David Luiz. One of the characters of the game.,neutral,0.0973
Roberto Martinez. He has his next game against Manchester United. Fun games for them.,amusement,0.238
Jurgen Klopp adds so much of his players in terms of energy industry. Over applied there Kante Hazard's turn.,realization,0.0724
See a lot of it in the middle. United certainly shading it. Here is Young.,curiosity,0.1065
"Well, he was just he just gets lucky. He tries to flick the ball on and it hits Kompany, bounces straight back to him, and then he just swings that left foot and it great finish part. No chance comes out in really quick and low. You have to say the bounce is lucky but those three are playing front make their own look.",excitement,0.0937
Milner's ball in towards Firmino. There's certainly more flow about Liverpool though in the early moments of this one. Yeah definitely the better start from Liverpool down that right hand side in particular.,excitement,0.1065
Bale will be returning from injury will you would imagine be necessary for the Champions League game coming up.,caring,0.0845
Life is getting more and more difficult in the match that they looked as though they might win at a canter.,disappointment,0.1871
"They are really in trouble. Here's Suarez difficult angle and it needed a cooler finish. I think you could afford to be a little bit angry with the pass here. It's just a little bit behind him. I think that passes in front, so he has to wait for a little bit.",annoyance,0.1658
United's done a good job for half an hour. There's quiet in this crowd. It's frustrating them.,annoyance,0.3444
"Curling effort that he saw come back off the post, time running out for him to use this as the occasion where he racks up a remarkable 400th goal. For Barcelona.",excitement,0.1376
"Coming to the rescue and if they can get David Silva on the ball and Aguero and in these advanced areas, City. United bringing everyone back so City can put other players in. Magala made a late run. Cleared",caring,0.1433
Not sure that's going to count as shots on target either. I think it might have been going wide from Azpilicueta but the Arsenal break's on.,confusion,0.1363
We wouldn't expect a change to be too long in coming unless Chelsea can show real signs of improvement oon the start of the second half. Her's Kante and now Matic,caring,0.0823
Marseille's troubles against thee big teams in ligue 1.,annoyance,0.1322
"He was a tough cookie, Mascherano, but he's going to have to be with Bony against him, physical presence of him. Gotta make it count.",caring,0.0659
David Silva. Here's Dzeko.,realization,0.0698
It's Cazorla Now Ozil David Luiz can clear.,realization,0.1811
"Kante, David Luiz. Remember his first debut was a home defeat to Liverpool.",approval,0.0669
In the last two games Bayern Munich have played like that. Think Pep Guardiola.,excitement,0.0793
"Milner, seeking out Aguero. It's a good ball.",excitement,0.1734
Taking the sting out of the game in these early parts.,annoyance,0.1827
"One of those first goal wins it games, really. Mane, Clyne Henderson.",excitement,0.1176
Luiz knocks it across. Mignolet struggling to get there against Nemanja Matic. Although the flag had gone up and there's the Chelsea midfield player.,excitement,0.0806
Typical Barcelona possession statistics.,realization,0.1165
"Dani Alves, Luis Suarez.",realization,0.0666
Nearly a sensational introduction from Morata.,excitement,0.2899
"You gotta say defensively they look a little bit vulnerable, but they've got to go for it. They're 2-0 down. The kind of situation that Jurgen Klopp's teams historically have thrived upon teams coming at them, and then able to hit them on the counter attack. Yeah, there's going to be loads of spaces. Already this half we've seen a lot more spaces. Manchester City attack, they're still leaving two or three players open. Liverpool have had more space to attack themselves. So I think there's going to be plenty of space remainder of the second half.",approval,0.0972
Schweinsteiger losing out to the adventurous Brazilian still adventurous.,curiosity,0.0951
Liverpool by far the better team in this opening 20 minutes.,realization,0.1029
"It's looking to reestablish their control here. Barcelona, Neymar. Suarez.",realization,0.0927
City you've got to get the ball to Edin Dzeko and Aguero into the game first.,excitement,0.1228
"I think one thing you do get when you've got a left footer on the left and a right footer on the right is it's easier and a nicer balance to get crosses in because you don't have to beat people, you can just feed the ball round. And of course with two strikers now on the pitch that might be his thinking.",caring,0.1448
"Play the score down. You gotta change it, Clyde. You can't carry on doing the same mistakes, because yes, they're working hard. But the working hard to a point. We're keeping everything in front of the Man City, but not engaging the player on the ball. So he's picking any pass he wants to play Barcelona two nil up and and really could be. It could be anything before half time. Really could. And his team forced to mistake there but Barcelona have won it back quickly and Messi has found Suarez. And here's Jordi Alba.",confusion,0.0881
"So I. Another substitution on his way. Honda, spoke of his fatigue. Here in solving one comes Alessio Cerci.",disappointment,0.1161
Dzeko. It's a corner.,curiosity,0.0738
They've kept. On a leash. Just one real.,realization,0.1059
And half an hour on Saturday against Newcastle here.,caring,0.0781
"Despite the two goals, he can't be too happy with the performance of his side so far.Goals changed that halftime talk, though, don't they? If it wasn't for those two goals, I think Ancelotti would have been coming in and speaking to his defense and wondering whether they could create more upfront as well. But with the two goals in the bank and you can only go in and say, keep it up lads and you know, just maybe a little word in the ears of one or two of the defenders in the early stages of this game.",annoyance,0.0887
"What you would say, Darren, about Agüero inclusion on the benches, that Manuel Pellegrino must feel that he needs him. He hasn't got enough cover in the forward position on the bench. There he is.",desire,0.0928
There's Arbeloa. He's. Over happy.,realization,0.1117
Muller about the new post Boateg in there as well.,curiosity,0.111
"Roman Alessandrini, driving forward, he's got past Maxwell, goes down no free kick. Matuidi",excitement,0.0792
"As you said, it really looked like Vidal was.",realization,0.1144
"Attack though by Javier Masserano, playing alongside Gerard Pique at the heart of the Barcelona Defence.",excitement,0.0883
I think he is stepping up from the defensive line this time.,realization,0.1558
See a little bit more evidence now of Liverpool springing numbers forward.,realization,0.1726
Yeah. Neither side have,confusion,0.1072
"The Italian goalkeeper Salvatore Sagu, under pressure. Get this one lined up, that's for sure.",caring,0.0925
Won back by Mascherano for Gerard Pique. Here's Adriano.,approval,0.0849
I wonder how long before the referee's gonna start taking sterner action.,curiosity,0.4577
"Touré, Fernandinho, Sagna.",curiosity,0.087
Strong header back from Marquinhos and.,excitement,0.0892
Better than most. It's only a start. Just that point of view.,realization,0.1137
[commentor]Those games changed. It's turned on his head.,realization,0.132
David Silva will have to be sacrificed so that Manchester City can keep their shape at the back and have. Two conventional fallbacks on the field.,desire,0.1004
"The Jose Mourinho story just doesn't go away, does it? Demichelis Aguero",curiosity,0.1442
And here comes Xavi for Iniesta.,gratitude,0.0989
Had to engineer some space for a shot. Doesn't happen this time. Still Toure bulldozing his way through. Away by Bonucci.,disappointment,0.2212
It's taken a deflection through and the decision is goal kick. Here's Raheem Sterling.,realization,0.109
But it was Lionel Messi's initial incursion. Which put Manchester City on the back foot.,excitement,0.121
Mandanda. Just rushed slightly into that. Clearance.,realization,0.1693
Such an inviting cross for Gignac.,excitement,0.179
Commit to and how many to have in the wall.,caring,0.1362
"He was Paris Saint Germain's youngest ever player, 16 years and 249 days old. Coleman.",desire,0.0786
But it certainly looks as though it's a muscular injury.,confusion,0.1442
Verratti. Steps in and gives it away cheaply to Iniesta who mops it up.,excitement,0.0859
[inaudible] Taking the gloves in spectacular fashion. [commentator] that's a good ball from Messi. To Suarez.,excitement,0.1417
"Very, very intense and.",excitement,0.2681
"Most well class goal. Maccarone, Mirko Valdifiori. Croce. Forced by. Antonelli on his 29th birthday. Croce. It's in, you know.",realization,0.0725
"First change for. And Simone Verdi. Sees Matías Vecino. Leave the field of play. Co, owned by Milan along with Torino.",excitement,0.0723
"Including a fabulous winner in the home game against Sevilla now, Aguero.",excitement,0.1265
"And the fairway wide well. The long shot is usually on against Atletico when they withdraw and do concede a little bit of space, but it was asking a lot from the player who doesn't score too many goals.",caring,0.1036
"Raheem Sterling and Demichelis just quick enough. First signs, really that Mangala and Demichelis could be stretched by pace from Manchester United. It was Lingard who was making up the ground and he had to begin from a standing start. He couldn't quite get the legs moving quickly enough.",excitement,0.125
Have to try when the with it back Liverpool and just play that first pass forwards.,caring,0.092
And then they go into another phase in which they go out into all out attack. Wonderful save that is from Sergio Rico.,excitement,0.1401
"Marcelo plays it in, ball cleared only as far as Kroos, Sergio Ramos.",excitement,0.0879
"They're gonna have to be wary as well. Of of Monaco coming up behind them, Marseile if they lose this. Rabiot",nervousness,0.324
"Verratti. Pastore touching off to Marco Verratti. Motta, Ibrahimovic to Matuidi.",admiration,0.091
They'll get the free kick. Get out and we'll make that change now.,nervousness,0.1016
"Again he finds the tall, imposing figure of Gianluigi Buffon in the way, and then Sturaro is caught by Fernandinho.",confusion,0.1116
At Chelsea Arsenal where the midfield players have been on the half turn. They've been pressing onto players and dispossessing.,annoyance,0.1016
Barcelona's dominance on the line.,realization,0.1367
"Liverpool get Nathaniel Clyne in the right place, and Manchester City. Getting the corner.",realization,0.1378
Varane with the header away.,curiosity,0.0749
Better ball Milan there. There has been a Bonaventura. Antonelli. Destro makes his way into the middle bit of a miss clearance of Ménez was more alert there. He could have been straight onto that. Busy complaining at the fact he didn't receive the initial pass from.,annoyance,0.0925
Dja Djédjé just gifting possession back and the home fans will start to get a bit a bit frustrated about Marseile's inability to keep the ball.,annoyance,0.1891
Messi's away. Now Neymar. Messi continues the run. [inaudible] excellent defending there. Skipper Thiago Silva. Wasn't it?,excitement,0.1078
"From Manchester United this time Mata, but it's a tidy one.",caring,0.0977
Fernandinho carries on running and then David Silva and back towards Aguero and it was alert defending again from John Flanagan.,excitement,0.1375
And I'm not going to be critical of Bayern Munich. I think they've contributed to what has been absolutely unbelievable football match to watch. It's on a different planet this game to anything I've seen this season last season.,excitement,0.0784
"Not sure why he can't see that. You expect Eriksen to do better. He is a super technician, good striker of the ball..",confusion,0.2377
"Forward now towards Aguero. Liverpool have got both centre backs here. Lovren the first to engage in a really important challenge by Flanagan, who tracked that run of Raheem Sterling superbly well.",caring,0.1038
Very good with that distribution out of his hands. On point. Smalling.,caring,0.1234
Arbeloa any problems with Lallana. He raised the foot there. So it's going to be a. Liverpool throw.,annoyance,0.0579
"This is the scenario Juventus want, though, Darren you see that everybody behind the ball took to City now to try and break them down. You need to be a little bit quicker. Manchester City keep nice and wide. Try and exploit the space.",desire,0.1524
"Chambers has helped him fit in off the field. He is new working environment and I'm sure will play a part though he's relatively inexperienced himself. He isn't he a senior international. Gary, we shouldn't forget that. [commentor 2] He broke onto the scene, did really well. And then after that Swansea game away, if you remember, he played right back and struggled. And then from there on. Got Monteroed. Yeah, from there and didn't really get a kick. Chambers",curiosity,0.0818
A more straightforward evening for. And the German goalkeeper to Ter Stegen,curiosity,0.1159
"Yeah. Otamendi was almost trying to read the pass he thought was going to get laid back to Henderson and allow Firmino just to take that turn and have a shot. He's David Silva. It was a good run to set him up by Clichy. Now Navas. Zabaleta's got forward to join in, opens up the space a little bit for Jesus Navas. Now David Silva. Fernandinho. Navas.",excitement,0.1289
"H's been sent off six times in his career, which for a winger is not enviable. disciplinary record. It was one of those. In all fairness, last season for Southampton and Stoke was rescinded.",disappointment,0.1121
Piqué. Messi.,confusion,0.1823
"Lallana has reached it in the back here with Cross. All that he could come up there. Cleared by Elneny. Vinyl lining in this room, backs of it for Ramsay now Sanchez. Arsenal counterattacking here.",excitement,0.0903
"Yeah, it was a tale of two great first touches, wasn't it? That goal from Liverpool. Lallana and Milner all about the first touch.",excitement,0.208
"Again, that does not help Matip. When you've got a goalkeeper. The rest of the team.",disappointment,0.2145
"Two goals for him in the space of a minute. It's pretty bleak reading for Sevilla who have Krychowiak back on the field of play, but perhaps too late.",sadness,0.2851
"Thiago, who was with Barcelona and has thrown in his lot with Spain internationally. Massino himself, a Brazilian World Cup winner, and Rafinha has gone down the Brazilian route and not a full international as yet.",desire,0.0739
"For the moment, it's very difficult to get in the game playing through Liverpool. Lovren header Kante",confusion,0.0987
"Here they are leading at Chelsea's formative weeks of this new season. In a perioslLike this in the game, go and kill it, go and get the 2nd.",excitement,0.1196
"Now Henderson, Liverpool have kept the move alive. Milner though only to Otamendi.",relief,0.0794
there was a little bit of a foul after the ball had gone.,annoyance,0.1
"Well, he can celebrate 20 years at the club for Arsene Wenger, it's the 100th appearance in an Arsenal shirt for Alexis Sanchez today. That's his 47th goal, which",pride,0.1329
Almost disbelief. In both dugouts.,confusion,0.3162
This is how. He's about to wind up his foot and have a day. He's over hit it and he's overstretched. Mascherano happy to scoop the ball away.,excitement,0.1587
Into the final quarter of this game. Messi.,confusion,0.129
"David Luiz running with the ball. Matic Now, Willian.",excitement,0.1457
"Well, I think Coutinho apparently was struggling with something. So. Maybe a hamstring, so maybe he's.",confusion,0.2412
Match Day 6 coming up on December the 8th. In this group.,caring,0.0988
Away by Ivanovic who has had better nights. Mane He's done a really good job Henderson tonight.,admiration,0.0833
"European aspirations, Unai Emery will be, I imagine, fuming inside with himself. Two goals from inside the box from Cristiano Ronaldo. They look to hit him again to look at James.Rodriguez flicked on Ronaldo's on side there.",excitement,0.2145
Joe Harts. who's going to stop this one?,confusion,0.1587
What do you think tonight that Liverpool have had to make changes at centre back? It's not the first choice pairing that Jurgen Klopp would select. They've been able to keep Aguero quiet. So far. Here is Firmino to Milner. Milner's in here. Oh Milner scores. Liverpool get a second goal and Manchester City in big trouble here at Anfield.,curiosity,0.1164
That was the one. That was the one we spoke about the first game at the Etihad.,caring,0.1354
Through the legs continues there are Messi but his route to goal was blocked by Thiago Motta. Allowing him to get through it.,curiosity,0.0717
"You be desperate for money. Quick start, City. To get going as yet. Injury concerns hasn't helped.",desire,0.2842
This is the 100th Home Champions League game for Real Madrid and it's going so far according to plan. But they certainly haven't.,desire,0.0847
"For another chance goes begging, not an easy one, but. He does well to stay strong. Here's Isco.",desire,0.1339
Lovren tight on Rashford and then Firmino having to start from deep. Coutinho is ahead of him this time.,nervousness,0.1188
"See that one at Celtic Park and at the same time Arsenal at home against Basel 7:00 O'clock, BT Sport 3 HD and of course every other Champions League match exclusively live on BT Sport as well. Here's Mitchy Batshuayi.",realization,0.092
Messi level with Ronaldo again.,excitement,0.1016
"And then we see all the goals. I mean, that's the one that started him off, Lallana. Definitely think Joe Hart was at fault there. This is a fabulous goal. Quick play, lovely finish from Milner.",excitement,0.1284
"Plenty of opportunities to make a switch, but Gareth Bale probably has to come on to get some match fitness coming into the game in midweek against Juventus. Trémoulinas' ball in, cleared by Pepe. It's a throw",excitement,0.0775
Midfield player really right winger to right back.,realization,0.11
"Fernandinho he's muscled aside there by Hernanes, looked that goal for Manchester City by David Silva. Touré to Fernandinho, now Silva. Spot first time here to Raheem Sterling.",excitement,0.0858
"Clichy wants as he steps in for Manchester City. Here's Sterling, He is had no real impact on the game as yet.",desire,0.2656
"It goes from Cazorla and David Luiz, who's starting his third successive match since arriving back at the club from Paris Saint Germain with his first defending for Chelsea. 11 Arsenal changes at Forest.",curiosity,0.0702
"Sunday night it was for the late fixture, 4-2 victory in the end for Real Madrid but Celta, pushed from all the way. You would think similar tactics to what Sevilla using playing the ball around, looking to hit them down the wings and through the middle along the ground. Trémoulinas brought down and an obvious yellow card, I think.",approval,0.0811
Offer more in search of an equaliser. It's always there.,desire,0.1152
Neymar. Enrique can afford to experiment. If the experiment goes wrong. Fallout isn't quite a constant. They will just end up in second place in this group. That seems to be fair.,caring,0.0752
"To 8 matches since they lost against Liverpool here on the opening weekend of the season, five of their first seven games before today have been away from home as well.",approval,0.1123
Coutinho. Wijnaldum trying to steer it in. Still short on the way Premier League goal on his CV. and he holds his hands up out of screen out of shot Calum Chambers for that pass.,nervousness,0.0848
Here is Simone Verdi. Into the area. Very to the byline. He's cut it back. Just couldn't get enough on the pass to find Maccarone. The ball still pinging around the area Tavano. Milan at 6.,excitement,0.1218
"Liverpool so far, certainly once they got their game going.",excitement,0.1156
Messi is taking the chance and lost the ball. Fernando. Clichy.,disappointment,0.1288
Throw forwards Pogba Moved forward with the ball at his feet. Sturridge In the 1st 45 minutes. Moment was snatched from him. Valencia.,excitement,0.1106
"The pass, the take, the shot, the save. Iniesta to  Keep the pressure on",caring,0.1225
Should have put it across goal. Tried to beat Dejan Lovren.,desire,0.1251
One at piece and it's Blaise Matuidi,excitement,0.0827
Look so much more assured down there with that fellow at the back.,optimism,0.1446
"Not just with his positional plays, bulls forward as well to leave a bit of pressure towards the likes of Rashford. 450 Premier League appearances now for Carrick. Almost all that now.",desire,0.0903
"Levandofsky having this amazing season, he's up to 18 goals already, five of them in the space of nine minutes in one game against Volkswagen. Believe it or not, he came on as a sub in that game. He did? Yeah. And they were all played in that first half of that game. But actually Arsenal kept him relatively quiet. Problem has been Coman, Thiago.",confusion,0.0837
"We talked about the enjoyment of the rail players, Andy, but it's a fine line between that and taking the task too lightly. Having any side can be guilty of complacency, and that's one thing I wouldn't have expected from Real Madrid tonight. That's why I expect them to start as quickly as they've done in this second half to try and grab maybe a couple of goals and really put the game to bed.",excitement,0.0733
"Well, David Luiz is going to come on so that.",excitement,0.1104
And Wanyama was making his 100th appearance in English football today. Kane,excitement,0.1186
"This time, showtime for Neymar.",excitement,0.1684
"So Juventus are going to go through anyway by the look of it tonight, regardless of what happens here. It is about who tops this group. I think really this game, which might well decide it.",caring,0.0826
"Carlo Ancelotti asked to rank Ramos on the list of defenders that he's managed, an illustrious list, of course. Thuram, Cannavaro, Nesta. Maldini played alongside Baresi as well. Well, maybe Cannavaro had the better defensive instincts, but in terms of being a complete player, Sergio Ramos had the edge over over almost anybody that he'd managed.",excitement,0.0855
So he's got a hold of him.,realization,0.0848
"Carvajal for Real Madrid pings it inside, Chicharito finds Cristiano Ronaldo. Cristiano looking to line up the shot, gives it the Kroos and just wide.",excitement,0.1117
"And this time, Evras Pace brings the goal kick for Juventus.",realization,0.0942
That's a wonderful finish. He's kept his head in there. You could get into those positions and hit the goal or hit it wide.,admiration,0.1586
"Here's Alessio Cerci, the life of Athletico Madrid. Toures going in the other direction as part of that deal.",excitement,0.1068
Valencia wins the corner off Clichy Please. They should give him a bit more attacking intent as well. Manchester United down the right wing. Valencia can get forward.,desire,0.1247
"Here is Flanagan worked out with Sterling very effectively in the first half and now he threads it through to Milner and then Origi away by Hart. It might well have fallen for the Lallana as it was, it was Fernandinho there just threw it away for Manchester City, but two promising positions for Liverpool inside the opening 2 minutes in the second half. Yeah, Lallana was a man that nearly got to it, but I thought he should have been picked out the 1st place. Great ball originally from.",excitement,0.0847
Luiz past Batra. And tried to pull him back but couldn't get a hand on him. Lucas.,nervousness,0.1082
"Of course, it's only halfway we watching the Barcelona players arrive earlier on tonight and he had a a red jacket on a Dickey ball. Dani Alves, he did, yes, that's quite conservative for him.",desire,0.0871
"Liverpool feel they have put behind some very difficult away games already this season. Winning at Arsenal and at Chelsea, drawing at Spurs. Some tough fixtures out of the way. Liverpool maximise the extra",approval,0.1159
Mendy gets lucky. It's well played Thiago Silva. Verratti Verratti for Pastore.,excitement,0.0959
You seem to drift inside as well. I like him when he comes inside. He's very clever. He plays with his head up. He opens things up for Arsenal.,admiration,0.2092
"Spurs first corner of the second half, that's an outstanding stop from Simon Mignolet to deny Toby Alderweireld and Spurs an equaliser. Yeah, that's a good save this time Alderweireld, good header, super save, best save of the match.",caring,0.1091
"Well, he calls his football heavy metal style, so he couldn't play like Arsenal, then more orchestral. He could never coach it.",confusion,0.0795
"Here's Marchisio, such an important player. A clog in midfield, especially now that there's no Pirlo around these parts. Alex Sandro.",admiration,0.0624
"Ivanovic in there, He's hardly had a touch, Diego Costa but he's had a telling touch here to keep his great run going. Five goals already now in the Premier League this season. Just watch Adam Lallana and Jordan Henderson. The ball gets played off and then both of them. So poor.",disappointment,0.094
"Going across the Italian goalkeeper, unerringly low into the net.",excitement,0.1392
Sergio Ramos. Dani Carvajal.,realization,0.0762
"Messi gave a press conference yesterday, his first for almost two years.",excitement,0.091
When Liverpool are passing it looks like combinations. It's like single passes from Chelsea. There's no real combinations happening. Little one there.,disappointment,0.1621
It's the height that beats Courtois. It's never in his highlight. It's always above him. He's reaching. He could never get there. Liverpool bench. Estatic Theatric. Cahill,excitement,0.0805
Ronaldo defending Bacca there. Oh and it's been scuffed and that could have been costly. No effort on goal in the end though. Sevilla have possession.,excitement,0.0737
Blind. Nice stop from Mane Headed up by Smalling.,confusion,0.0773
"From the City's point of view, real opportunity you feel here for Manchester United. City's throw now.",realization,0.1095
"I am not sure what he's doing, Ivanovich. Maybe that's really iffy moments from that experience defender. Lacking composure. for such an experienced player.",confusion,0.1803
I thought [inaudible] view looks a little bit more relaxed than Arsene Wenger's talking about the three centre backs missing.,relief,0.1732
"Yeah, the big fixtures, but they're in decent form at the moment and got a lot of their players back fit. Their important players back fit. So you know they're ever going to string a good run together. You'd think it's now.",caring,0.0955
"Fly has probably made his name in the attacking midfield player, but often gets pushed right up front. Superb in the air. Here's Tiago. Juanfran. Gabi did well.",caring,0.0955
"And the pull needs.Oh dear. Looking at it again I'm gonna turn away, I think.",sadness,0.1447
"In the second half, they just haven't had enough to cope when Liverpool started playing properly.",disappointment,0.0925
Getting two minds with it. I think he just ran out of pace. Suarez just couldn't quite get back down the outside cut back. Bad mistake Rakitic. It's really tight.,confusion,0.0979
It's the curse of the commentator moment that benefits Chelsea I suppose. Here's Alonso.,annoyance,0.0989
"As that happens, the chance to remind you can see highlights of all tonight's Champions League action 10:00 o'clock on BT Sport tonight. Yeah, he looked as if he's struggling.",caring,0.1013
"United have done the Premier League double over Liverpool in the two previous seasons, but don't forget Liverpool knocked them out of the Europa League. In the early spring. Moved on to the final, of course, in that competition. Mane Firmino again. It's not ",confusion,0.0715
"Arsenal guilty of sloppy passing in midfield, giving the ball away early on here. Well, there has been space to contact for both teams haven't really capitalized on the opportunities. Lahm. Muller.",disappointment,0.211
Hasn't come off in the 1st place. Atletico can push out. And they can't really get out at the moment.,disappointment,0.1398
"As a narrow 3, particularly, Mane really a right winger and not really a centre forward who's got that sort of going pace in between those two positions. You see Daley Blind there picking up Mane, picking up Sturridge manage just before that.",curiosity,0.0727
"Douglas Costa was going to play on the left hand side, but it looks like he's just gonna play him behind levandoski.",confusion,0.127
"It's brave play from Liverpool, Nice and confident out from the keeper. Played their way out. Tottenham couldn't get a press. Ends up with a good shot.",approval,0.0835
Kroos. Varane's Ball stayed in the air a while and. There was a. Pressure on his go. Never talk about.,nervousness,0.0852
Miranda work to make that header. And Saaul . Pepe. Juanfran to go for.,desire,0.1221
"Pretty thoroughly, according to our touchline reporter, Ray Stums. So I wonder if we might see him to get his energy to the midfield.",curiosity,0.3363
"Matip., that's the key every second ball.",caring,0.0962
Coentrao. Certainly in the first leg Real Madrid started better.,realization,0.0917
Very few drawn Premier League games between them. Five years since the last one.,realization,0.0796
"Tottenham absolutely sensational last weekend against West Ham United, Chelsea on a bit of a revival. Set up nicely and it was what was it? 5,-3 that one last year. Great game.",excitement,0.2481
Played against Daley Blind by Jesus Navas. Shouts for handball.,excitement,0.2128
Failed to try and combine. There is a attempt to thread it through for Mane.,disappointment,0.1561
[commentor]Arsenal needed was to stick the foot and kick it out for a corner. They took a risk sometimes in those positions.,caring,0.0983
Little bit way but they are missing Sami Khedira in that midfield who would make a difference of course. Here's foul on Marchisio from Fernandinho who goes in the book.,curiosity,0.0974
"The referee have been baffling. That was an odd one, wasn't it? Answers on a postcard I think.",confusion,0.2851
Leave Laurenr Blanc with the problem to confront of just how much he can get out of David Luiz.,confusion,0.0799
"[inaudible] On the scoreboard. Ibrahimović after 15 minutes, Messi equalizing then 4 minutes later. That's not offside.",caring,0.0776
"Big stadium like this, you get a few wrong for one team. We're going to get the stick and.",excitement,0.0903
Adam Lallana at the centre of a little bit of a flare up.,excitement,0.2189
"United have been backing up play really well, Herrera and Fellaini.",approval,0.1649
[commentor] That's absolutely brilliant goal for those Liverpool fans have just seen. The team score and for the first time I can remember to get the ball.,excitement,0.1617
Luiz breeds a huge sigh of relief. That's David Luiz. All all in one. Don't take Luis Suarez on.,relief,0.5484
" As you can see From this high camera angle, [commentor]Jerry[commentor] is very much a 4-4-2 formation from Laurent Blanc. Yeah. He would have been had an idea as to how Barcelona were going to line up, but until they kicked off, couldn't be certain.",confusion,0.1832
Marata. Pogba.,curiosity,0.063
"Just force the issue. Really cut the pass, Rodriguez.",annoyance,0.107
"With the amount of players Bayern Munich had in the box as well, he looks concerned Arsene Wenger and he should be as well.",nervousness,0.1824
"He doesn't seem too happy, missed Ozil. Great way to pass.",disappointment,0.1119
City continue with ten men.,approval,0.0887
It's one that Ibrahimovic was looking to lay faith and Emry Can was aware of that and covered a lot of ground actually to make the header. Manchester United have a corner.,caring,0.1057
You can see just how competitive the battle for top four place may ultimately turn out to be.,realization,0.486
"Andre Ayew crossing early towards Gignac, but it's David Luiz with the header.",curiosity,0.0848
"Flanagan gives it away. Fernando forward to Sterling, but Flanagan alive to his own mistake to win it back.",desire,0.1105
"Shame that was given offside. There was a nice little battle there, Origi, Big strong lad and Kompany. Kompany's an aggressive defender. He likes to step in and nick it in front of you. That would have been a nice little battle to watch. Aguero's offside. Just went a little bit early.",disappointment,0.1659
PSG fans and players.,caring,0.0962
Lucas has been taking the eye so far from Paris Saint German. Rolls into [inaudible].,confusion,0.1361
"If you could only see the replay, Dybala is a very talented young player, but you you really could do without the theatrics, couldn't you? Yeah. See, that's OK.",curiosity,0.1066
"Mustafi, able to slide in and he's got a bit of help as well from Cazorla.",relief,0.1416
He's made his third error on clearing. The ball control. A moment ago. A howler.,excitement,0.1451
Foul by Klavan who has come all the way out with Aaron Ramsey.,annoyance,0.1282
Giving away by Jordi Alba. Fernandino.,gratitude,0.0684
Found the teammate in Thiago.,realization,0.1001
Just want to get the shot away with his left foot. Not one appeal from Can.,desire,0.1803
Passing back and not playing it through those spaces were frustrated with Liverpool manager.,disappointment,0.2346
Get a goalkick out of that. Chris Smalling,annoyance,0.0966
"Markovic holding off the modrich but the full not getting very far, but they got through the 1st 10 minutes but Minillas had to make a couple of saves. Absolutely. Both those saves were because Liverpool made mistakes at the back end for Skrtel.",curiosity,0.0757
To make sure they hold on for victory here.,pride,0.3154
Takes the weight off by heading it down into the ground.,relief,0.1123
"Real Madrid back four and far more pressure than we've seen throughout the game. Just a clip of the heels from Borini. There's a foul makes the most of it Ramos, but it certainly was a foul.",excitement,0.0808
"Tottenham rewarded with a goal at the end of their best period of the game. They haven't been fluent, they haven't been fluent for much of the season.",relief,0.0862
He's furius there. He feels like he pulled out of the challenge. He was right as well.,nervousness,0.1165
Here's Yaya Toure for Manchester City. You continue to chase the game here. They haven't really managed to get the right kind of service to Aguero. Not too easy for him after the long absence to have to play twice in what is it for five days.,annoyance,0.0876
"Here's Rakitic, Montoya with the early ball cut out by David Luiz. Here is Messi.",excitement,0.0977
"There's a real urge for teams to push out now, but the gaps they leave behind them sometimes look so inviting for the players to put the ball in there.",desire,0.2273
He was being jostled by Gignac.,excitement,0.2293
Liverpool still haven't really got out of second gear.,confusion,0.1228
System change and the space just became huge in midfield. Lavezzi.,surprise,0.0913
"For the Premier League club from the bench, that's the second half develops.",realization,0.1011
"Raheem Sterling missed a really good chance early on in the game. They went on to lose the game. Manchester City have the best chance. The first chance, Toure!",disappointment,0.1683
"And with the emphasis on the rash, I think also you look at Liverpool's quick starts to games United will not want to let them get into the game, James Milner, pointing out to the referee. Make sure you let one of our players have a free one as well. Jamess Milner's almost old enough to be his dad. But.",disapproval,0.0776
And then the message is for his players to calm down.,relief,0.1655
"That's exactly what united need and want. They want set pieces. Honestly, just.",desire,0.364
That's clear long over the line. Destro shouldn't be offside. Go back to Sepe but.,disapproval,0.0975
"It's been professional, it's been efficient from PSG in the second half.",realization,0.1858
Space for James Milner be confined across Sagna are ahead of him. Piquét coming out and meets him.,excitement,0.0945
"Rakitic, Neymar coming in.",approval,0.0758
Flanagan knew what he was going to do. Kolo Toure was there to help out as well.,caring,0.1486
Batra gets his body in the way. Does pretty well for me.,approval,0.1103
Shots on goal hard to come by so far.,disappointment,0.1005
"The intensity from. Manchester City these first few minutes of the second half we've got to build on that. Just not used to not having the ball, Barcelona. What's the game, please?",excitement,0.141
Seems to have run that off now. And Raúl García brings.,annoyance,0.1832
Milan in San Siro. Unless. You can change that here.,confusion,0.0998
"Done there by Bony David Silva's, threw.",anger,0.0774
"PSG, making their second substitution, Edinson Cavani going off for Lavezzi",excitement,0.092
"Clearly, the two managers taking.",realization,0.2485
And they did their homework and they broke that down so well and it's on again tonight. If they get in the right positions. Lallana's ball forward here to Origi?,curiosity,0.1763
Navas not known for his clinical finishing. That's not an easy chance.,disappointment,0.1349
"Pastore, Matuidi. Matuidi's cross and Morel this time clears the ball in the right direction. Gignac.",excitement,0.1247
"And again, they had the chances. Yeah, they have. The irony Jurgen Klopp's on the touchline going mental.",excitement,0.0892
From what we've seen so far from the Frenchman. It's an off day.,annoyance,0.1172
Here's Philippe Coutinho. A little bit of a surprise tonight that he was left out by Jurgen Klopp. He scored in five of the six matches that he's played against Manchester City as a Liverpool player. Cluding the winner here last season.,surprise,0.3525
Arm. Shoulder feels something go.,realization,0.0957
Willian can cross. Hazard's in there for Chelsea and Bellerin was standing his ground.,caring,0.0775
Messi but here's Dani Alves on the low side and the unthreatening side.,confusion,0.2359
14 goals in that 224 appearances. From the centre back now. Got no complaint.,relief,0.1302
"Abbiati his turn to get a clearance completely wrong, Rami slips. Unfortunately, de Jong's won it back. Cerci. Was able to run it. Mario Rui.",disappointment,0.1637
"Grippen his teeth, his team have gotta do that. In from Pepe.",nervousness,0.1092
"Yes, you sometimes wonder about their advisors and Aleix Vidal is clearly offside.",curiosity,0.3274
"Brendan Rodgers could argue it another way, of course, that the team hasn't been playing well like the more.",curiosity,0.0865
Get behind Alex Sandro on that side.,realization,0.0819
"The sort of range for Pogba, but not that kind of shot. He had to go through Rashford. He was apologising to him.",disappointment,0.0919
And Adam Lallana gets the first goal of the night.,excitement,0.1227
Enough problems already.,annoyance,0.2024
Dja Djédjé's throw. Forcing Mandanda out of his box.,anger,0.105
Limited opportunities to attack from right back Mane,disappointment,0.0646
Giorgio Chiellini is making his is 370th appearance for Juventus tonight. Nasri delivers the corner which was helped on there by Sagna.,excitement,0.1081
"Well, Aguero, Silva.",approval,0.0883
"Gving Bacca to a little look there as if to say, well, you didn't really need to go for the ball. The ball was mine.",curiosity,0.0903
Kolarov is going to be coming on for Manchester City.,realization,0.0868
As an insurance policy. Here is Rabiot.,realization,0.0927
Very hectic. You might earn the right to play more in the second half as the visiting team. Definitely is the pattern going through this. You have to say United managed this first 10/11 minutes pretty well so far. Milner. Firmino.,caring,0.1235
Ocampos couldn't quite make it. This is Lemina.,confusion,0.1325
"Matic and it is a consequence of the way Chelsea have started the game. Poor marking on the ball when it came in, but the giving away of the free kick was cheap as chips.",disappointment,0.1309
"Looking to settle, and they might have been. The rooms will probably come from Mané, Coutinho, Lallana, maybe from the positions and wide in through the gaps between full back and centre back, rather than directly through the middle necessarily.",caring,0.1026
Really it's a wonderful header on by the Mexican forward.,admiration,0.1241
It was travelling but it was always travelling over. Buffon's only made that save in the second half from the header.,annoyance,0.119
"Jesus Navas is going to quickly join them as well. Fletch, the goal scorer, followed by a man blessed with lots of places is Navas.",approval,0.1015
Which is the intensity of the competition.,realization,0.2011
Now Pastore om either side. It's Cavani he's looked to.,caring,0.0843
"The have held both the Champions League and the Europa League trophies in the last five years. Liverpool, of course five times as they're proud to say European Cup/Champions League winners. Europa League finalists only in May.",caring,0.0951
"Diogo, now Vidal Ever Banega",curiosity,0.0609
"More effective when the cross is coming low, Coutinho. The earlier one asked too much of him.",curiosity,0.0777
allow the sports scientist to interfere with his career.,annoyance,0.1461
Haven't yet got Mandzukic into the game.,curiosity,0.0798
Clichy first game since April for him after his long running ankle injury. Preferred to Kolarov here. Now Debruyne,desire,0.0886
"Modric doesn't get many goals, but.",disappointment,0.1134
"Take two. You see that nobody around the keeper. And Joe Hart comes in.That's a good punch. Aguero, fortunate with the touch.",surprise,0.0835
It's a Mario Mandzukic again. Now Lichsteiner. Mandzukic.,excitement,0.0764
Dejan Lovren very warm in north London.,caring,0.1246
"Now Walcott can test his speed at the other end, and he's too quick for Alonso, who can get a block in to concede the corner.",excitement,0.1053
And it's comfortable for For David De Gea. It was a poor delivery.,relief,0.0875
"Ander Herrera. We have seen Clyne the defender, but no the right back as yet. United's throw. A little bit of frustration. Is starting to creep in around the ground. Henderson's header. Foul.",annoyance,0.3235
Knows a bit about Manchester United. He worked in Manchester. He was with the Manchester City's youth system for a while.,caring,0.1299
"In the league, it's his second league goal. Of the campaign, what a strike.",excitement,0.0818
"Oh they just have to be this way by Hart. City. Trying to play a high line. Offside. They beat the traffic, goes to the far post.",excitement,0.0815
Mandžukić for a header for more meaningful variety.,caring,0.0841
Get back and get on with it was the message from the manager. It was not an easy finish. It wasn't the most straightforward of heights and he had to get power in it to beat the goalkeeper and the man on the line.,disappointment,0.0788
This is better feeding it into feet in the round the box.,realization,0.1076
Sagna this time the city.,realization,0.0935
"Marquinhos protested and Mark Hackenberg does show Leonel Messi the yellow car, which is a little kick in.",excitement,0.0925
"Do you wonder about the cover of the call when you see a player feet leave the ground? Yeah, he's a poor challenge. This is the goal. Counterattack. The win it in a far left area and just sprints clear of Van der Wiel wait in the pass is perfect. Its there for him. Simple goal.",curiosity,0.1473
"The Lichtsteiner in the end, challenged by Kolarov, but they played their way out of trouble nicely there the Italian side.",curiosity,0.0884
That's one unlucky term to Cristiano Ronaldo. As we see Bacca offside again. It was Pepe didn't know where to play the offside trap. Go to Reyes or go for Bacca.,disappointment,0.2309
This three at the back looks even more. They look as if they can't play it.,disappointment,0.115
Bale looking to return the ball to the fullback.,desire,0.1681
won all four of the Premier League games he's played for Manchester United against Liverpool. Rashford.,desire,0.0776
"Away by Touré. David Silva, in the thick of it already for Manchester City, missed the game against Crystal Palace. At the weekend.",annoyance,0.0712
Kompany across there. Fernando's there too. Now Firmino leaves it for Lallana,caring,0.0748
It's the best bit of attacking football we've seen so far from Manuel Pellegrini's side. It's neatly done through to Firmino. Can to Clyne.,excitement,0.1069
Manchester United lost the last two away games in the Premier League. Sunderland seems a while ago because of their other commitments and West Bromich Albion. Here's Lingard. Martial. Looking to tee up Rashford Here's fernandino.,desire,0.0666
Those people have certainly enjoyed the start of the season. The City made Perfect in the league.,optimism,0.129
Wrestles him over. Nothing's given. Sterling has a little appeal to the referee who's not interested. Now Dybala for Juventus.,confusion,0.0948
Mascherano. Messi. Lovely touch from Suarez.,caring,0.1027
Wonderful balll from Reyes finds Aleix Vidal.,admiration,0.1157
Let's have another look. Carvajal  Putting an arm out.,curiosity,0.1943
"Lallana, touch from Wijnaldum.",caring,0.0845
"Telegraphed it on Koscielny, read it well.",caring,0.1231
"Leicester, starting the night top of the table and in command.",excitement,0.1044
Defend for pretty much all of.,pride,0.1502
"That he can really come here and expect to boss the ball doesn't help when the referee gets in the way of tempted, accurate pass. I think it would have been from Boateng.",confusion,0.0963
"Get the warning. It's Herrera's foul, but he might have said something or knock the ball away.",realization,0.0718
Trying his luck. He hasn't scored in open play since the first day of the season at West Brom.,curiosity,0.103
"And then since then, you're not really seeing any?",confusion,0.2438
I'm not sure how to tell Jérémy Ménez how to play football. He's. The top goal scorers in the league so far this year. Milan need a boost. Could have come from. Catching on to that.,confusion,0.2345
Then they can't quite find that X Factor.,confusion,0.3197
"In Milan, twice in the last 19 attempts in Syria, but both were here, both one nil.",confusion,0.0956
"Schweinsteiger. Get hold of that, indeed Martial did just that. He will do more than just get hold of it.",realization,0.061
I think he's been a great signing for Manchester United today but.,confusion,0.1318
Taking that second place in their group is that Barcelona could well draw them. Paris Saint Germain. Bayern Munich in the mix. Messi. Neymar. Mathieu.,caring,0.0945
"The chest control pass not bad to set him up, haven't got a lot of the goal to look at.",disappointment,0.1407
"But you're right, Steve. If they're gonna press Arsenal gonna press, they're putting three, maybe four players up against them. There's nothing wrong with that ball into Costa. If it's quality. Ivanovic played a beautiful ball into his body, into his chest and set the whole move up. And they need to do that more and more.",caring,0.1476
"This time he will try it, and the crowd persuaded him he's had better success with shots from distance in the last couple of matches. At least that was on his left foot. You can see that this is the angle was all wrong. It was like a rugby shot. He knew he was going to get clapped. He was going to get clap whatever. Yeah, it was almost like gone. And if you insist. All the punches behind us regardless.",confusion,0.0814
Fernando. Demichelis. Bony.,realization,0.0689
Probably brought back for an earlier indiscretion. It's going to be an Arsenal free kick.,annoyance,0.0757
"Makes Sergio Aguero much of a factor so far tonight, Michael, just that header towards the end of the half that was blocked by Milner, but in general play he's been kept very quiet by the Liverpool defence. Yeah, he has. He's got a different system strike partner up alongside him now, so it might be a little bit different just touching on John Flanagan obviously he's seen off one Manchester City player and a feather in his cap for that, but entirely new.",curiosity,0.0781
Is not loaded as a coach for nothing.,disappointment,0.1189
"No change in personnel, but has to be a change in our City. Going to play in the second half could have been more direct.",confusion,0.0898
"Liverpool will try and keep out of that box away from the goalkeeper, push that line up.",caring,0.0985
"I think he's better in the middle [commentor]Rob[commentor], but I'm watching the ball heading of Piqué and Batra on this",confusion,0.1578
"Back four have been caught out sliced open very easily now. At the other end Ronaldo. Cristiano Ronaldo's ball just played behind the Mexican forward runs out for a goal kick. The real opportunities here, Duncan. Well, you'd have to say.",excitement,0.0986
"Look at them not getting out towards the ball with any great speed, just happy to sit back there in the shade. Look at those Chelsea blue shirts. And.",curiosity,0.0863
Liverpool keeping possession shrewdly. Cooly.,relief,0.1423
"National team squad Michy Batshuayi, scorer of eight league goals this season, six in his last five. Andre Ayew also going off.",approval,0.0945
"Only seven appearances before today. Simone Verdi he lines up the free kick and it's a big, big way.",excitement,0.1132
"By the way, Willy Caballero, the Substitute goalkeeper is still warming up pretty thoroughly, so we're guessing Joe Hart must have some kind of a a problem mate. They've only got one substitute left, so you know I'll have to watch that situation. Manchester City. Yeah. Alexander Kolarov's being warming up for a while and he looked the obvious replacement. But as you rightly said, Joe Hart must be struggling. He must have some sort of knock which is affecting him because. Willy Caballero's.",confusion,0.0942
"If he passes the ball now. He gives it back to him and in the end he ends up coming backwards and I am not doing anything. So then they clear the lines, Courtois will do that 10 minutes ago.",disappointment,0.1439
And the behavior hasn't been enough to put Liverpool away here. Maybe they've got a chance to do it now.,disappointment,0.161
Cross this is the shot from Dzeko.,curiosity,0.0912
"It's Lionel Messi. It's just a warning shot. I thought he would go for goal [commentor]Rob[commentor]. Doesn't hit the target, but it was a good angle. It was worth an effort.",surprise,0.0764
Ronaldo Oganization from Liverpool. So many players.,excitement,0.1111
"It's his last involvement tonight, Fernandinho. So one of the midfield holders has gone off.",disappointment,0.0993
"This is an impressive response from Arsenal, but Sanchez has been muscled out of it. Müller.",admiration,0.0903
"Just the game coming up against Celta Vigo, good players who've been suspended having picked up red cards in matchday 34 available to play today because of the Commission, did not meet yesterday. Friday, a bank holiday and thus none of the suspensions could be contested or awarded. So we've seen some players who feature for their sides despite red cards. Unusual indeed.",surprise,0.1215
When that goal went and you sort of saw those Arsenal players walking back towards the centre circle. And now Invigorated.,excitement,0.27
"They have not sussed that one yet, here at Arsenal. Here's Monreal. 18 minutes to go.",confusion,0.071
"Let it slip, but it stuck on the ground rather than the goalkeeper's grasp.",annoyance,0.0838
"Manchester City against Dynamo Kiev, Tuesday the 15th of March, sitting with the 3-1 lead from the first leg in Kiev, 7:00 o'clock the build up starts on BT Sport Europe HD as well.",approval,0.0942
Phillipe Coutinho deep earnest square ball. It's got a piece of. Fellaini. Of course.,caring,0.0966
"Well, it's in Athleticos 5. If the game becomes disrupted, if they can't find their rhythm, that's what they do best the visitors.",caring,0.147
"The other game being played in the Champions League this evening is in Churin and Carlos Tevez has given Juventus the lead against Borussia Dortmund. Juventus 1, Borussia Dortmund nil.",excitement,0.0965
Clumsy play from Neymar gives a free kick away.,surprise,0.1191
Lucas still causing problems. He wins the free kick.,disappointment,0.1187
"And what a pass from Alderweireld, but look at James Milner left back.",curiosity,0.1039
"If one of the centre backs comes out on the ball and makes an extra man if it does go wrong, Matic's your man just to slide in or Kante. Here's Pedro.",caring,0.1212
Dani Alves really does well to shift inside to Messi.,caring,0.0909
Picked up by Willian and he had a bit of room. Conte.,relief,0.1124
"The team here, known simply as Madrid. Against Athletico. Isco.",realization,0.0971
Take your Diaries out Monday Night Football used to that Chelsea against West Ham is our first offering for you from 7th Sky Sports One. And Friday night.,caring,0.132
Barcelona have scored 34 goals in their last ten games. It's their kind of average. That they found since the turn of the year.,caring,0.1222
"Molly, those two braces will highlight that might have just beaten them.",realization,0.1232
"[inaudible]Taken the lead against CSK, which is particularly good news for Roma and Manchester City still nil-nil.",excitement,0.0941
Trouble was they lost the second leg. 2-0 in Turin and went out.,disappointment,0.2306
"But dealt with by Clichy, and then Milner against his old club battling for it.",anger,0.1203
"Political strength in numbers is one thing, but it's about communication because you can get in each other's way.",realization,0.2017
"Sergio Ramos, great position he took up.",admiration,0.1598
"Challenged in the first half of land. Can he score more goals? His first touch is fantastic on his chest and he just controls the strike knowing that full well the goalkeepers charging out towards him, he's a little bit of good fortune. It's through his legs but absolutely brilliant goal.",excitement,0.1279
"That's another highlight in the match to be truthful. What a tackle by Valencia, what a tackle. Brilliant from Coutinho.",realization,0.1532
Spurs themselves have been thwarted this week in their attempt to sign Wilfried Zaha from Crystal Palace.,disappointment,0.1377
"Danel Sturridge, over on the far side and the runner on his near, missed the pass.",desire,0.083
24 points off league leaders Juventus. For Milan the size of the club.,realization,0.0939
Ibrahimovic back for Pogba again. Blocked by Matip.,annoyance,0.0757
Headed out by Boateng Lahm trying to squeeze it forward.,nervousness,0.1346
"Croce. Maccarone made a good run into the middle. Just picked up in the end. Flag was up against Daniele Croce. Scored four goals, for Empoli.",caring,0.0912
"Well, that was an interesting quote. Got beyond Danny Carbajal from the French international. Griezmann. Nice little spell. They do well done. They keep the ball.",curiosity,0.2446
Bony's first touch. Lallana was in there for Liverpool and here Fernandinho. Only to Kolo Toure. They've not really been able to.,disappointment,0.068
[inaudible]Fuming. It would have been offside there.,annoyance,0.1532
Got the most outgoing character. What's his face always? Crazy.,confusion,0.2801
Manchester United Boxing Liverpool in.,excitement,0.1352
"Here, nicely by Marchisio No complaints. Here's Marchisio again.",approval,0.1408
"Neymar, who doesn't need an extra man, maybe.",realization,0.0832
Mane just switches off there. Leaves Rose to come in and it's a good finish.,caring,0.0917
Proving being done by Pepe here. That surely is going to get a card.,pride,0.1078
By Alba. Here's Busquets.,amusement,0.1067
Lovely touch from Ibrahimovic. Pastore again.,caring,0.1294
It suggests there's opportunity for them.,optimism,0.1243
"And Juan Cuadrado back there to tidy things up at the back for Juventus and then Sturaro good start to bring it away that need to be done by Cuadrado, then Mandzukic.",curiosity,0.0772
Dybala picks it up.  Juventus who,curiosity,0.1171
"Two great chances Fletch the first one by Raheem Sterling, the second one from Wilfried Bony",curiosity,0.0931
"Just need to find a bit of devil, don't they? Yeah.",desire,0.1314
"Did well, Mane didn't appeal. Looked like a great challenge from the keeper. Great challenge wasn't it?",curiosity,0.1014
Messi.  Here is Piqué.,confusion,0.1223
"Bright start from Tottenham. On the front foot. And on the front foot again here with Allie, who",optimism,0.2498
Arbeloa. Not that's the most convincing attacking right back.,disappointment,0.0811
"Andrea Barzagli is going to be coming on vastly experienced Italian international defender and it's the man who got the the goal that gives Juventus the lead is going to make way, yeah. Alvaro Morata. They'll go to five at the back now with three centre last Barzagli, Bonucci, push Evra and Lichtsteiner on.",excitement,0.1225
Become a national debate burnt out because he started so young or temporary dip caused by his role for club and country being chopped and changed. Make up your own mind. Could be 31 next Monday.,disappointment,0.1797
This is the 47th going to mean a 12th win or they gonna have to end up a draw. Remember would qualify them because of their combinations.,caring,0.1206
Matic challenged there by Ozil. Throw in to Chelsea.,anger,0.1362
Valencia certainly not settling for draw here.,disappointment,0.2406
At Chelsea Arsenal where the midfield players have been on the half turn. They've been pressing onto players and dispossessing.,annoyance,0.1016
"Valencia. Ander Herrera, Fellaini",curiosity,0.0812
Have to take his place in the starting lineup today after the tension problems which curtailed his involvement against Burton midweek.,nervousness,0.1429
"And they've got some defending to do here. Manchester City, from this Juventus free kick. Which one Cuadrado is about to deliver and he goes towards Mandžukić. And it almost felt there for Chiellini and it's still not away. And in the end the referee spots.",excitement,0.1369
It's probably where you would want Sturridge. He has the left foot there. Origi chose the wrong option. It was a big chance for the Liverpool.,desire,0.1174
At least that take care of them. It's not.,confusion,0.097
Come out and go again. To Lovren. [commentor] Spaces there.,caring,0.0972
Getting it to where Neymar was lurking again.,realization,0.1156
"We sincerely missed that. You know, when you talk about taking numbers, I think young Paulo Dybala, the £29 million signing from Palermo, he's the one with the pressure, he's got 21, he's got Paulo's number takes a bit of confidence to do that Steve, doesn't it? Why not?",curiosity,0.1033
"Cabaye and Luiz had both, it seems, broken too quickly.",sadness,0.1222
Trailed by David Luiz. Gives Luiz the slip once. Luiz wins it back. [commentator] Clever play from the Brazilian,excitement,0.0817
"This is another dynamic leg that Conte is really keen to take a long look at. Batshuayi playing on the same pitch as Diego Costa and see how that works for Chelsea. Yeah, well, that's what the three at the back give you and the wingbacks. You're allowed to play 2 strikers and that's what he likes. He's done it with Italy. We saw that in the euros.",curiosity,0.1272
"In contrast to their display two weeks ago, looking a little wobbly at the back or wobbling a little bit open as well. They look good going forward, Arsenal, but defensively they don't look the same. Michelle needs a big miss for this side, but the games too open, too much space on this left hand side. For Bayern Munich, they're hanging on a little bit here at the moment is Costa. Taking on Montreal.",confusion,0.099
"They split again, Muller and Lewanddowski. Big split at the moment. Rafihna Lewandowski's through the middle.",confusion,0.0759
"Next, Crystal Palace. Eriksen, already finding a little pocket of space and.",excitement,0.0792
Put those bad days behind them when they were relegated as part of the. Calciopoli.,disappointment,0.2658
"It's inexcusable. Rami is a centre back by trade, so he's got to be.",disappointment,0.1219
Benatia. Here's another one who's been struggling with injuries pretty much everybody has for.,caring,0.1152
Drills it in and it could still fall for Gameiro. Casillas. Where's the ball going? It's out for a corner.,curiosity,0.1401
"Downbeat by the fact he wasn't given anything, no service whatsoever. Hints. 5 maybe.",disappointment,0.2614
"Here's Kolo Toure without his brother in direct opposition tonight. Now, Clyne. Origi. Zabaleta ",curiosity,0.0692
His heart in is mouth. Azpilicueta I think knew Daniel Sturridge would cut back on his left foot. Didn't really do enough about it. I think he had to get closer to him knowing he was going to do this. Courtois lucky man. Here's Henderson. It's such a quick start to the game.,excitement,0.1326
Juventus a goal to nil and own goal by Giorgio Chiellini.,desire,0.0986
Liverpool and four Liverpool in the same game.,realization,0.1106
Would stick in the craw if if he got a goal against Liverpool. Varane back.,desire,0.0837
"Quite a wide free kick, the Muse looking relaxed. I'm not sure he will be.",relief,0.1619
"There you see it coming together of Mandzukic and Otamendi yet again got the benefit of the doubt that time I think it was accidental, to be honest, Mandzukic wasn't looking at Otamendi. Stray arm in the face.",confusion,0.1071
Forced into an early change. Defensive and attacking. Nothing is coming.,disappointment,0.1896
"Chelsea, that first one and the second one just offside.",annoyance,0.0834
"But it's what he offers. He had so much space as well on the right hand side, once he put in that extra gear of pace, and that record might not be coming to an end after all. Sevilla.",caring,0.0893
"It was a lovely run from Koke, beautifully found.",joy,0.1503
"Having had less than the 72 hours recovery. Bravely Marcus Rashford is going to slow down United will expect that now, having made all their changes.",nervousness,0.0792
"Well, first it was magnificent defending. How quick was that to come back. You saw certainly Costa just pinching Koscielny's pocket and look at that for pace. He's kept his head, He's timed the tackle on him. Watch this for a pas. Xhaka This is where he's in We haven't seen it, but he hits a wonderful diagonal to turn defence into attack.",caring,0.1079
"I don't think Joe Hart be happy with that when he sees that again, it was a lack of movement on his feet. I think he's going to get his feet across quicker and he covers that quite easily. He sort of gone from his static position and couldn't cover the the corner so.",disappointment,0.2249
"Cristiano Ronaldo, of course, will have heard of Leo Messi's goals today.",excitement,0.1297
I believe [inaudible]is the biggest attendance of the season so far for Barcerlona.,excitement,0.0878
"Firmino and Milner have gone into the penalty area, the defending done out there by Otamendi.",curiosity,0.0758
"Spotted the ball, Samir Nasri volunteering. David Silva involved, too.",excitement,0.1172
Juanfran actually started his career with Real Madrid.,realization,0.1438
[inaudible] And it was continued. [inaudible] in field maybe just overrun it?,curiosity,0.1846
"Well, it looks as though that patient approach had led to a real chance for an equaliser. It's Aguero's best chance. You think he's just going to feed it back into the far corner United switched off here. On the corner.",caring,0.0957
"And Blind is under some pressure, keeping the ball.",relief,0.1377
Marquinhos all in the penalty area.,realization,0.0657
From the Catalan midfielder.,realization,0.0899
You can see it there. He can't believe it.,confusion,0.1952
Willian started to find a third bit of space out there. Here's Bellerin.,caring,0.0792
Navas plays it short here to Silva and then whips it in. Milner was waiting for it.,excitement,0.1086
"It comes off, it's cool, composed defending. If it doesn't, it's a disaster. Another team that would want you to pass along the back, Liverpool, particularly at the edge of your own box. Cahill and Luiz will have to be careful.",caring,0.1038
Isco strikes the ball over towards Carvajal Chicharito.,excitement,0.1027
"Whose played 30 minutes on Saturday, since figuring in the African Cup of Nations final success for every coast two weeks ago.",approval,0.1148
I think you'd have to put that down as a mistake by Gamiero because he knows that Varane is a quick recoverer and just let him have the ball back.,confusion,0.079
This is bad news because Milan are down to 10 men.,sadness,0.2665
Navas fisses one through towards Aguero and almost found him.,excitement,0.1137
"Well, it's another example of.",curiosity,0.0977
"Payet's delivery. Now the counter attack being led by Matuidi, who just never seems to tire. Two against two.",anger,0.1162
"Inside to Marcelo, looking for the one-two doesn't quite come off.",disappointment,0.2405
"And there's a foul by Yaya Touré on Cuadrado, free kick to eventus. They've got three more games. Manchester City, if they do lose this one tonight before they go to Turin. But there is the ice on the calf.",annoyance,0.0719
"Really hasn't settled to the pace of it yet. As he often does, switch to left back.",nervousness,0.0715
"It's Lavezzi, saved by Mandanda. Ibrahimovic very nearly getting to the rebound.",excitement,0.097
Innovation that Bielsa has brought in a lot of. Individual marking going on.,curiosity,0.0965
Strong run again from the Argentine.,excitement,0.1346
Teeth gritted Fellaini Snapped away by Lovren.,anger,0.1016
Just a touch enough by Rakkitic,curiosity,0.0792
Support that they're getting in this bigger Anfield now.,approval,0.2445
Midfield job tonight into playmaking territory. Kroos. Ramos again.,realization,0.0708
There's no foul on Ozil. Here's Xhaka. Kieran Gibbs.,neutral,0.0977
Hernandez is at the bottom of the scuffle. He's got cramp on him.,anger,0.1158
"And they can enjoy themselves in the role of the underdog. As long as they stay in the game, of course.",relief,0.1197
"Behind Manchester City, but they've got more than just the championship on their minds at the moment. Awkward header by Otamendi.",confusion,0.0953
Their dangerous players are picking the ball up in this sort of defensive edge of the middle third. Mane and Coutinho.,excitement,0.1007
Alexis Sanchez takes over and Coquelin takes it away from him and then he's fouled. Another side really to be able able to get a period of controlled possession going at the start of the second half.,curiosity,0.0859
Look at these 68 minutes in total. And that player played today. To go.,curiosity,0.1301
"Watched our build up for the game you have heard Ryan Giggs, so first half is.",excitement,0.1125
Kompany winning the ball from Suarez. German referee giving the game every chance he's prepared to see.,excitement,0.1079
"Maybe ever so slightly distracted City can give them something to think about if- here's Messi, offside won't count. Bony hasn't really made an impact yet. Steared into Bony. Aguero. Still in the tie. Just. It was just a side foot down the middle.",curiosity,0.1134
And that just gives Bayern Munich a chance and pushes Suarez wider.,excitement,0.1036
"In from Ozil towards Mustafi, away by Kante.",disapproval,0.0606
"I think it's fair to say that Alessio Church, could.",approval,0.098
"The intensity of the game's just not dropped. Schweinsteiger Lewandowski. Bernat. Lost that, Bernat.",anger,0.1255
"Bonucci, the target here is Mandzukic. He's offside. Close that. Look. Close that.",disapproval,0.0797
Looks like the change is going to be made. [commentor] We haven't seen much of Santa Gazzola. He was injured in November and he came back on the last day of last season. Well.,curiosity,0.0816
"Griezmann . Koke, but started to come. And Varane.",sadness,0.1646
"Mignolet is certainly off his line and Aaron Ramsey spotted that but couldn't quite execute what would have been a spectacular opening goal for Arsenal. But it was on. But he also had to run through Walcott to consider there he just run off side, he'll be his angry look at Theo Walcott.",anger,0.1407
"Similar rash to the right back of Chelsea's going away from goal, not going anywhere, Eden hazard. Clyne didn't need to go to ground. Could it have the same consequences and certainly put pressure on if the delivery is right and Willian's usually is.",disappointment,0.0899
"Azpilicueta towards Fabregas, Montreal was back there for Arsenal. Now Xhaka, Ozil. Alexa Iwobi",anger,0.082
Even despite the high profile departures.,realization,0.0733
"Yeah, it was unlucky though. They shift the ball well. Clichy picks out Yaya Toure. Good control by him, as you say. Just couldn't get the contact when he spawned. Pulled it wide.",disappointment,0.0947
You don't want to see Martial at you a pace like this and you can do nothing about it. That is going in.,disapproval,0.145
There's a chance for Clyne to play down the outside there.,curiosity,0.0908
It's prodded in by Cristiano Ronaldo.,curiosity,0.0956
"One of the things that were said about Guardiola when comparing him to Heynckes, Gary was it the defense has a higher line.",curiosity,0.1208
"Too far out, for his liking. Marginally nearer than that one early in the match for Ibrahimovic. That he badly skied.",disappointment,0.105
Not the best idea from Jesus Navas but the whistle has gone to help Manchester United get out.,disapproval,0.0746
Distributed quickly here to Alexis Sanchez.,gratitude,0.0905
Barcelona governing the possession statistics so far.,realization,0.1138
"Five players forward there as well, Barcelona all full backs at the same time.",approval,0.0967
"Two games that Mane has been a part of, Liverpool have scored nine goals.",curiosity,0.0838
Varane and Borini tried to knock it across the face of the goal.,excitement,0.0796
"Matic did superbly. Well from absolutely no where, just say about Matic looking leggy and all of a sudden so poor from Liverpool, Jordan Henderson there to stop, not go with that run, Adam Lallana really is poor defending of course their own problems. It's good from Matic.",surprise,0.0911
"That's what it feels like to be a Chelsea supporter at the moment inside the Emirates. I think there's been a little bit of reality check for a couple of the managers, the high profile managers who have come into the Premier League in the sum of those three defeats on the trot for Mourinho, although he got back on track in grandstand against the Champions Leicester today and of course Conte's finding out as well that it might not be that straightforward to get. this Chelsea team straight back into title contention. Here's haka and now Cazorla.",desire,0.0817
"Appealing for a bit of shirt pulling, Godín.",desire,0.2352
Collapse in a heap Maccarone. Just inquires with the referee as to what the problem was that.,curiosity,0.1821
"Anyway, rather. Jolt of electricity through Matip.",excitement,0.2453
"A controlled start. Discipline, concentration. Rashford there going back to James Milner. It's not a 41-minute job. It's a 90 minute job and you have to keep going. Little bit tired and blowing.",caring,0.0803
"It's the first time we've seen Navas get himself into a crossing position so far, neatly done by Lallana to Firmino. Kompany with the challenge.",curiosity,0.1195
"Lovren again. Kick from Mané over the top of Monreal, not quite. Backing up Clyne and Firmino Liverpool fighting each other to get on the ball. They're so confident now.",excitement,0.1373
Think he will? Scott Gibala on the bench as great. In this not in this.,confusion,0.1582
That's that black eye that Lovren got.,anger,0.1306
"Particularly when you've had 19 previous red cards in your career. One of them was rescinded, though.",disappointment,0.1242
"From their last 32 home games in the Champions League, Barcelona have only been beaten once, but of course it was by Bayern.",approval,0.0907
"Three and the half minutes plus stoppage time. Now his words in his press conference before the game he mentioned before about the Premier League, he could never relax. Here's Moses",disappointment,0.129
They are talents on display from the visitors.,admiration,0.1399
Monreal now claiming handball a chance to take that first time and really go for goal.,excitement,0.1676
"He was just looking to players in behind Kompany towards Origi and the Belgium was able to reach it for City and Lalana with the challenge on Zabaleta and that's going to be a free kick. He's been keen to make tackles so far though hasn't he? Adam Lallana. He certainly has all his teammates as well. That's the point. Liverpool pressing the ball really well, they've won enough possession, back off city. It's been disappointing. Their creation and their last pass. Nothing's happening for them at the moment.",disappointment,0.1717
"Rafinha over there on the right hand side. You thought he would line up. Maybe that was always the tactic, or maybe he just changed it on the spot to try and shock them for 15 minutes. Who knows? It could have been a shock to the scoreline. Because",surprise,0.1649
Here's Pedro and now Matic.,realization,0.123
"Cuadrado and one for Morata to chase, he's given that Manchester City defence plenty to think about since he came on Alvaro Morata. It's Sterling. Big, big opportunity. To put City level not taken. And as I said as well, Ian, there was a.",caring,0.0842
tripped by Firmino,excitement,0.1018
See the number of. Blue shirts around Sadio Mane Anthony Taylor's letting everything go. Coutinho. Firmino. Can. Henderson. Now Clyne has got forward. Filled by Sturridge. Mane,nervousness,0.0735
Should be Oblak's and it is. Automatically the goalkeepers ball. This is this Isco.,realization,0.076
These 5th officials behind the goal have a lot. To answer for. That looks like Bony. They've got a two on one here. Raheem Sterling is one of. And its another imporant save by Buffon.,curiosity,0.0704
"Feeling the way into the game now, Athletico.",excitement,0.1616
"And of course, whether there's a bit of fitness issue there, no one will remember in the 56th minute of the game, what Mane did at the back post there to get back and stop what was a likely goal for Eden Hazard in so much space. So close to goal. It's brilliant work back from the wide player.",caring,0.1311
"Everything you see there, from Mane, the strength, the power, the skill and then the technique to control with his left foot and put that ball into the top corner, it sums up this last 15-20 minutes from Liverpool.",realization,0.1659
"Liverpool have the runners, not quite the right ball to suit them. It's Wijnaldum it's closest to. Lallana, Henderson.",disappointment,0.1004
Played by Cavani. Here's Pastore.,amusement,0.0833
"Can, Benteke. Otamendi didn't complete the tackle. Flanagan to Henderson.",curiosity,0.071
"Pochettino's sides exemplify work rate. They were outrun only four of the league games last season, but that did include both games against Liverpool. Just giving Christian Eriksen.",caring,0.1087
To make the the substitution Illara coming on. For Isco,caring,0.0903
More Champions League appearances to come with Barcelona.,realization,0.1088
Ménez and Bonaventura were linking on the edge of the area.,caring,0.0988
"Sheer will for Bony. Then, though Fletch, how isolated he is, she gets a flick up. But of course he can't do anything. Even if he could knock it down, there's nobody around him apart from the four to five black shirts.",confusion,0.0744
"Starting 11 so far bit surprising, but they are getting stronger in the game, that's for certain. Cesc Fabregas",surprise,0.4783
But he will have to change Pellegrini at half time and have to change the midfield setup.,confusion,0.0845
"As Lewandowski has it at his feet and he thinks if I get beat in there, I'm in trouble and just goes through the whole lot of it. You are not, getting past me.",confusion,0.0959
"I think he gets away from defenders Touré, Moreno, Donnelly, know where Ben Zimmer is, that he keeps that on target, he scores.",realization,0.0888
"This time it's the Liverpool fans, who berate the officials.",anger,0.2541
"Go so quickly and you have no chance, the goalkeeper. It slowed it down. Neymar.",disappointment,0.0885
And he gives you that place on the counter. Yeah. He did accept the and hand shake from Simeone. I think it would be a dangerous thing not to do that.,caring,0.1137
"So we've plenty of football coming up in the Champions League in midweek, Leicester against Porto, Leicester looking for back to back wins to start off the group campaign. That's Tuesday at 7:00, o'clock at the same time, Tottenham in Moscow against CSKA 7:00 o'clock on BT Sport 3 HD and the following night, Celtic against Manchester City, Wednesday from 7. Steve and I are going to be there to.",excitement,0.1226
"Nicolett Ducher the backup goalkeepers never played in the Champions League, although he has played in the last couple four PSG, including the.",curiosity,0.075
"To Manchester City. No Yaya Toure tonight we're told he's got a slight knock on his foot, hence why he's not in the side. The man who scored the winning penalty in the shootout on Sunday.",disapproval,0.0884
Good refereeing as Pogba went down to allow Rashford to go on.,caring,0.091
Combining and that is what you call a good substitution.,caring,0.1004
"Probably a take by Bernat, though, could be dropping the ball.",confusion,0.075
Jeremy Mathieu did make his name initially at Valencia as a left back used to alternate with Jordi Alba. For the course Barcelona players.,curiosity,0.0917
Gignac beaten in the air this time by Marquinhos.,disappointment,0.1095
Shots on goal hard to come by so far.,disappointment,0.1005
"It's been six yellow cards shown now, three for each side.",realization,0.0878
"Neat possession football from City, but where can they take it?",curiosity,0.2624
"Cavani at the other end finds Ibrahimovic, who gets away from More options in the middle for Ibrahimovic. He's gone down now. Penalty shouts at both ends.",disappointment,0.0969
Three goals in 13 minutes. It has been.,realization,0.2181
Here;s Boateng finding himself in The left back position pushed on.,realization,0.1163
Make sure to help Milner. Too long for Wijnaldum at this stage.,caring,0.0863
"So Lallana, to take the free kick, turning to wipe some of the smiles off Real Madrid faces.",amusement,0.1185
"Here's Costa again, Lahm.",annoyance,0.0942
"Sterling, now battling with his former teammate Henderson, and that's a Liverpool throw.",anger,0.1586
"Mandzukic won the header/ A bit of miscue by Yaya Toure and it's alive. Look at that from Dybala. Whistle had already gone, but it was a lovely volley from him.",excitement,0.1086
And then minutes opportunity for Milan. Sepe again.,curiosity,0.0666
Very well. Silva. Darmian.,approval,0.0762
Kroos. Modric.,pride,0.0879
"You may as well though, Glenn, on a night like this because with the blustery conditions he's going to make it hard for the goalkeepers. Yeah, you're right though. I think he's got a bit more conviction about his shot there. I think it was a shot for shot. So I think this is Hederson there, just with a nice little nutmeg. But it's that type of thing Liverpool are doing. It's a nice pass. Nice bit of skill, but it's the end product. There's no end product at the moment for Liverpool.",caring,0.0803
All fancy up running on that Liverpool defence.,excitement,0.2836
"Here's Ngolo Knate, who made the most tackles in the Premier League with Leicester last season, intercepted the most passes as well.",curiosity,0.094
"Well, let's hope that Kevin De Bruyne, Nick can ignite Manchester City again.",excitement,0.1045
"Possibilities now, though, for Marseille who were quickly dispossessed. By Matuidi.",curiosity,0.1245
"People are not bothered in the end like now he looks fine, looks as if it was just that little knock on his ankle.",annoyance,0.1039
From his point of view it would be better than the first one. They lost that.,disappointment,0.2066
It's a Chance For a derby debut. What's up?,curiosity,0.2422
Modric. So much of this is about concentration for Liverpool. Marcello.,pride,0.0771
Laurent Blanc can't believe he didn't find the back of the net.,disappointment,0.1167
"Put the such specialist positions the energy required to be such a good defenders, incredible endurance, good attacking. Not say obvious.",admiration,0.0811
Benjamin Mendy. Payet Dja Djédjé,curiosity,0.0727
"The return of Lucas Moura, who's been absent for most of the last couple of months after hip muscle problem required an operation, didn't come on as a substitute for the weekend in the League Cup final success.",approval,0.0906
"Can to Milner and swept out first time here to Lallana, defending for Sterling to do, Flanagan supporting. Liverpool with plenty forward and Lallana on side and with some time in space to float one in. Liverpool, have to settle for the corner but they just switched off a little bit. They did at the back Manchester City. They played that high line. Look, they're all try coming out and they hold that 18 yard line. Lallana is just probably maybe just off sides. Once you get in there, you gotta pick a red shirt out.",caring,0.0927
Manchester United trying to load a third consecutive Premier League defeat here. A good start in that respect. Mata,excitement,0.0815
"Had he Ian Rush, David Platt, Liam Brady and the Great John Charles still a legend in these parts of the late Great John Charles the Welshman picture on the walls even at the new stadium.",excitement,0.1188
There are two over the corner. Can’t see for a moment.,confusion,0.262
"Starting this, join the pack there.",realization,0.1204
" [inaudible]Busquets. [inaudible] Barcelona they do push up with the ball, sits at the pitch with them. As a result. Cavani doesn't get back on side. A little bit of play. To run through for him Pastore.",curiosity,0.0647
Liverpool still have a reasonable chance of qualifying. And they should. They lose.,disappointment,0.1785
We're going to see the Champions League debut for Wilfred Bony.,excitement,0.1176
"If his reign does come to an end the year before initial contract is completed. I would say he's forced into it with injuries, but.",curiosity,0.0885
Just look at these scenes in the velodrome.,curiosity,0.2204
He's firrst Manchester derby. What a start for him.,excitement,0.2039
Long for his side. Taken the shot [inaudible] hits it wide to Ménez,caring,0.0658
Around the magical work of Messi again setting up Neymar.,excitement,0.1205
"Again, new interpretation of the the laws this season. It's exactly the kind of incident that you would expect a penalty to be given for now. Henderson with the corner. Away by Alderweireld",confusion,0.0959
His solo goal at Old Trafford in the Europa League. Henderson.,excitement,0.0696
"Liverpool now have started brightly. Here's Firmino and now Lallana. Origi, the target in the middle.",excitement,0.2305
"It's a foul away from Anthony Taylor who's been right on the spot for all the decision he's given up to this point and Jurgen Klopp was a much closer observer. I was looking at him. I think he may have been blocked. He was looking towards his assistant referee. For the decision, that was the delay.",confusion,0.089
City just hoping to get the chance in these last five minutes to land one more punch.,desire,0.1836
"They just do this and cause themselves problems all the time, what a pass that is. Ivanovic has given it away this time Walcott couldn't control it. From Chelsea's perspective, it was a good job that Matic waw stood where he was and that goal, by the way, that Alexis Sanchez has scored is the first one that he's got here since April. A lot of his goals have been away from home so far this season and there's a foul by Koscielny on Diego Costas. That's Clever play from Costa. He has a little glance over his shoulder and knows Koscielny is coming and just takes a little nudge. And falls to the ground. Hazard challenged fairly by Coquelin. Now Iwobi",annoyance,0.0787
Ibrahimovic  Matip needed a bit of help there. Henderson. Cleared the lines precisely Real Push in the back of Clyne by Young. Clyne gets a tackle in on young. Here's Herrera. Herrera's ball. It's a gift from Herrera,caring,0.1365
Iniesta is starved to the ball in the second half. Lucas hits it early. Ibrahimović been leaning offside.,desire,0.183
Sergio Aguero and Navas. Clyne away.,annoyance,0.0734
Kolo Toure plays it up here towards Firmino.,approval,0.0787
"I mean, you'll give it a go because he's a bright lad. Then he'll get better at it. But I'd love to see him more higher up the pitch getting him behind teams because he's got super pace.",desire,0.1291
Firmino has run the long way round and has won a penalty.,caring,0.0811
No running behind and no real aerial threats and Chambers and Holding.,neutral,0.1464
"It's this are that worries me. They're so slow. Chelsea. He pass it across the back, but not going anywhere. But mostly Ivanovic is in a deep position. Both their full backs don't push up to give the wingers problemsm winners problems and it allows them to press. Here's Bellerin, hee could get goal side here of Azpilicueta and try and tee up Mesut Ozil",annoyance,0.108
Rachitic. Dzekos missed it because gets his there and Clichy gets a second bite at it.,annoyance,0.0998
"United doing everything they should. They are playing in Liverpool's half of the pitch, the putting the ball forward from David De Gea",excitement,0.1118
Fernando beaten to it there by Lallana and now Roberto Firmino.,disappointment,0.1613
68 seconds from the penalty failure to the scoring shot.,disappointment,0.1312
"The goal came at a time when Manchester City, were in their best spell of the night. Here's Sterling",optimism,0.0993
There is Enrique acting again too. Make a change.,annoyance,0.0904
"Fernandinho out towards Navas, who just got there ahead of Clyne away by Lovren.",curiosity,0.0712
"Already seeing the Nathaniel Clyne well forward. The way Liverpool like to play, with both fullbacks advancing. You know, James Milner will probably still think of himself as a bit of a stopgap but.",caring,0.0916
Running straight into trouble was Dani Alves who apologises to those who were making tracks either side of him.,embarrassment,0.154
Ball to Hazard to start from deep. .Azpilicueta Good challenge from the Matip,excitement,0.1488
And he knows Tony Kroos. They were together at Bayern Munich for a while. Varane change his gear again. Kroos.,realization,0.0862
Sirigu down. A big test with David Luiz' hamstring. That's what I was thinking is usually charging into that far corner and he's come through that. Was injured. Once he got there.,excitement,0.0873
"It's a pretty tough season with Bolton, it must be said. He shot. Here he is.",sadness,0.1001
"Now Yaya Touré, Fernandinho, Kolarov.",excitement,0.0976
"When he's fit, give him that bit more drive from the middle of the pitch, but he's certainly more than capable of playing the holding role Wanyama. He's a big, strong boy. Spots danger and protects the ball well.",caring,0.1167
"Much has been made of Sturridge as well, but that last chance that Mane had as he's coming off the right hand side is exactly what Jurgen Klopp wants to see Sturridge do more on. I don't think Firmino gives you. Anything other than a bit more endeavour",desire,0.1597
"From the long term future as far as Spurs are concerned, of course they have another game for a fortnight because the international break. Here's Eriksen. Looking for Janssen",caring,0.1087
"Now Hernanes this space towards the left for Evra. Instead, it stays narrow with Pogba.",curiosity,0.0629
"Rotate the players around to try and accommodate Gareth Bale in the second half, but it will require a change of tactics.",caring,0.0842
"And finally, parsley away by Casillas . Koke. Couldn't hit the target on the follow up. You know, worrying moments.",nervousness,0.1605
Here's the pace from Lingard looking for Rashford.,desire,0.0977
"And they will love the fact that David Silva's, dropping so deep to receive the ball.",admiration,0.1412
It's 0-0 here with 10 minutes to go to halftime. What I've seen with Liverpool putting two of the best performances I've seen.,approval,0.1153
It's the busiest he's been 26 minutes in.,annoyance,0.1
"Oh, the second game, which you can see with us on Sky Sports a week tonight.",excitement,0.101
We're coming up for you on skysports. Just over a week's time. We're back here for the EFL Cup.,caring,0.101
Puts the fear into the opposition's back four. Good to see him back.,nervousness,0.1977
"Rakitic just passed through quickly, Xavi just an inch away from Messi.",realization,0.0733
"Suddenly PSG a little late in the day, giving themselves a bit of renewed hope. I was going to say it just feels a little late, but we will be pushing stoppage time. ",optimism,0.3415
Essien. 3-4. Play too many.,realization,0.0736
"Pogba, Herrera again. Loss of concentration from Marcus Rashford. United looking really comfortable in the middle of the park and they are switching play.",disappointment,0.1304
The reason for Milner's inclusion.,realization,0.2167
It's a very questioning finger wag at the.,curiosity,0.3407
"They are staying really tight and narrow this Manchester United back four, allowing Yound and Rashford both you see there at the top and bottom of the pitch. It's almost as if it's a back six back seven now with Fellaini. Here's Coutinho.",confusion,0.0904
Destro probably his first goal since moving from. Roma.,excitement,0.1003
Great save by by Joe Hart.,admiration,0.1263
And then you squeeze up and then you squeeze up and help Costa. Exactly. The game is so open there for Arsenal to win the ball when they go long.,caring,0.1753
"Lauent Blanc and Luis Enrique, two former playing colleagues at Barcelona. Enrique is the man who.",caring,0.0738
Varane. It's a fantastic pass and Benzema.,excitement,0.096
Rashford keeps running to make sure it's not straightforward for Mangala.,nervousness,0.1225
Only ever once reached the semifinals of the Champions League. It was 20 years ago and they did it by overcoming Barcelona in a quarterfinal.,approval,0.1054
Juventus gets the degree as David Silva was looking to get the 2nd. [commenter]The set kept them in the game. Lovely.,admiration,0.1125
More than any of their Premier League rivals.,realization,0.1346
"He was in the Brazil side that succeeded in the USA 1994. His Rakitic trying to succeed in Barcelona tonight, backed up by Messi, runs for Suarez and the slip Neymar in Suarez again. Rakitic",excitement,0.102
"Here's James Milner, who has very much in store in his locker and Marcus Rashford roaring into him and Anthony Taylor's got an early decision to make here, but I think if you're united, there's no doubt, Jose Mourinho, some of his best performances at this ground of where he's been disruptive, where he's broken up the game, given fouls away. He goes a little bit too far there,Marcus Rashford, you'll not get away with another one.",excitement,0.1724
It was fairly much solid performance.,realization,0.1176
"Manchester City, forcing one or two errors.",annoyance,0.0985
"Athletico pressing a bit higher this time. Well, that's been a message from Simeone with all that semaphore.",excitement,0.1423
Clichy spread it wide to Bacary Sagna.,excitement,0.0902
Good ball by Isco 2 targets waiting for it as well.,excitement,0.1717
Here's Philippe Coutinho. A little bit of a surprise tonight that he was left out by Jurgen Klopp. He scored in five of the six matches that he's played against Manchester City as a Liverpool player. Cluding the winner here last season.,surprise,0.3525
"Brought down neatly by James combined with Sergio Ramos, he finds Carvajal Isco to James Isco Isco Shot blocked by Mbia. Kroos",disappointment,0.1275
He was walking 10 foot tall after that early goal.,realization,0.1015
"As long as they keep fizzing it around, as long as it's quick, well, a draw's a great result for them here, isn't it? Final game.",excitement,0.1733
Otamendi was the defender who just stepped up a little bit. Liverpool get the corner though.,curiosity,0.0859
"Markovitch, the Brazilian.",realization,0.0765
"Some good moments in the first half, but he needs to be part of a more concerted Liverpool attacking policy. Maybe Brendan Rodgers. Brendan Rodgers will be able to encourage his team to do that. More particularly if it stays at just a one nil.",optimism,0.1117
"Destro wins the head but he's the lone striker, so no one to pick up the pieces. Tavano. Maccarone.",excitement,0.0792
"Manchester City against Dynamo Kiev, Tuesday the 15th of March, sitting with the 3-1 lead from the first leg in Kiev, 7:00 o'clock the build up starts on BT Sport Europe HD as well.",approval,0.0942
Barcelona now have the luxury just taking some of the steam out of the game.,relief,0.1813
"Liverpool just getting there slightly slower, aren't they? When they came out the tracks for 30 minutes and everyone was getting people's heads down every time City player had a ball, they were put under immense pressure. Now they're just buying a little bit of time for themselves. Here's Henderson.",excitement,0.0902
What they do with it. Do they penetrate? Do they create chances for crosses and shots?,curiosity,0.4135
"Buffon by the way, he's playing his 101st Champions League match tonight and seems to have been in goal forever. Juventus recently celebrating his 20th anniversary since his debut in Serie A and in no fewer than nine of those years he's been voted the Serie A goalkeeper of the Year.",excitement,0.1645
Overhit. Iker Casillas continues to hold down his place here.,disappointment,0.1208
Firmino. Closed down by Valencia. Needed bit of help in the end.,relief,0.0814
Karius wass trying to get. Sturridge away with a long clearance through the middle. Back conme United again.,nervousness,0.0924
He looks like he's going to be the next man sent on by Antonio Conte.,excitement,0.0964
"Valdifiori and Zieliński. He just pulled away by his manager. Valdifiori. Rugani at the back post, he's just all over the the back of Paletti. Free kick is given.",excitement,0.1072
Clichy on the move. And Flanagan with the footing.,excitement,0.1326
"He's got a wonderful, phlegmatic temperament. Job where. Life can be very topsy turvy.",realization,0.0888
Another corner. Again only for Alderweireld. Away by Matip.,annoyance,0.1006
To really find further forward but get numbers up now. Markovic .,curiosity,0.1021
Poli just overrun that he's.  Error.,confusion,0.1631
Iwobi had made the run and Alonso in there for his first touch. Had a few seasons at Bolton. He was at Fiorentina last season.,excitement,0.0921
This has been some second half performance from Paris Saint Germain so far.,realization,0.0884
They might have to do that Liverpool to break the game open. Those second balls in midfield. Herrera and Fellaini.,excitement,0.0987
Continues City's recent struggles away from home. It could be two wins in the last 10 away matches.,disappointment,0.1165
Understand it could be Harry Kane that is withdrawn for Onomah. Milner.,sadness,0.1082
And it's comfortable for For David De Gea. It was a poor delivery.,relief,0.0875
"Barcelona corner probably go back to the halfway line again. And certainly won't be rushing to take it, that's for sure.",nervousness,0.0919
"Here's Lamela again. That's the kind of scoop ahead torwards Alli, and he's found Loveren.",excitement,0.0863
Dani Alves can replace it right back by his fellow Brazilian international Andriana Dani Alves.,realization,0.0829
"The title race in the Premier League is turning into a heavyweight bout as well, isn't it? Here's Lallana, good feet by Lallana. He's got options as well and t's the third goal that might well kill off Manchester City and it's Roberto Firmino.",excitement,0.1157
Ronaldo. His head. Here's in Javier Hernandez. The ball is in. Eventually.,excitement,0.1216
"Clyne just a little bit late to get there. All that, Hazard beat him too.",anger,0.096
Fernandinho to Aguero and then to David Silva.,admiration,0.06
"All the components there, outstanding individuals.",admiration,0.1673
Liverpool started last season one nil win at Stoke.,realization,0.0994
But it's so gripping because.,excitement,0.1498
Here's Matic. And now Azpilicueta. Nemanja Matic,realization,0.11
De Bruyne losing his foot at the vital moment.,nervousness,0.0909
 Suarez moves into the flow of things. Busquets sprays the ball wide. Neymar. Trying to find a new shift space.,excitement,0.1289
"Played this formation many, many times before, won't be a problem for the Juve defence.",approval,0.091
"The bus line remained stretched for the first time all night. Really good play from Jaco. Didn't do that once in the first half, laid the ball off and he pointed into the corner. Said put it round the back of the full back. I'll chase it and he did.",excitement,0.108
Trying to find Lamela in behind Milner.,curiosity,0.1107
"Not quite started as he would have liked, although Brendan Rodgers will feel from that Mignolet saved from James Rodriguez.",disappointment,0.1083
"For two unwise challenges, really one of the.",curiosity,0.0998
"Confirmation, incidentally, that Kyle Walker is struggling with sickness, which is why he has been replaced. Here's Clyne.",realization,0.289
Out to Azpilicueta and the Spaniard couldn't deal with it from the Brazilian.,annoyance,0.091
"You expect them to, don't you know? They like to keep the ball, but it's.",confusion,0.157
"That's done David Luiz, but it's fantastic. And Suarez, the space in midfield is enormous.",excitement,0.115
You've got to play with a bit more ambition to get corners.,desire,0.1929
Firmino didn't control. Pogba was trying to turn on the power then. He's got plenty of that. Henderson did well.,excitement,0.0811
"Azpilicueta got his head to that one, David Luiz, able to keep it in.",curiosity,0.0935
Modric in the way. Good work by Lallana to over the ball.,approval,0.1768
Firmino through the middle here and Coutinho trying to take it up and go on for Liverpool. Further away with pace by Marcus Rashford.,curiosity,0.0872
"Henderson outwards Milner, just can't quite reach it.",confusion,0.2274
"Given the ball away here now, how quick are they on the break? It's coman.",confusion,0.1524
Pressure there from Fernandinho on Emry Can.,nervousness,0.0864
"Fletch, they've had the ball in this area for the last two minutes. They haven't gone forward.",annoyance,0.1017
Flanagan knew what he was going to do. Kolo Toure was there to help out as well.,caring,0.1486
There won't b many more attacks in this first half of the script is all. Iniesta Neymar.,anger,0.0793
With Silva onto Aguero and stamped away by Clyne.,excitement,0.103
"Edinson Cavani, the first player in trouble.",embarrassment,0.1054
Montoya. It's Messi.,confusion,0.2087
Just a little bit too much on that ball. Sevilla,annoyance,0.0811
"Here's Piqué. Now Rakitic, this is Busquets.",annoyance,0.079
Nice change of direction by James Rodriguez. Benzema hairing through the middle.,surprise,0.1085
"Ever present not of course, in the Premier League years.",confusion,0.0795
Two victories for Empoli that's actually the only two victories that Empoli have ever had over Milan. Valdifiori just gets it wrong.,confusion,0.098
"With a free kick here again, the card has stayed in the referee's pocket.",caring,0.0904
Where to find a red and black shirt Bonaventura cuts. It's maybe struck an arm. No protests. Andrea Poli. Good footwork from Poli. Provide some assistance. Honda.,caring,0.1053
"That will lead to attacking mistakes as well as defensive lapses, I think talking probably about Schweinsteiger and Alonso are two who will feel this most in midfield for Bayern Munich, the amount of effort they put into the game.",disappointment,0.1087
Throwing corn rather than an offside decision that could change the game.,curiosity,0.0722
So it's going to drift towards that top corner. It's good keeping.,caring,0.1287
"Of the contacts that the match is in, not just because it's the Derby.",realization,0.1113
Here's Kevin Devine over by the Manchester City fans who've travelled.,excitement,0.0799
Fans there are furious about it. He thought he was offside and stopped.,anger,0.3542
"Paul Scholes scoring in the Premier League, Manchester Derbies, have come from Salford, quite in tune with the locality to know whether that counts as Manchester or not, probably not very proud of.",curiosity,0.0791
"I think that game at the Etihad earlier in the season just go for the indication, Glenn, that if they can develop the way that he wants them to, that's the kind of form and the kind of football that Liverpool fans can look forward to seeing. It's the best they've played all season now Sharp and they caught city out city hold that 18 yard line and on the day.",desire,0.111
"He may be thinking Messi's going to set it around the defender, he pulls it back and drags it towards his near post and catches the goalkeeper out.",confusion,0.1315
Get the ball over the wall but under the crossbar.,excitement,0.0953
"Probably coming into both of them are slight underdogs, and in that feeling about this one, we've seen some hot words from Liverpool in terms of ambition.",desire,0.1193
PSG level once more through Marquinhos.,realization,0.0927
A draw would be good for them and guarantee them top spot in this group when the draw is made.,caring,0.1366
 So was the head of. Dzeko her again. Piqué up above him. Nasri.,excitement,0.1837
"Here's Willian, and he's going to be coming off in a second or two. As is this man, we think Eden Hazard.",nervousness,0.0733
"You wonder whether, always Neuer, will he get beat at the near post? You don't think of him being beaten there, but the pace of the ball's past him.",curiosity,0.3696
Sevilla 1-3 Real Madrid. Sevilla one Cristiano Ronaldo 3.,realization,0.0849
He's been in goal scoring form as well since that trip to London.,realization,0.1129
"An infringement and it's a free kick to Manchester City. He says. ""Who, me?""",confusion,0.164
Here's Ronaldo. Isco reckoning Marcelo forward.,curiosity,0.1001
It really is perfect. Opportunity is he watching the ball? He's watching them. He's watching the challenge. He must think it's fine. He must think it's fine. He certainly doesn't think it's fine. Just to give you an idea of the layout of where the cameras are at the stadium here tonight. The camera that showed the first view of that is literally over the shoulder of the fifth official. And he goes here towards Mandžukić and then laid back to Morata and Sturaro saved by Joe Hart.,caring,0.1003
"Can, looking to thread it through towards Adam Lallana. It was Kompany back there for Manchester City and then Sterling finds himself a little bit boxed in but unable to wriggle away.",confusion,0.1061
Costa wants a shot and it had plenty on it as well.,desire,0.2644
"Partially stopped in his tracks by Sturaro, then Kolarov runs into Cuadrado and City get crammed.",nervousness,0.0937
"Toure, still down injured. We shouldn't be talking about the early, nearly, and we should be talking about goal, goal, goal. He should have buried that.",disappointment,0.116
Coquelin Now Walcott.,realization,0.0747
Gámez always looking infield with his left foot from that right hand side but.,curiosity,0.1134
Arsenal has had to put in a lot of effort to try and get back in the game.,caring,0.0862
You get the right delivering to get people attacking the ball. You can cause problems.,realization,0.0897
"Can just felt how strong, even if this was. Dismissive, wasn't it? Here's Rashford. Quick by Ander Herrera. And then by Fellaini. They work right to left. Blind.",disapproval,0.2297
"Raising their industry as well, encouraged by the goal.",realization,0.1397
"Telling statistic was that all that play garnered only 5 attempts on target. Yeah, and some of those were from long range. It was a brilliant defensive display from Burnley that.",caring,0.1077
This time Debuchy hacks it gracefully behind the goal.,excitement,0.0971
"And Madrid are very confident, understandably so, but.",pride,0.1904
"Matic again. Azpilicueta waiting on the left, Willian on the right can't get to him.",nervousness,0.0987
"Away from home, expect to be under some pressure. Chelsea will surely be better in the second half.",nervousness,0.1251
"Mandžukić on through the metal, but the ball's not coming his way.",confusion,0.1162
Paletta Has pulled up so.,realization,0.0849
Dogged work from Milner. Away from Lovren.,disapproval,0.0682
Millionaires playground. The speed of the game is absolutely sensational.,excitement,0.3392
Gets an early touch. It was all about the fast start when Liverpool blew Manchester City away at the Etihad earlier in the season. Three goals inside the opening 32 minutes made all the difference that night with an extremely fluid counterattacking display then.,excitement,0.1578
City would have to have more points at the end of the day.,realization,0.1164
But is this the breakthrough moment for Real Madrid? James Rodriguez. Teased this a little bit in the end. Didn't quite get his boot.,curiosity,0.1482
"Just ahead of the play, as the ball was knocked forward.",excitement,0.1455
"For Milan. Well, the clearance of Lopez is given straight away and Tavano.",approval,0.074
Milner to Clichy. It was a dreadful cross from very good position. And they'll be really disappointed with himself there in a good position. Time to look up.,disappointment,0.2756
"Joe Hart got to do a little bit better, but look at that for a ball from Milner. First time into that little pocket Lallana put inside on his left foot.",curiosity,0.121
Kompany finds Fernando and now Otamendi inside the last five minutes.,realization,0.0744
"Broken up very easily. Then we get on Sunday. We've got Spurs against Chelsea in the Premier League, not our usual Saturday lunchtime spot. It is Sunday. We're on the 11:15 on BT Sport one with that big game.",remorse,0.0778
Marcelo giving up the last few minutes for Arbeloa.,disappointment,0.145
"Yaya just needs to be a bit quicker. It's a lovely ball by Demichelis. As you were right, but Yaya had too many touches on allowed Juventus shirts to get behind him defensively. Just close the space down for the Manchester City forwards.",caring,0.1002
"Incidentally, those it's it's a third yellow card that gets you into trouble. It's not the case for Pepe. And if you are not to serve a suspension in the next game like Raúl García is, the others are all wiped out. The.",embarrassment,0.1358
"They've got a real problem scoring goals away from home in the Premier League so far this season. Manchester City 13, they've managed in 12 games, but they've got to find 3 at least to get anything from this one tonight.",annoyance,0.0894
"And then Fernando tried to do a little bit too much. Here's Milner. Milner hit one from there straight to Clichy, and then away by Kompany Liverpool have it back again. Space here for Jordan Henderson, Origi. Firmino.",caring,0.0727
"You could always say yes, but I think that the state of play before the game. I think that expecting that Liverpool are gonna fly out of the blocks.",confusion,0.0943
"And then come here at the beginning of the season online from Manchester United, only his 2nd of this calendar year. Yeah. And he's not really.",caring,0.0789
"Willian. They can counter attack now, Liverpool. You are right, brick by brick. I thought the most dangerous Chelsea looked in the first half was from set pieces and that in itself as a tactic wouldn't be a bad thing in the second half to try and win as many as they can.",realization,0.1024
Just the [inaudible] as well to get back.,confusion,0.1168
In what could be his final campaign in the competition?,curiosity,0.4435
It's a rare blip in the qualification stakes.,surprise,0.1294
"Two has to be interchangeable here. Is Messi. Can't pin him down to any position. Can you? No, you can't. He moves- his movement so good. So is Neymar and Suarez. Suarez stepping over the ball.",confusion,0.1973
Milan have struggled so far today they've been. Played. [inaudible]outcoached. People Inzaghi.,disappointment,0.2062
Which for me news.,surprise,0.2488
Marseille we'll be kicking themselves. They were in the lead. For just five minutes.,excitement,0.1065
Always coming back and making sure that Mane couldn't get any further.,annoyance,0.0844
I was just talking about nutmegs. I think Marcus Rashford has just turned one on Demichelis here. He's certainly left him on his backside.,excitement,0.1369
"It's not a good ground for them here. They haven't won a Anfield in 12 tries, 8 defeats in that sequence, and if you stretch it further back, it's two wins in 47 visits to Anfield back to 1956.",disappointment,0.3088
But Liverpool believe they can get something from this. Holding operation for.,curiosity,0.0839
That wasn't the strongest Barcelona side put before them. You can only beat whose put before you.,disappointment,0.1
"Well, it's obviously. A lot of controversy.",confusion,0.2285
Pepe and Sergio Ramos. Have a long charge sheet. And the years.,realization,0.0806
"Ramsey did well under some pressure. Not so well that time. Alexis Sanchez. He's come back to London, Copa America winner again.",disappointment,0.0921
Liverpool will be happy just to move up the field here and and slow the game down slightly.,desire,0.1694
We're coming up for you on skysports. Just over a week's time. We're back here for the EFL Cup.,caring,0.101
"Given the benefit of the doubt, I think he kicked the floor.",curiosity,0.0956
A lot of interest there haven't seen too much of it. Planning for this famous club? Kroos. Varane.,curiosity,0.3305
Mané Hit back by Walcott. That move was Coquelin,excitement,0.0924
"Still to be had, we've seen quite a few during the course of the 70 odd minutes we've had here at Anfield so far tonight. Here's Clyne",curiosity,0.0989
Markovic. Had.,realization,0.1174
"Mangala,Demichelis as well. Swing from. Yaya Toure that could have gone anywhere. Manchester United were all back.",excitement,0.1805
Lavezzi is the man who has the responsibility of delivering for him while the flag have gone up anyway.,desire,0.0712
Rodriguez a bit slow to pick himself up.,nervousness,0.0922
"Both teams have had, well, kind of half opportunities really. the clearest 1, maybe Aleix Vidal for Sevilla and Cristiano Ronaldo for Real Madrid.",desire,0.0874
"Navas looks like some changes might be fairly imminent. We should see. It looks like it, Ian, and it looks on both teams. Morata is warm up for them. He's been stripped off.",excitement,0.1207
"He is close to fitness as well and could be in contention for that game, not Kompany though, Nasri's long term.",caring,0.0953
"The free kick was completely wasted, though straight into an isolated Diego Costa. Now Cazorla. Ozil.",excitement,0.0654
Sergio Aguero and Navas. Clyne away.,annoyance,0.0734
Pepe. Hernandez.,approval,0.0731
Clearance from Gary Cahill isn't good enough. It's one touch and it's absolutely brilliant.,caring,0.0904
"Keeping it on your right foot makes it a bit more predictable, but still a good move from Liverpool. Recovered well since the. Goal for Spurs.",caring,0.1102
I think that pair is interchangeable between Martial and Rushford. Mata Here comes Clichy Touch from Aguero.,confusion,0.2017
"For the arrival of VincenT Janssen has given Pochettino a conundrum, playing Janssen and Kane is 2 strikers together and at 442 doesn't fit the Tottenham memo. Kane has been playing as the the more withdrawn of the two. Alli, of course, missed out last week because he was ill, which made the decision team selection that little bit easier to Pochettino. But how does he best incorporate all of his attacking options? Well, I think it's hard when a new player comes to know for sure how he's going to.",confusion,0.2611
Clichy. An hour gone here at the Etihad.,nervousness,0.0678
"A major problem, just wonder whether or not look at stayed on his feet there. He's unsure about keeping the ball in place. We settled for the free kick.",curiosity,0.2345
"They have just been caught open. Really, really easy. See Hazard here bottom of the picture, Azpilicueta goes in to follow Theo Walcott, look at Hazard. Where's the danger? Oh Oh. Too late. Too late.",confusion,0.0824
"And then Fernando tried to do a little bit too much. Here's Milner. Milner hit one from there straight to Clichy, and then away by Kompany Liverpool have it back again. Space here for Jordan Henderson, Origi. Firmino.",caring,0.0727
Here's Ivanovic It's never looked like a nil nil.,confusion,0.1013
Most of the support was to his left. He had to wait there for Flanagan to join in.,approval,0.1183
"Ronaldo staying for the moment, more on the left, trying to get the ball, I think, and he has done once or twice on this side.",curiosity,0.0897
Rakitic and Suarez really have been the fresh dimensions.,realization,0.2661
Out by Azpilicueta. I think you're right. That's Jurgen Klopp would be thinking as well. At the end of the goal.,realization,0.0913
"Gareth Southgate alongside him will be checking the likes of Rob Holding, that's for sure under 21s.",curiosity,0.1049
Barcelona. Favoured to.,approval,0.1373
3 around David De Gea Out by,excitement,0.0599
Neymar.  Iniesta.,realization,0.12
Part of the thinking and Gareth Bale is back. The missing 5. Games. Muscle injury. In the buttock area.,confusion,0.0889
"Now the reaction first to the touch from Sterling and then the Flanagan challenge told a lot about what he can expect this evening. Yeah, and that's exactly what you want from the home team. The home supporters wanted this.",desire,0.2127
Are in Real's favour 2/3 of the side which have drawn.,approval,0.1649
[commentor] Xhaka still waiting for his Premier League debut from here. Replaces Elneny with Xhaka. There's a young player of great pedigree. Wonderful [inaudible] Switzerland.,excitement,0.1102
Bring a good game. Pogba shakes off Fernando across the face of goal is a miscue. Ohh my goodness me Clichy there. Real heart in mouth moment for him.,confusion,0.0847
"A couple of football skills, some very tough characters out there, really strong leaders. Thiago.",admiration,0.0914
"That's the problem. You defensive shape and you win the ball back when you're not in perfect attacking shape. It allows Barcelona to press on, you, win it back early. In the hands of them again. This is Alba.",annoyance,0.0719
"De Bruyne, Toure?",curiosity,0.1686
"Again, Vorm having to make the save here. It took a deflection on the way through and the ball has gone over the line for a corner.",caring,0.0683
"At the Emirates. Giroud with an early effort, he did score early the last time the last stop won in this stadium. The only time they've won here.",excitement,0.1052
"Suarez, Messi. Pique joins the attack.",confusion,0.1086
Cleared by Matip Lallana.,approval,0.1129
Thiago. Flag stayed down.,disapproval,0.1148
Milner. Firmino.,approval,0.0869
Clyne able to get the ball forward and Rose will mop up at the back.,caring,0.1072
"25 to go, no question that PSG are looking more likely to score the next goal.",optimism,0.1356
These two clubs we're watching are playing for the Pride of Group F.,pride,0.1944
"I suppose that's the difference with Lallana or Wijnaldum. They would be on the half turn. They've got the turn. Yeah, they would be on the half turn and they would switch the play. I said before the game Liverpool aren't predictable, but they more predictable tonight with the changes that they've made, we've seen evidence of that in this first half an hour. He might get ne hee. Ibrahimovic Not fouling for the first time. He's not looking at the referee.",confusion,0.0814
He followed him and it was too late. 5 yards ahead of him.,excitement,0.0999
"He's pulled Matip down. I thought the referee given a penalty, unless he saw Matip pulling him first, but all I saw was Vertonghen pulling him. He's got away with one there. It's a penalty. Why he's not giving it, I don't know.",confusion,0.2351
4 minutes to go. Plus you'd imagine the standard three added on.,caring,0.1221
Lallana managed to work himself out of a tight spot.,realization,0.0759
They have found it hard Manchester City to win games here at the Etihad in the Champions League. They've lost four of their last eight on this pitch.,disappointment,0.1427
Vertonghen frustrated he couldn't quite squeeze it through for the strike partnership ahead of him.,annoyance,0.1894
"Although Liverpool have been impressive with the ball, because they're hunting and pressing together that has been outstanding tonight. That really has they've put City under pressure every single moment and they're rotation in midfield. It doesn't matter about positions. Milner is out here on the left, Lallana is out on the right this time. They've really covered each other and they're pressing is really, really been outstanding and keep winning possession in the middle of the pitch and like this and they can break on City.",caring,0.1038
Fires it in cleared Varane,disapproval,0.1255
It's not so much as a poor final ball. It's a very good defensive setup that they're trying to penetrate.,caring,0.0938
Rabiot was the one who intervened and gets it back from Lavezzi. Pastore.,desire,0.0649
You need long ball forward from Sevilla's gonna be in the area back here because there's not really anybody else there.,desire,0.0979
Was ruled out for a month at least and wasn't expected to feature in either leg of this.,surprise,0.1036
"Helping out away by Touré, Varane, back and no one.",caring,0.0929
"And then played in towards Wilfried Bony , and this time it's airlines partner Bonucci with the defensive header. Now Sagna. ",realization,0.0725
"Clichy wants as he steps in for Manchester City. Here's Sterling, He is had no real impact on the game as yet.",desire,0.2656
"Motta exchanging passes with Ibramovic. Now finding,Verratti bit of space for Marco Verratti.",realization,0.1161
"Ivanovic and Azpilicueta are not pushing on at all, so they're quite defensive minded yet for some reason.",confusion,0.1428
Aguero again Toure,excitement,0.0867
"Sagna has kept it alive here, Aguero.",caring,0.0942
"Little rains but it pours from a city standpoint, that's the Barclays Premier League table the top.",caring,0.105
It is a foul here on Bacary Sagna by Alex Sandro.,disapproval,0.1609
"It could be in Liverpool here. Here's Clyne, who has the shot. Coutinho is thinking that he'd run into space to let fly, but that space was denied him in the end. Oh wake Wayne Rooney up. First run from James Milner. Just getting to the side of him.",excitement,0.1499
Piqué. Now Messi.,confusion,0.1248
Taking the ball was played here. Is Mandzukic trying to ease it onto Griezmann?,curiosity,0.2075
"That is what he likes doing to Chicharito, playing off the last defender. He's not that much of a an out and out forward in terms of creative plays. He's more of an old style centre forward despite not being the tallest of players. Reyes",desire,0.0887
"That's who he supports, not Manchester United. Of course, as you all know, is close to Manchester. A bit of hopefully a storm in the teacup. Pregame business about the ref. Lallana.",excitement,0.0822
Bit of a stumble by Mignolet. I think the the sun was in his eyes. He's done very well. Not for.,surprise,0.0941
But it is going to be a night for patients you suspect here. Maybe too many chances going begging.,desire,0.1191
"Chris Smalling was a bit off balance, wasn't it? Looked as though he would get there first.",confusion,0.1564
Good ball from Matip there. He did well.,approval,0.1427
Anthony Taylor did ask me who bought from his team to get the FA Cup first round draw had got. Lincoln City or Guiseley away.,curiosity,0.1739
"If you were in that Chelsea changing room at half time, Glenn, what would your message have been for the Chelsea players to try and make them more solid? Well, of course not good enough, but I think you find that they've just caught Arsenal offside for the first time today.",curiosity,0.1583
Just trying to slide it off the inside of his foot from the angle to Milner.,curiosity,0.0881
"And strong challenges. He's given away silly foul that's put him under pressure. Brings the first opportunity here with just over 11 minutes gone for Manchester City, who have sent out Otamendi and Kompany forward.",excitement,0.0824
Acrobatically clears the advertising hoardings. Just too much space for Thiago. Too easy.,excitement,0.1218
"Judging by the crowd reaction, they feel there's a little bit of gamesmanship going on here just to try and take some of the momentum that was building up in PSG's favour.",excitement,0.1397
"Iniesta. Never frightened to go back, to come forward again. Control over the ball.",relief,0.167
"These ones, the defensive team, you mark it like a corner, even though it's a free kick. He's trying to stay with Sturridge. It was Lallana Freekick is given Chelsea's way.",caring,0.0785
"It was Lichtsteiner. It goes here towards Mario Mandzukic. The Kompany is there for Manchester City now, Morata.",caring,0.0715
"It has become a confusion, Sevilla will be wanting to invoke in the defense.",confusion,0.5938
Signs of warming to their task this go. Kroos.,relief,0.0987
"Fair bit of strength. and speed as well. [commentor] Well, it was a question of whether you have the speed and he has. His body in. Across Sanchez.",curiosity,0.1339
Real Madrid seem to have turned things up a gear after a Gareth Bale's arrival. He's added some some freshness and some pace. He doesn't look as if he's missed a beat. Setting that up for Cristiano Ronaldo and upping the tempo in the game.,optimism,0.1053
"Yeah, Coquelin. You knew as soon as he had that. touch in the free kick.",realization,0.1681
"Needed a bit of defending, Chris Smalling. Great bit of defending from Chris Smalling. Those awkward ones where you're facing your own goal on the balls fizzing across the face. Easy to get it wrong.",nervousness,0.1342
"[inaudible] is a bit unfair, and that's what people mistake like that from Chambers. Firmino.",disappointment,0.1088
"West Ham, Liverpool, Leicester and Tottenham have all left here with three points. Remember City lost.",disappointment,0.0869
James Rodriguez. Hernandez. It's still nil-nil.,confusion,0.0857
There is Lucas to Ibrahimović. And the beat is out there on the right.,caring,0.0763
"They need him to stay fit. It goes without saying, really this season, to keep their challenge going on a number of fronts.",desire,0.1064
"Liverpool fans, if they're going to be quiet to start with, that's got them on the edge of the seats. A few good tackles always gets them warmed up.",excitement,0.1176
"Wins the free kick. Threw his body across saying, ""Going far mate, I'll take it."" Here it goes, right, gets his body in the fall, but wins the free kick.",confusion,0.0987
Nothing in it. Nothing in that. Nothing that Diego Costas doesn't expect doesn't he? In battles like this over years gone by. That was Cazorla,confusion,0.1169
Coutinho the player that had just gone too early.,disappointment,0.0723
Who was the first night in that big Liverpool win at the Etihad in November. Otamendi with the clearance.,excitement,0.1239
Maybe so. I think is when you go to ground that much.,realization,0.1135
"Once tried balance off, Milner now for Dani Alves.",caring,0.0665
The difference between those two instances because one was inside and outside the penalty area that one would have been a red card had he got it wrong with the the new interpretation of the double and triple jeopardy laws.,confusion,0.1186
"Krychowiak looks to come off the worse from the exchange. If there's blood on Ramos, it might just be from the nose of Krychowiak, who is bleeding.",embarrassment,0.152
Fernandinho stepping in. Had to drop it over Smalling for Aguero to chase. Schneiderlin Darmian.,annoyance,0.0641
"Could be a dangerous foot in Oscar's face but he shied away from it. Understandably, Henderson hooked it forward. On to Coutinho. Out of play again.",anger,0.0891
Manchester City will take it. They lead by goal to nil. Here's Raheem Sterling.,optimism,0.0877
"They are going to build brick by brick here, Chelsea, you feel themselves certain amount of sustained possession and pressure in the game. There's only that little flourish after they've gone. Immediately after they've gone two nil down. There's another weak moment from the Matic his time.",approval,0.0676
"Here's Rakitic, scored the winning goal here against Manchester City in the round of 16 success.",excitement,0.1071
This is the third bass or coach in as many seasons.,realization,0.1064
Now you can see the scores going through the bottom of the screen.,realization,0.2488
"He is on the yellow now. And even if you haven't been thinking, you think twice about going too far in, because Aguero can do that to you.A little spin and burst of pace, there's no slouch, but over 5 yards Aguero is so quick. Poor free kick from Yaya Toure.",excitement,0.1033
Golden nicely well boxed away by Mandanda. This is Matuidi though. Matuidi's cross finds Ibrahimovic and it was David Luiz. Close to forcing that home.,excitement,0.0794
"Although I've got to point out it's not quite the same strike rate as Ian Wright had, we were talking about it earlier before the match started. Ian Wright in his first 100 matches, he scored 79 for Arsenal, but that's all. Struggling there, isn't he? Alexis Sanchez is such a key man though in this Arsenal side and he kept his cool there to put them ahead by one goal to nil.",curiosity,0.09
Out by Skrtel. Cushion by Isco. Marcelo.,amusement,0.0805
The 1/2 time they've never come back to win.,disappointment,0.3883
"To see, holds up play, there were players down Sergio Ramos involved. Let's have a look.",curiosity,0.3034
"He is Javier Mascherano. Rakitic. Alba, now Neymar.",realization,0.0707
Yeah. Neither side have,confusion,0.1072
"Talk about the managers but sometimes we feel We have read that particular pudding, but the truth of the matter is it's been about the managers, particularly the away manager, to this point. He's come here so often in the park. Jose Mourinho. Unable to put a grip on Liverpool. Great.",caring,0.0835
Bonucci and Chiellini have still gone forward for this free kick. Dybala.,excitement,0.1159
"Once last season, when cities go early and Old Trafford and were beaten 4-2.",approval,0.0923
Costa again. Just can't keep it. Arsenal just keeps coming back. Thiago. Too much space again.,annoyance,0.1906
"Joe Hart got to do a little bit better, but look at that for a ball from Milner. First time into that little pocket Lallana put inside on his left foot.",curiosity,0.121
Ronaldo does have support on the outside Isco.,approval,0.1498
"This is Messi, lovely 1-2. Suarez.",caring,0.1139
Tailor behind the goals performing.,desire,0.0964
Wonder whether Manchester City can lift the pace a little bit to ask one or two questions of its well organised and well drilled Juventus team.,curiosity,0.4501
"Who played in the final as a substitute last season for Juventus, comen his Lam looking to spread this one wide, Martinez plays this in Coquelin, gets it away.",desire,0.0847
Schneiderlin Rojo squeezed it through to Martial. This is where Manchester United do look dangerous. Rojo's cross.,anger,0.0811
Playing life. Iniesta skipping. The Barcelona side to light his 100th Champions League appearance.,excitement,0.1038
"Bacca challenging Pepe, little nudge there gives away the free kick.",anger,0.0992
Here's Fernandinho. Now Navas? Aguero is taking up a wide position.,curiosity,0.1034
"Aguero buys himself a yard, then runs into Lovren.",anger,0.1194
Here's Dybala. There's nothing better than running with the ball at defences. Nutmegged Yaya Toure. Marchisio's ball.,excitement,0.1168
Roscoes Klavan gets himself in the way of Walcott attempted cross.,disappointment,0.086
Milan growing is this game. What's inside of this first half? Bonaventura. So much on the ball. [inaudible],confusion,0.1442
"The organization again Chelsea in the middle. It's not an organisation. I'm not sure whether zonal marking the gaps are big, certainly not conventional. Lovren going across the front.",confusion,0.1869
"Here's Milner In towards Henderson.Works its way through, then to Lallana. Milner away from Sterling.",desire,0.0605
"Lucas, who played as a makeshift centre back against Leicester Coutinho, not happy to be hooked.Not happy.",disappointment,0.2691
This time he can find David Silva and now Sergio Aguero. Aguero rides the challenge of Can,desire,0.0984
"Saying that he maybe got a foot on the ball, it seems he probably did, but he came through the back of Markovic. That's what the referee saying to him.",confusion,0.1152
"Making Liverpool resort to desperate defending, but they were certainly helped out by a number of fine saves from Mignolet.",desire,0.1013
Gets to the point where we might just have to try and play a little bit more direct up to Diego Costa Chelsea and see whether that works for 10 minutes.,curiosity,0.1559
"Neymar. This is quite a matchup [commentor]Jerry[commentor]. The weekend Barcelona played Espanyol who contain them in the first half, but then once Messi clicked into gear Barcelona are in a different class but man for man, it's not a bad matchup. No its good. They have got good energy in the middle of the park.",excitement,0.1081
It's not been through a lack of work right effort from the.,disappointment,0.1111
We might be in for a long night here.,desire,0.1301
Hoisted forward by Maxwell. The whole of that far side littered. By.,confusion,0.1136
Good block. It is a difficult ball for Fernando to strike goalwards.,caring,0.0899
Will they be able to sustain it? But that's certainly a different game. The players are closer together Liverpool Coutinho. Mane,confusion,0.2333
"Sterling, Fernandinho to Aguero. Aguero's got a decent record in terms of scoring goals against Liverpool in general, but not here at Anfield.",admiration,0.0903
"What you call a flexible formation. His position. He's very central seeing they're inside where Rakitic is. Might have seen him stand out here on the right wing for a little bit and stretch the game. It's all a little bit narrow. There's Messi. Now, Montoya.",caring,0.117
Iniesta back to Mathieu. Barcelona numbing the game.  Can they turn this possession and domination into a second goal?,confusion,0.1227
"There's a lot of nice things here between them. I remember the quote from Ibrahimovic saying, ""I was the tallest player at Barcelona"". He says. ""But every time Xavi and Iniesta had the ball somewhere or they couldn't find me, but he could find the smallest player on the court"". That tells you exactly what they thought.",caring,0.1957
"What Mourinho wanted to do they've done in terms of their tactics, obviously they haven't scored a goal. Rashford.",disappointment,0.2141
"None whatsoever about thinking defensively and you don't want to pick him out. But little things like that. If he doesn't work hard enough to get back could, well have cost him already this year and could cost them even more in big games.",disappointment,0.1293
"Here's Alexis Sanchez, Arsenal's first chance in the second half to mounted attack. Ozil. Flag up",excitement,0.1059
Fabian Delph was absolutely fantastic in the FA Cup semifinal for Aston Villa against Liverpool last season.,excitement,0.1165
"Just one of those, especially in training so hard to win the ball off. every other player, says impossible. Like they say about David Silva. Isco",disappointment,0.0906
Pellegrini was saying last night he felt... Oh Marchisio has given this away to Aguero of all people and Buffon to the rescue.,remorse,0.0765
"Liverpool, still very much in the game.",excitement,0.1298
Henderson. John Flanagan. Iheanacho with the defending.,approval,0.0774
"But the finish deemed illegal, now Giroud.",disapproval,0.1379
Ronaldo could have hesitation by Juanfran. It could let Real Madrid in here. Back to Ronaldo again.,nervousness,0.0841
Ocampos has had a positive impact since he joined. On loan from Monaco at the end of January. He's a winger. With pace to burn.,optimism,0.3098
"But he caught it well, high and wide, but powerful shot there. form the Cameroon midfielder.",surprise,0.0884
"No, this is not good. This is not good for PSG.",disappointment,0.299
Fakk short for Messi. Maxwell in the way now Rabiot. Luiz. Cavani.,curiosity,0.0685
Henderson happy he's on the same wavelength as those attacking this free kick. It was Eric Dier who got in between. Two centre halves to steer it away.,relief,0.0891
"It's been a bit like that for Liverpool, despite the the potential in the team and.",optimism,0.1394
"Hunt was on hand , the Barcelona lot 123456 around the ball. Messi, incredible bout to play.",excitement,0.2112
Corner for Liverpool. They have work hard to make any inroads here.,desire,0.0759
"Maybe that was just for me. Rose, the first player in the book today it's his first yellow with the season.",caring,0.0994
First big test of the evening coming the way of Marc-André ter Stegen.,excitement,0.1654
"On the volley Dimitri Payet, full of confidence at the moment. Happy to. Try this. Sort of effort.",optimism,0.2736
"30 minutes really is the inspiration for Milan at the moment. Milan last 30 minutes. Scored nine. Four from the penalty spot, but.",caring,0.0976
Not sure whether that's just clipped Clyne or not. This is the save a second ago from Mignolet Bats it out.,confusion,0.1197
Scored in the success against PSG back in December.,realization,0.145
"Good contact too, but it flew straight at Oblak. He's having a good game, Ramos.",excitement,0.1122
"A bit of a bluff, really, because you're taking too much quickly. I think it's stupid from Can for giving the free kick away. It6's the last that",annoyance,0.0823
Pulling the trigger that just as Dja Djédjé arrived.,realization,0.1588
This is now Gignac's most prolific season.,excitement,0.2221
This might be the moment for Firmino. Fantastic challenge by Valencia.,excitement,0.1886
The atmosphere electric in the opening stages.,excitement,0.2464
Their dangerous players are picking the ball up in this sort of defensive edge of the middle third. Mane and Coutinho.,excitement,0.1007
Appeals for handball and I think handball was given.,curiosity,0.0877
Valencia. An uncomfortable moment for Lovren. Milner. Can.,nervousness,0.3246
Warm relationship with the Europa League. 3 victories in The last 10 years. As the ball recovered by Mbia Carriço,caring,0.1058
"The main decision now, but totally different mindset required for this second half from him.",confusion,0.1252
"Well, just as he's put on three centre halves him and is now going up top, he's getting on a challenge for the ball there. And that's the moment that can change all the smiles off the Real faces. There cannot be extra time, of course. We're gonna scuffle on the far side.",excitement,0.1055
Chelsea a little more interested in this in the last couple of minutes.,curiosity,0.3796
Just get the feeling there if Sevilla are to Score in the next few minutes. Ancelotti's boys may get a little bit nervous. James.,nervousness,0.4671
"You got natural wingers out there, Manchester City, they just haven't used them or utilised them.",confusion,0.0749
"Monreal does really well to get there, but as you said, Alonso can't take any chances.",excitement,0.0771
For the first time today delivery. He's been wasteful. Honda.,disappointment,0.2257
Zabaleta with some defending to do. He's been brought back in tonight by Pellegirni.,excitement,0.0797
"We've had 28 goals and counting. As it stands, it's been a good day so far in terms of action in the Premier League.",optimism,0.2346
"Well, that might just surrender a little bit of an initiative that Liverpool have had to work so hard to claim. It's obviously a policy.",disappointment,0.0668
"It was just impeded there, I think, by Iniesta. Referee's given the throw in.",realization,0.0636
"Although Liverpool have been impressive with the ball, because they're hunting and pressing together that has been outstanding tonight. That really has they've put City under pressure every single moment and they're rotation in midfield. It doesn't matter about positions. Milner is out here on the left, Lallana is out on the right this time. They've really covered each other and they're pressing is really, really been outstanding and keep winning possession in the middle of the pitch and like this and they can break on City.",caring,0.1038
Lovren tight on Rashford and then Firmino having to start from deep. Coutinho is ahead of him this time.,nervousness,0.1188
Athletico down to 10 men.,disappointment,0.0828
It's an opportunity to go down Trémoulinas. He took it. Free kick and the yellow card for Daniel Carvajal.,excitement,0.0781
"As you say, Jerry, he just slows it down to his own place. That's what he does. But he doesn't give the ball away, keeps it raw and that's what they need. They need to keep the ball and frustrated and see if they can create a one on one for Messi, one on one for Neymar, Suarez and then the third goal would wrap it up for them. That's Messi on the ball now. Mascherano. Mathieu.",confusion,0.0953
"Try to play in Neymar, but Thiago Silva across the cover and loses out to his Brazilian compatriot. Win the first bit really well. Been spun. Got across and made a real mess of it.",disappointment,0.127
Turns of inspiration and injuries to this point.,curiosity,0.1803
Manchester United are pressing them apart. Can trying to not make Firmino flipping it inside. They having the basics right at the moment. Fellaini,nervousness,0.0794
"If they're still in the game, we will get the likes of Sterling and Gerard on, but if Real Madrid do get a couple of quick goals now, then we could keep them for the weekend and let this team play it out. Absolutely. I think it is all about the state of play in assessing maybe 10-15 minutes to decide how you want to approach what's left of the game. Absolutely. If it's one nil, please stick on Balotelli to try and get an equalizer because that would be a major result for Liverpool if they could do that.",caring,0.0967
"Lamela was intending to play with Henderson, but it's worked very well for him. Couldn't slide Eriksen in.",caring,0.1053
"Wins the ball there, but Marseille have it.",curiosity,0.0852
Miranda will claim he just ran into him.,excitement,0.0936
"So plenty of football coming up in midweek in the Champions League on Tuesday night. We've got Leicester against Porto, the first game of the Champions League at the King Power Stadium, and also that night Tottenham need to win in Moscow against CSKA and then a couple of big games on Wednesday, Celtic against Manchester City and Arsenal who got that draw in Paris on opening night at home against Basel, as well as every other Champions League match exclusively live on BT Sport. Huge week of European football on the cards.",excitement,0.1322
"Snapping it back through people's legs, those little ricochets sometimes. Sometimes it goes clean through. The defender, certainly has gotta wait for help, keep him outside the box. Jockey, get low. Now David Luiz. He tries to commit himself.",excitement,0.1095
"Well, there were no complaints from Erik Lamela. He knew that he had made contact with Firmino.",neutral,0.1047
"And strong challenges. He's given away silly foul that's put him under pressure. Brings the first opportunity here with just over 11 minutes gone for Manchester City, who have sent out Otamendi and Kompany forward.",excitement,0.0824
"Eventually, say whether Oblak's heroics at this time of the season gets him into the Slovenian side to play England.",curiosity,0.0984
"And Swansea have won at the Emirates against Arsenal, so we're back to back defeats in the Premier League for the Gunners, Ashley Williams with the winning goal, which certainly aids Swansea's battle towards the bottom of the table and is a huge set back for Arsenal ahead of the North London Derby against Tottenham, which will bring you on BT Sport on Saturday. Fantastic Night for Leicester as you said earlier, isn't it? With the results coming in, they must have a fantastic chance of winning this league. They really have.",excitement,0.1109
"Thiago Silva finds Motta. PSG, no question are on top in the midfield battle.",excitement,0.0799
Verratti  Sirigu,admiration,0.0706
"The full backs, at least Darmian in the new position Valencia where he was on Thursday. Lingard",desire,0.1001
"Forced upon Ancelotti, he would probably say. I think it's worked okay. I mean defensively he's done a job just dropping in front of Mandzukic. Make it difficult for the centre forward, he's got himself in the box up the other end. Isco.",approval,0.0927
"He would be so angry with this Conte, the manager, certainly not how he normally likes to play. Wijnaldum, Now with Matip. He's very comfortable on the ball. and might be played through here.Mane Waiting in the middle and others. To make their way forward for the corner.",anger,0.1929
Manchester City against Southampton . That is the first of double header,excitement,0.0949
"It's interesting tactically though, isn't it, Steve? The fact that they've been able to be so solid Juventus, while keeping two up front in Mandžukić and Morata, you don't often see teams go away from home and play with two up top as Juventus are tonight in the Champions League.",curiosity,0.4372
"And he does come off to be replaced by Willy Caballero, who was course was Manuel Pellegrini's goalkeeper at Malaga when they reached the. quarterfinals that year.",curiosity,0.08
It was handled by someone. What a clearance that was. Very strange clearance in the end of it by David Luiz. But Chelsea have survived that and the penalty shout. Wijnaldum with a great piece of retrieving for Liverpool.,surprise,0.1183
Marseille yet to create a genuine chance.,disappointment,0.136
The last Liverpool change sees Philippe Coutinho replaced Henry Chan. It's another attacking move from Brendan Rodgers. And Sterling.,excitement,0.091
Reaction then thought better of it.,realization,0.1606
He's been willing as his Fairy story career's Administrated to this point.,desire,0.1677
It's the shout for handball that the referee I think got right arm down by the side.,excitement,0.1893
Flags up for offside against Alexis Sanchez Waiting to see how Arsenal react to that.,curiosity,0.1331
"Never troubled him again, but it's so important in these type of games, Ian and against this type of opposition to score that early goal. Then you have a really good chance.",realization,0.1143
To Pucciarelli. Zieliński.,curiosity,0.0552
This is a response to the red card for Gaël Clichy.,disapproval,0.2524
"Premier League hatchet men, but he's damaged Raheem Sterling now here today.",disappointment,0.1391
Sweep Paletta. Honda arrive from CSK Moscow. It's something of a worldwide option. Since then. Japan International 69 caps.,excitement,0.0867
Little bit of confidence because they're leading one nil.  There is Pogba.,confusion,0.0892
Almost like he nosed him rather than headed him. You have another look there at Cristiano Ronaldo's.,excitement,0.1033
"Generally speaking, there haven't been any problem scoring goals away from home ever since Jurgen Klopp took over.",realization,0.1109
"It would be a seven point gap, wouldn't it? That's other side of that coin. Yeah, And that would probably be too wide. Demichelis.",confusion,0.1091
More possibilities here and Iborra.,curiosity,0.1459
Carrick. Jesus Navas did well. Here's Darmian. Here's Sagna,caring,0.0826
Was in confidence so quickly on that penalty miss. Monreal.,optimism,0.1321
"this flank or Jesse Lingard. They've had some pace about them, some real intent and they defended well. So the balls in City's court now.",excitement,0.1081
"Lovren always you can get booked this season, but that would be a booking in any season.",caring,0.1126
Only one outcome Agüero regal freight.,pride,0.0643
"Sturaro closed down quickly there by Fernandinho, which has left a little bit of a hole for Hernanes.",disappointment,0.1429
Does he have 17 minutes to save his side.,curiosity,0.1721
Has gone back to his more usual role on the right hand side with Mata off the front. Here's Mata now.,realization,0.0936
Host of players to have been involved.,curiosity,0.1127
Milner to Dzeko. Here is Agüero.,amusement,0.0724
This fits inside. Sergio Ramos. Kroos.,approval,0.1223
 Messi. Zabaleta first to it.,confusion,0.1433
"Really good that play from Liverpool, controlling the match at the moment. Two centre halves forward again.",admiration,0.1038
"Gámez putting the. The right leg across. He's going nowhere there. Ronaldo. Certainly shooting distance, whether.",confusion,0.1041
"I don't know how he can be, by the way. Would love to see that again, surely, but he shouldn't be.",confusion,0.1905
I can't believe that James Milner's taking the penalty and you've got that many attack minded players on the pitch who should be desperate to score goals. Well played to him for taking the responsibility.,surprise,0.1066
"Of course, return leg will be at Wembley, because of the ongoing redevelopment of for Whitehart Lane.",realization,0.0902
"recognising, Rashford, recognising the intention of the goalkeeper as well, knowing that one ball. could trouble Manchester City.",realization,0.1479
"It's been a good night in the Champions League though, ian, seems to have been plenty of goals this evening as it was last night as well. Here's Morata again and this time is bit of a heavy touch.",excitement,0.1041
What is too much space there? Coleman 1V1. So difficult for Joel Campbell.,annoyance,0.1393
"And Zabaleta has made a good run here for Manchester City, beaten away by Mignolet.",excitement,0.1135
Can give the goalkeeper a problem of which side to.,confusion,0.1345
One quality that really stands out in the.,admiration,0.1277
To get the ball back only momentarily is that.,confusion,0.1169
Involved. It's a nice spin. It's a nice strike.,excitement,0.1015
This is happening to buy a free kit to soak up some time.,caring,0.1575
"United get it quickly. Room for Schneiderlin in here, not been ahead of the play that often. But it's through for Rashford, not quite. it was on, wasn't it? That ball. Anything less on the pass and he just might have been on the end of it, Rashford.",disappointment,0.1258
"And the game allowed to carry on. Yeah, he's gone down far too easy this evening, Cuadrado. There's no way he was getting that off the referee.",disappointment,0.1343
"They've got to commit themselves more, but without exposing themselves, and that's the balance that you'll have.",realization,0.1113
Blind disappointment with himself? Poor delivery. He may be a little too eager. To follow instructions to cross too early. Goalkeeper. Karius actually.,disappointment,0.2584
Ivanovic. Forced back here to Cahill and he's had it taken off him by Alexis Sanchez. It's a bit more than here for Arsenal and Alexis Sanchez keeps his cool and Arsenal lead this London Derby and it's Alexis Sanchez on his 100th appearance for Arsenal with the goal.,desire,0.0703
"Here's Lucas. Martin Atkinson right on the s again, Mane, Origi. Cahill goes across and wins the duel.",excitement,0.1366
Nice work from Alexis Sanchez Bellerín,admiration,0.2114
"saw that Mignolet was well off his line, but the angle was prohibited.",excitement,0.0926
It's going to be a foul by Milner on Zabaleta.,disappointment,0.1795
"Xhaka, who has a bit of a history of disciplinary problems. He was sent off three times last season in the Bundesliga.",disappointment,0.0819
Jurgen Klopp's reaction towards you most of the story. Kompany to Aguero.,anger,0.1535
"So what's going on here? There's a coming together between Busquets and Demichelis, which Felix Brick wants to deal with.",confusion,0.1946
"Cristiano Ronaldo with that goal 42, he has to Leo Messi's 40. Leo Messi gave away a penalty to Neymar today, allowed the Brazilian to take it and score against Cordoba.",excitement,0.0787
And Ibrahimovic stopping Liverpool from playing make them kick long. Fancy the chances against Sturridge and Mane and Firmino in the air.,excitement,0.1534
"Sort of many, many bands, isn't he? But he's certain. And that was a wonderful challenge. He didn't deserve to be penalised, let alone yellow carded for it.",curiosity,0.133
Chance coming late in his career in his 30s now. He's the new Martin Squirtle.,desire,0.0772
Cavani makes a run and Luiz tries to direct route but he actually made his run too early. Anyway the flag was up.,excitement,0.0922
Another one who was in the squad when they they won here.,realization,0.1122
Sergio Ramos. One from Varane. Isco.,realization,0.0841
"Here's Aguero and the 1st result in tonight. Stoke beat Newcastle, 1-0. So another defeat for Steve Mcclaren's team should, as Xherdan Shaqiri with the winning goal at the Britannia Stadium.",realization,0.0819
The goalless draw at the Vicente Calderon.,realization,0.0814
Although Lallana got back there to make a tackle for Liverpool?,curiosity,0.2415
"Well, it;s the first time they've put a move together really of",realization,0.1128
"That was a pity for Liverpool from Flanagan disguised run comes late, really late. If the ball's perfect for him, they're right in behind that city back for holding that 18 yard box. That was the closest to coming in right in behind their defense, and they found that difficult Liverpool. They had a lot of possession. They haven't looked to going in behind. I think, Origi's gotta start spinning the centre halves and getting in behind. He's been in front of City too much.",sadness,0.2005
"Now Can away by Kompany. Henderson, Firmino. Beaten to it there by Clichy. The boos tell you that Sterling's on the ball. David Silva. Raheem Sterling.",excitement,0.0717
It's Wilfried Bony and then Touré tries him. Buffon gets across. How many times have you seen him do that? Yaya Toure?,curiosity,0.1199
"And just needs to put it onto that penalty spot, swinging away from Mignolet. Perfect taken. Lallana did well.",caring,0.0853
"Great atmosphere here for this Derby,the top tier open behind the goal that city are attacking in this first half. Ramping up the support. Demichelis, Sagna. Pass too heavy for Aguero to do anything with.",excitement,0.1472
"Carvajal also back in the lineup after Arbeloa had a fantastic game in midweek, scoring his first league goal for five years and he was everywhere on the pitcher in midweek. But Carvajal very much the first choice for Carlo Ancelotti now.",excitement,0.1059
"Toure playing the one-two around the edge of the box. It wasn't accurate enough, but then Juventus give it away.",curiosity,0.0856
Fallen after playing the ball. The referee may not have seen that.,disappointment,0.1438
Offside against Origi.,disapproval,0.1381
Ronaldo. It was a one goal away from heat pulling all time Champions League scoring record of.,excitement,0.1283
Busquets. So many options for the man in possession.,excitement,0.1648
Probably taken the arm band off definitely leaving the pitch.,realization,0.0784
Thibaut Courtois did just enough.,realization,0.083
Whell the fans here will want that translated into a triumph in the Champions League final later in the season. It saluted Pep Guardiola since he came to this club 2 semis.,admiration,0.1973
Kicked by Cazorla. Oh its in. Another one by Calum Chambers went in with the pack.,excitement,0.1569
It was an attempt from distance which came off the back Wijnaldum . Tottenham winning a lot of the second balls at the moment.,excitement,0.125
Herrera again. He's been with the Spain squad for the first time. He didn't get on to internationals. He's closer to the first Cap.,desire,0.0664
Trying to reestablish the understanding between specific players and specific roles.,realization,0.1968
"Here is Yaya Toure yet to come on to Manchester United from that deeper role, Aguero. Toure again.",curiosity,0.0798
"Not quite sure why he's chosen that one, if you look at it again, looked a little awkward. He's shaking his head.",confusion,0.4463
"It's interesting David Silva playing in the pocket, but when they're pressing, when City are pressing he's up there, he goes up there with Aguero.",curiosity,0.3187
And and is waiting in the middle. Isco getting in as well. Here to Carvajal. Room for Sergio Ramos. Coentrao puts it in first time.,excitement,0.1277
"Here is Bony. Control is good here, little extravagant. Clichy tackling Messi. Fernandino.",relief,0.1011
"Was uncomfortable against Lewandowski and Muller at times. They are good, good players.",nervousness,0.2592
Around the corner towards Dybala never reached him. Sturaro's Ball was a.,disappointment,0.1
"They really haven't relaxed Liverpool as yet. No, forcing it. A few times he's got the ball into the final third. And he wastes it.",disappointment,0.1297
"He was maybe in most people's teams play today, but hearing club feeling that he too he played in the semifinal of the Euro 2016 for Germany.",confusion,0.167
But the speed and the quality and the appetite.,realization,0.1475
"This feels a little bit like an assassination of Moreno, but if you Liverpool fans watching at home, I think you know what I'm talking about. You've seen enough of it over the last 18 months. Here is Walcott. Knee jerk from insults. insults They just keep putting it down the side. Walcott",anger,0.1281
Van der Wiel's corner. Suarez can't keep it in play. They got a corner though.,disappointment,0.1007
"Carvajal This is Ramos, he finds Marcelo.",realization,0.1099
"For Arsenal brings to an end his 100th appearance for the club on the day that he scored his 47th goal for them, and he's been as important as anybody in a red and white shirt in this performance today. He's been brilliant as he gets the 1st.",caring,0.0966
"Can open you up and they're passing it so quickly is very, very difficult. You don't know how much they've worked on this in preseason or in the training ground, and whether those three at the back of play together like that. Luiz doesn't look like he wants to go out there in the left back position. He's the one that's a little bit out of position on the left side of the three.",confusion,0.1186
"He's in London recently, playing for Brazil at the Emirates against Chile.",excitement,0.099
"Mascherano made a lot of ground there, here's Neymar.",realization,0.0947
Firmino just obstructing really. But we saw City just a minute ago. That's the best passing move that put together and they've got to the byline and cause Liverpool problems. They've gotta do that more. Gotta get the ball down and start passing the ball.,caring,0.0783
"New Castle team mates are now experiencing and it's been a tough start for them, of course.",disappointment,0.191
It gets a bit lucky there. Dele Alli doesn't see Rose on his left. Good defending from Liverpool. Got back. In numbers.,relief,0.166
"Origi runs into Zabaleta, but he's got the power to carry on going here. Milner leaves it for Can.",excitement,0.1339
"Long, graceful, run from him.",excitement,0.0868
"It's a really good save from Joe Hart is really quick off his line, but such a simple ball behind the back 4. Melrose found Silva. Fernando.",caring,0.1013
"Mascherano, carrying the fight. Here is Neymar. Iniesta.",anger,0.1072
To the intensity and the inclusiveness of Guardiola's management.,pride,0.1409
So they've got to take the chance City need a goal tonight.  Iniesta.,realization,0.1267
Valencia. An uncomfortable moment for Lovren. Milner. Can.,nervousness,0.3246
When was Francesco Tavano and when was Simone Verdi. They both have had a big.,curiosity,0.081
"His Sanchez and Gibbs has carried on running as well, and Ivanovic was initially there. Now Cazorla.",excitement,0.0883
"Silva. Sterling, able to get away from Flanagan this time, but Henderson is back there helping out. Here is Sterling He is gonna try one, Sterling.",caring,0.0968
"Last weekend, of course, Liverpool were in London at Wembley.",realization,0.109
And play at all in the first half and have to say that very quiet around here.,caring,0.0906
Firmino through the middle here and Coutinho trying to take it up and go on for Liverpool. Further away with pace by Marcus Rashford.,curiosity,0.0872
"Xavi Alonso. Playing with pace, it was a glorious 4 well defended though by Arsenal.",excitement,0.1324
"Probably not enough to have him writhing in agony, though.",grief,0.1441
Carries on running Fernandinho trying to find a way through. Silva's in there too and Mignolet alert.,nervousness,0.1226
Payet. Payet left footed relatively tame.,relief,0.1031
"I think [inaudible]. So as we approach the half an hour mark its. Empoli  Have looked more organised. Comfortable on the ball, more of a cohesive unit.",caring,0.0791
That's a poor ball from Harry Kane. Jansseb poor ball behind Kane and then a poor ball from Kane. He was in as well.,disappointment,0.1301
"Really surprised that we haven't seen. Jesús Navas or Sergio Agüero come on, Fletch. I think the game is trying out for one of them a little bit of pace. Certainly Navas wide right. Maybe.",surprise,0.3518
"Wouldn't have been a goal in keeping with the occasion, but it very nearly was a goal. Good fortune for Barcelona there. It actually takes the pace off the ball, the deflection. Sometimes you, here's Iniesta, It can",caring,0.1344
"Sergio Ramos, oh he's sucffed it, didn't he? Reyes.",disapproval,0.122
And want more confidence in the second half better passing.,desire,0.2612
This is Pepe. Everybody except Casillas inside the Sevilla half. Carvajal Played one into Chicharito.,excitement,0.0866
"Who started tonight 10 points behind the league leaders Leicester City, with games starting to run out and it's a long way back from here 2-0 down with three minutes of the first half to go. Fantastic skill by Can. Liverpool playing with real confidence now.",optimism,0.0946
"It was the fluidity and flexibility about how Manchester United are approaching their task here, and City are struggling to know whether Lingard's in the middle or on the right, Rashford's coming from a wide position. Martial is he in the middle?",confusion,0.3162
"Evra broke forward Cuadrado, the two substitutes linking up.",excitement,0.1031
"Yeah, looks it looks like Dele Alli is going to go alongside Wanyama. Dier to right back. I think Coutinho will be quite pleased.",excitement,0.1438
"Capitalizes on Milan's weaknesses, they concede again.",disappointment,0.1005
I can't believe Jurgen Klopp would take James Milner off with five minutes to go and risk Moreno.,surprise,0.1098
"Click cross Rakitic in the clear flag was up. He was offside. That was about 100 passes, wasn't it?",excitement,0.1183
Alba just picks up Messi and in the end Joe Hart just has to flick it over. Just went to sleep a little bit.,annoyance,0.0691
Has already scored an absolute stunning free kick here at the Stade Velodrome a couple of seasons ago.,excitement,0.1487
"That's the 25 minutes of the weekend. Sergio Aguero, after that challenge by Scott Dan.",excitement,0.1295
to the striker and Kompany just comes through the back of him a little bit. City finding it hard To get out at the moment.,excitement,0.0902
"The moment which will be chronicled in the annals of this famous fixture, but we are running out of time for that to happen.",excitement,0.1147
"Dabid Silva, with the tackle for Manchester City. Joe Allen, though, eager to chase back.",desire,0.1186
won all four of the Premier League games he's played for Manchester United against Liverpool. Rashford.,desire,0.0776
Not really a partnership at the base of midfield.,disappointment,0.1529
"Moved forward by Smalling. Dealt with by Lovren Can, Matip.",curiosity,0.0744
"But another goal has gone in that may well affect the title picture Arsenal 1-1 Swansea, Wayne Routledge with the equaliser, Joel Campbell had the early goal in that one. Swansea of course needing goals and points at the bottom of the Barclays Premier League table. 0-0 here 18.5 minutes gone or there about at anfield and Liverpool have made the better start.",confusion,0.0788
He is quite cold. Just noticed there.,realization,0.2494
Jurgen Klopp has to take. 10 minutes. Almost gone in the second half and.,nervousness,0.0707
PSG have got one change left to make and it looks as though Adrian Rabiot is going to be the the player to come on.,excitement,0.106
Works his way through to Firmino and Firmino's gonna try one.,curiosity,0.1518
See how much quicker Barcelona prepared to play the ball forward than we've seen in previous years?,curiosity,0.298
He says. On the far side.,caring,0.0934
It's a chance for city. To get level at half time. Well.,optimism,0.157
It's mesmerizing play from the Frenchman once he gets going and Fernandinho reads what he's going to do and. Cuts across.,excitement,0.2099
Vidal pings it in and it was going towards the near post. They're claiming Casillas has got on it.,excitement,0.0889
And now he leaves Cristiano Ronaldo in yet this other race as so many races between them.,confusion,0.1285
I don't think he needs a physio. He wants a dentist.,desire,0.1406
It's always a great life for the 2nd goalkeepers. Manuel Pellegrini has stuck by him in the. The League cup and the FA Cup.,excitement,0.1214
The moment Bayern Munich look full of menace. Just is getting overrun.,anger,0.144
Can. Markovitch. Supported by Manquillo. It looked out. Assistant eventually giving it that way.,caring,0.1222
Pastore. Pastore beautiful Pass Cavani now.,admiration,0.1504
Here's Sterling away from Hernanes David Silva.,disapproval,0.1267
Does he stay with it? Does he stick or twist his lineup?,curiosity,0.3913
"Looking to try and crowd Ter Stegen here. Who they know well, of course from the Barcelona goalkeeper's Bundesliga days. He can try and find that near post. Thomas Muller against Daniel Alves. It is a mismatch. He's good in the air, Thomas Muller.",excitement,0.1039
"And then Henderson, it was back there for Liverpool. He concedes the corner, but he won't mind that.",caring,0.0788
Certainly Paris Saint German will think they've had two or three good chances to equalize.,excitement,0.0867
I think he's still a little bit angry with the referee. Oh he better becareful Neymar. He squared up to him. He has to be very careful. He's to calm down. Little bit of anger still I think for Neymar.,anger,0.2965
"It's just eight months in age between the two managers or the other, the younger Luis Enrique, in fact, will turn 45 between these two games.",approval,0.0957
"Out all of the major teams, the group winners and the draw is made.",realization,0.1336
Here the question is if you do whip in quality who for Liverpool's gonna head it in?,curiosity,0.3839
Liverpool moving inside the area and it's Rose again with the important touch.,excitement,0.1048
"Drawing the game so he'd be pleased in that aspect. But again, it's conceding, not being able to close out games.",disappointment,0.1226
Poor ball for him. That's a poor shot for him as well.,disappointment,0.3761
"Here's Agüero, just as they are getting a little bit of pressure on the ball now. Dzeko into the path of Clichy.",nervousness,0.0809
Take advantage of this. Depleted Milan team. Maccarone.,disappointment,0.1086
Will Liverpool be able to impose,curiosity,0.0966
And a bit about that tonight. He certainly working hard.,realization,0.0915
"Lallana fancied that he just slowed down on his way there, Koompany getting there first, and no wonder might be a bit of residue involving Adam Lallana from the weekend. He was involved in that real skirmish towards the end of it.",excitement,0.1084
"Here's Nasri. Can he find some quality here towards Bony, Bonucci this time steps in. Now David Silva.",curiosity,0.102
Because we need to go to half time.,realization,0.0952
Neymar would've been involved. They've created a lot of chances.,excitement,0.1135
I think David Luiz probably would have got there to cover.,curiosity,0.0783
You have to say you feel the tie is already done.,realization,0.0942
"I don't know much about him, to be honest. I've seen snippets of him. He looks at talent.",confusion,0.2002
They've got players forward. Ball needs to be delivered. It's a poor delivery though. Straight to Carvajal,disappointment,0.0839
"Barcelona. Through that quarterfinal against Paris Saint Germain, with a fair amount of comfort.",relief,0.2734
Last week. Juventus. Supposed to be expected.,excitement,0.0911
"That's a terrible mistake, which in the end the flag has gone up and the goalkeeper.",embarrassment,0.1836
"When it was comfortable, seamless for Barcelona in the first half, it's been anything but since the break.",relief,0.1239
"They are playing a good game United so far on the front foot but Liverpool so strong, usually in the first half of matches. Quick out of the blocks and making a lot of mistakes on the ball, Liverpool at the moment.",caring,0.0943
"Trying to win a corner, but he's trying to get his crossing. Actually, it's better they can feed it into",nervousness,0.088
I guess out of the England squad as well. Earlier in the afternoon. Pellegrini has to. Consider another change here.,confusion,0.0742
The first warning shot fired by Paris Saint Germain beautiful pass by Verratti. Pastores movements.,excitement,0.122
7:00 o'clock kick off 6:30 to build up starts on BT Sport One HD.,excitement,0.1133
"Came out, came sliding in, didn't win the ball. I don't think he can have complaints. About that yellow card.",disappointment,0.2632
Messi one goal away from the remarkable 400th.,surprise,0.1104
Jesús Navas. That's changed the thinking of Manuel Pellegrini. Well it has to what should have been a wonderful night. He's turning into a nightmare of a night.,sadness,0.0692
"Diogo, Mbia, Banega? Aleix Vidal Diogo.",confusion,0.1384
What an instant impact upon arrival from the Welshman. What a header from Cristiano Ronaldo. Not much more of a defender could have done about that.,excitement,0.1712
A job for Alex Iwobi.,caring,0.0826
"When you're looking to defend the one nil lead to half time, however.",curiosity,0.0803
It would have been a bad goal for Liverpool to concede. They might concede now. Marcello. Manquillo. Able to keep it out. But for how much longer? And James Rodriguez.,curiosity,0.0776
"pugs away. The skill level in this game with 60 minutes. Verratti goes down. Hasn't been a good game for me, Verratti.",disappointment,0.2307
Fellaini breaks it up for United. Now Blind,confusion,0.1556
So Lovren and Toure have gone forward. Origi is an obvious threat too. It's in towards Lovren away by Joe Hart.,excitement,0.075
Here is Lallana again in the thick of it for Liverpool. Good skill by Clichy.,excitement,0.1044
Intercepted by Mendy. Mendy's given it straight to Thiago Silva though.. Morel. Ayew back with Morel?,curiosity,0.1074
"Coentrao looked to have had a quick word with Cristiano Ronaldo in midweek when Arbeloa had scored and Cristiano Ronaldo was so frustrated, Arbeloa just teasing Ronaldo a bit, but they are are great friends.",curiosity,0.0897
"Not the best kick from Neuer, but at least it has.",relief,0.0874
"Absolutely blew Manchester City away at the at the Etihad, didn't they? Similar goal, rush.",excitement,0.2445
Anyone got it in them To go and score a winner? Bit of quality.,curiosity,0.0971
"They would want better these Liverpool fans. As I say, they've had 15 minutes to talk about what's being done to them by Mourinho's plan.",desire,0.1836
Between the goal scorer and the PSG manager.,realization,0.1432
"Anyway, 3 fouls already night in the 1st 4 minutes. They are definitely going to be a tight against Liverpool.",realization,0.0652
"There nearly proved the point through Javier Hernández straight away 2/3 of the side which have drawn Nil Nil away in the first game have gone through from the subsequent home tie and Athletico,",realization,0.1638
"No longer be young enough to officiate in the Champions League, so this is an emotional farewell for him tonight. Something that one big decision, right? But sometimes I think that's wrong, [commentor]Rob[commentor]. If they're fit enough it doesn't matter. There too much purchase in that one from Mark Batra.",sadness,0.1824
He took us to a place early on in the season in the Manchester City match and he has been in this last five minutes. He gets a hug from his team mate.,caring,0.1321
"That was much better from city the move they put together there. Aguero looking to get in behind the centre backs; just offside, but a much better passing movement they put together there and if they keep passing like that they'll open Liverpool up.",caring,0.0807
"Chambers. Clubside, it's very hard to be realistic about what the target is for Liverpool this season in the Premier League.",confusion,0.1389
"They haven't really turned the possession into dominance. Yes, they've had the ball more. But in areas where they're not gonna, they're not gonna hurt Juventus.",disappointment,0.0927
This is the chance from Suarez again from the corner.,excitement,0.0935
"There's Montoya. Just like the behind by Maxwell, just as he was trying to play one round to Luis Suarez. Good movement from Suarez.",caring,0.0959
From the first game at the Parc des Princes when PSG 2-0 this season. That wasn't a clever tackle.,disappointment,0.1907
"And Marcello not giving up on it, nor 2 did.",neutral,0.0929
"Foul for the arsenal. They take it quick two passes, one pass from there and then I thought he was going to square it across the box. Takes the shots on, Courtois, makes a good save.",excitement,0.0954
"They are very, very, very flat you need David Luiz to move forward and Ivanovic to move forward, to get into those spaces, and Gary Cahill behind. But they don't seem to want to move forward at all.",disappointment,0.2635
I think that's one thing Bayern Munich don't get enough credit for.,disappointment,0.0779
Pop back ter Stegen again. Throw in. Here come changes.,annoyance,0.1105
"Instead, he gives it to the Arsenal man, Campbell. Well, how much contact was there there? I think there was Coman 1V1. You can forget about it. Clips his feet there. Would you play the ball around players? I think Campbell's really struggled defensively trying to provide protection for Debuchy.",curiosity,0.1329
Been able to have a shot at goal. Bonaventura.,realization,0.0779
"As far as backpacking, just catching the other ones up.",realization,0.0973
"Ohh, very much so. Very much so the cavalry. He was warming up.",excitement,0.1661
Lots of space now with that extra man coming out of midfield and Pastore pushing up top.,excitement,0.1112
"Still, a quarter of the game to go. It's the corner. Clichy able to deal with it. From his own.",caring,0.0982
"It's offside so you could say the tactic worked. Just stayed in there, David Luiz and didn't come out and go back in.",annoyance,0.0992
"Payet perhaps caught late there by Thiago Motta, who is. Occasionally. A little bit sly..",amusement,0.0992
And it does set the second half up nicely for PSG. Marseille will have to take more risks as Pastore surges into the space. Pastore for Ibrahimovic. 3-2 PSG!,excitement,0.1203
"The freekick is given against Mane and he will receive the yellow card as well. Yeah, I think he's unlucky there and he's sometimes you can make a genuine attempt for the ball and just be late. I'm not sure that's a yellow card.",confusion,0.1149
Followed up by Spurs against Sunderland.,realization,0.1149
By Ramsey to Elneny better trading places there. Between those two Walcott. Sanchez. You wonder whether they.,curiosity,0.1712
"This position, not the best in which. One can attack the ball and head up. Here's Rami. One way out. He's got one goal this season. Adil Rami against Chiseno. Their 1:1 draw away from home. As a goal scorer. He's 14 up.",disappointment,0.0896
"And it's terrible from Chelsea, they're all over the place on that free kick. They really are putting the pressure distance from Ivanovic giving it away.",disappointment,0.1583
"But United have had a few problems this season. Defending their goal hasn't really been one of them, so they'll be really confident and hopeful of keeping city at bay, at least until the break here.",confusion,0.0798
Here's Suarez Albert made a decent run. Neymar. Back from Alba.,caring,0.0877
Mandžukić going towards it. Griezmann. Gonna get it back here. A challenge there that.,sadness,0.1642
"I think that's a major difference between Arsenal's midfield and Chelsea's today. Chelsea's have looked backwards and square Arsenal's, every single one of them, three of them. Whoever has been, they look forward first. Can they find the red shirt going forward and get through Chelsea quicker look.",confusion,0.0908
Fellaini and Herrera are controlling the game in the middle of the park. Time for them to get forward,excitement,0.1035
"I lost count, he was the most capped French international player.",confusion,0.1853
"That's off, Chamberlain. That's one back by deflection.",annoyance,0.1581
"Love scoring from corners. Ball just drifted in. Well, little nudge on Luca Antonelli there Lorenzo Tonelli rather.",love,0.1079
"It's a little hot coming to Sergio Aguero and he couldn't bring it under control. Suarez has done well. Here is Messi now, Rakitic.",excitement,0.1492
Champions League phase Fletcher May as well lose 2 nil and go down with fighting them and go down one nil. Gibala scored two in the three serial games you can see him making appearance if he's fit well. Pogba's ball towards Cuadrado. Who's gonna have to stretch to reach for that and he can't do it.,disappointment,0.1005
"As you say Steve the 15 minute break, and whenever Manuel Pellegrini said to the team in half time it's the same old story in the second half. yeah it is.",caring,0.104
"Liverpool looking more likely, more lively. Pogba. Interesting to. Poor ball forward. Jose Mourinho's mind will be ticking here.",curiosity,0.3227
"And then Otamendi. He's been a real regular at centre back in this second half of the season, was in there and Firmino, with a little nudge on the back of Raheem Sterling.",caring,0.0985
"Steve told me over the summer he was the collection of a lot of that data that Milner stats were better than anybody else on a consistent basis. I think, to be honest with you, my personal opinion is that it's it's absolutely irrelevant and a waste of time because you can never. I took penalties for a long time and and I trained with players who practiced penalties and never missed and then would miss 5 in 10 in the game situation. So I don't believe that's relevant at all. Into three minutes of stoppage time with. Liverpool. Pushing forward their noses in front. Alderweireld, just got there ahead of him. And crucial that he did. Liverpool lead",confusion,0.0932
It's always a little bit too far away from the mark. I think it's fantastic.,curiosity,0.0886
Was there an issue? Of course French Jose Mourinho was the manager.,curiosity,0.2182
I'd presume they will push Yaya Toure further forward and Silva will go out onto the left hand side.It's offside here. The substitution will be made now.,annoyance,0.0843
"Before the game, I'm not having Ibrahimovic and Verratti would potentially mean they've got more energy in the team, more legs. Lose obviously, a lot of talent, it's not really proved to be the case. They haven't really pressed in midfield.",disappointment,0.1263
Eight as it stands at the moment.,realization,0.1851
First chance for Lucas Ocampos ready to accelerate forward.,optimism,0.194
Quarter of the game still to go and Dzeko's night is over. Wilfred Bony.,sadness,0.0734
Suarez. Leaves the ball inside. Vidal now on the ball for Sevilla looking for Suarez,excitement,0.0784
"Well, when you look at the Tottenham side, there is a lack of pace.",disappointment,0.2123
Threatening to leave Manchester United behind but. That's not been the case in this game. Toure Fernandinho. In by Navas,confusion,0.11
The four fingers were there in that shot. I don't know whether that was the point of indication.,confusion,0.211
"Xavi's ball out towards Adriano, who was knocked off balance and the free kick is given. He wanted the foul Adriano.",desire,0.1403
"Can just felt how strong, even if this was. Dismissive, wasn't it? Here's Rashford. Quick by Ander Herrera. And then by Fellaini. They work right to left. Blind.",disapproval,0.2297
"Another local affair, if you like, within certainly within the same country.",caring,0.1324
And you could tell look at the body language of the likes of Bonaventura.,realization,0.1259
"Just twist it slightly just watching with right ankle there. It's a poor, poor challenge from Cabaye.",disappointment,0.171
"Milner across on this side to defending that helped out Navas, still able to swing it in towards Fernandinho. Here's sterling.",caring,0.109
"Danger here from Milan, they're gonna create a yard.",fear,0.1631
"Jurgen Klopp, appreciating the save a bit more than the manager whose goalkeeper made it.",admiration,0.3955
Navaz's Touch was a velvet one.,caring,0.1
"What an important reach was from Benatia. It was good from Benatti. He reacted well. He's been so deep playing out from the ball when Neuer cleared it, he had to Sprint up and get across.",caring,0.1269
"And I think about Moreno you know, they pay quite a lot of money for him. And pretty much team announcement, suggesting that he's filling in for the injured James Milner who's-- There's no question that James Miller would have been the first choice leftback and may well play that position. It's not a demotion from midfield. It's because they regard him as a very good player in different positions.",caring,0.1292
"Ahead on here, it's another corner on the far side. They might try and get Raúl García on for this. He's really good in the air.",caring,0.0933
Players in the central area must be very difficult to operate in there as good as he is.,realization,0.1092
"Against England, got sent off actually in [inaudible] and. knew he would have been offside.",disappointment,0.1098
Look so much more assured down there with that fellow at the back.,optimism,0.1446
Very similar to the goal we saw Theo Walcott scored earlier in the half. You see Kante's got his head in his hands at the bottom here.,curiosity,0.0749
"When your principles are set in stone, the way in which they are, it's been brilliant to watch all night.",caring,0.1204
"Tiago, in steps Pepe. Koke, telling. Gámez he should be further up the field. For.",desire,0.0833
Guess bumped off David Luiz. And then? Then David Luiz went down and Martin Atkinson was ignoring him as he was riding around holding his face. He hasn't done anything that gets done nothing wrong. He's just fed the ball. He's run straight into him. I don't see where he can give a free kick for that. And I have some very good news for any Manchester City supporters that may be watching this game.,excitement,0.1246
"Xavi again. There's PSG once more. Give it away. Suarez looks to turn provider this time, but it's a foul by Neymar. Scratches Marquinhos on the way through.",annoyance,0.1009
Blind By Sagna.It's been a moment,confusion,0.1098
And Liverpool have the first opportunity here from the set piece. They've sent Lovren.,excitement,0.0952
Equals control over the game for Barcelona.,realization,0.1237
David Luiz looking for Ibrahimovic. Cavani. Linking up with Pastore. Maxwell now. Space for the Brazilian left back.,desire,0.106
Goes off as soon as the ball landed for Lavezzi. Here's Mascherano.,excitement,0.0837
Lovern. fasten your seat belts for the last 20 minutes here. Henderson. He's gone down. Right by Chambers. Headed. By Walcott,nervousness,0.0716
"Might have some interesting things to say about that first 15 minutes. Well, here's Lewandowski.",curiosity,0.3284
"Milner the through towards Joe Allen. Vincent Kompany able to see it out for Manchester City. I know a lot was made of the the Liverpool performance when they won 4-1 at the Etihad before Christmas, but this must rank it pretty close in terms of what they've been able to do under Jurgen Klopp as the manager and spoke in a very similar performance tonight, hasn't it in terms of pressing that Glenn's been talking about and taking the opportunities when they've been there. Yeah, I think following that game everybody was talking about the influence that Klopp's had on the team. And is this the new Liverpool?",confusion,0.2022
He's not gonna be shy of going for the ball.,optimism,0.1027
"Now the reaction first to the touch from Sterling and then the Flanagan challenge told a lot about what he can expect this evening. Yeah, and that's exactly what you want from the home team. The home supporters wanted this.",desire,0.2127
"It was a big influence on this game, there's no doubt about that. One of the biggest first one, the wall from Arsenal, doesn't jump. Not sure that even if it had got anywhere near, that's a brilliant free kick. The second one.",approval,0.111
"And then, Gianluigi Buffon had some nice words to say about the England goalkeeper in the buildup, didn't they?",curiosity,0.1838
"Knows all about Juventus, doesn't. He was a a championship winner the season before they were demoted. He was a former teammate of Gianluigi Buffon. Buffon stuck it out and got them back into Seria. Patrice Evra went off to Pastures New. He's the one they talk about, is they when they.",excitement,0.0875
"It's a particularly strong City bench, the saving Fernandinho, Navas, Bony, Mangala, Lampard and Sanga. Here is Messi.",caring,0.1035
Milner's operating down the left now having been predominantly on the right side in the first half and Fernando with the tackle.,curiosity,0.0864
"United thinking, they have to stop them. Very early in the league but they have had some impressive games.",realization,0.1219
He didn't go to ground as he did the other day at [stadium]Old Trafford[stadium].,confusion,0.0697
De Bruyne Cut out by Alex Sandro. Won back by Sagna.,realization,0.0926
Borini. Liverpool made to.,realization,0.0896
They get Coutinho in the game for Liverpool. And you going to cause big problems. He's been the game changer so far. He decided at half time.,approval,0.0705
"Liverpool passed it well, but those two in front the screening well seem close together there now. Walcott back defending. Beaten to it by Coutino.",curiosity,0.0806
And why may be more suited to it than the?,curiosity,0.4179
Mane nearly pinched that Chelsea would been in trouble.,embarrassment,0.0923
Maybe what he has been saying is we must feel the danger. We must never relax.,fear,0.2472
"Van der Wiel, though instantly under pressure.",nervousness,0.1068
"Realistically, it's Sunday nights of it really has been poor this evening.",disappointment,0.2498
"We got to be a little bit stiffer here, a little bit, we are 3-0 up. Let's make sure we do the right thing defensively. You were talking about the not having a shot in the match so far on target. You've gotta go back to September 2007 for the last time Chelsea went through 90 minutes without having a shot on target in a game. That's a lot of football matches between then and now.",caring,0.0907
And they do advance with the ball at their feet and Arsenals,excitement,0.1262
You can see around just going on getting 3 or 4.,realization,0.1523
It didn't look like he moved his arm towards the ball.,confusion,0.1837
But they found it really difficult against the Champions of Italy so far.,curiosity,0.0878
How much they've actually had time to work on the shape of this. Tonight it must be pretty limited.,curiosity,0.1046
Ronaldo has that ability to create opportunities for himself. He's in such a a creative team as well that they will create chances for him and they kind of form he's in. Wouldn't be surprised if he scored it yet again tonight.,caring,0.0988
" There's Dybala, two City players there with him Kolarov and De Bruyne. Lichsteiner arrives to help out Kolarov. There's just about enough and then Fernandinho can play away. A little bit boxed in though here Manchester City. And Bony can't hold it. You've said quite a few times tonight, Steve, haven't we?",curiosity,0.1046
"Xabi Alonso, of course, from Real Madrid, where",realization,0.0972
"And used all the substitutes on his hamstrings gone, Milan on a few minutes with only nine men. Paletta. His hamstring just pings here.",disappointment,0.0853
Whip it in onto the head of Schweinsteiger Coming in. It was neither a cross.,confusion,0.0842
"So easy for them. Aguero dispossessed by Sturaro. But he's won it back again. Now here's Kevin De Bruyne, David Silva.",excitement,0.0633
"First team playing has been for a number of years, son of a former Barcelona goalkeeper, which he said was a great disadvantage to him, not the position but the name. Rakitic. Here's Dani Alves. Messi",disappointment,0.097
"And there is Fabregas says back here, 8 years as an Arsenal player, he joined them as a 16 year old and he made his debut as a 16 year old. He's still the youngest player to play in an Arsenal shirt and he's had to be patient, Antonio Conte told him quite clearly that he wanted him to be better. When Chelsea haven't got the ball and he's obviously seen enough from him in terms of the performance at Leicester in midweek and what he's done in training so far to get back in the side today at the expense of Oscar.",desire,0.1074
"Ivanovic. Exposed in some ways that has been tough with David Luiz coming back, but are they going to go to three at the back but to go to three at the back, which they could do and I ask myself the question where are the wingbacks? There's an obvious energetic up and down wingbacks here that I can see that Chelsea might ask Willian, but is he really a wing back? I'm not sure.",curiosity,0.3031
"And that almost rolls in slowly, softly into the goal.",realization,0.101
Not particularly kind ball that by Fanni for Mario Lemina. This is going to be an issue as well.,disappointment,0.2627
Bernat A throw might have been given the other way initially. The lines would have been offside believe it or not beneath us,confusion,0.1077
"Boateng Well, now, I think he's worked it out. He would fancy his chances for his team. I think I'd be delighted if I was him with that front three. I'd be delighted. They're gonna get chances. They've got the better individuals.",optimism,0.1223
"Pedro, to take the free kick, Cahill, Ivanovic, David, Luiz have all gone in there. Batshuayi an added target, along with Diego Costa.",excitement,0.1121
But Sevilla have been gifted possession. Banega.,excitement,0.0727
41st Champions League goal.,realization,0.1172
"Saying to him. Go on then let me see if you can go on your left foot, As soon as you get on there, as long as you've got confidence in the strike, you should be able to test the keeper at least.",caring,0.1539
" Nowhere near fully fit. Manchester City's top scorer from last season, but he's on and we'll see what he can do and what remains of this match. Just over six and 1/2 minutes plus stoppage time. City 1, Juventus 2. Tactically the Italian side have been absolutely spot on tonight and they seen two really good finishes from them as well. Mandžukić from Italy and then Alvaro Morata. Yeah, Dybala down there.",confusion,0.1113
Now. Pepe.,approval,0.0847
Aerial challenge. Where?,curiosity,0.3143
And Krychowiak being replaced.,disapproval,0.1096
The first thing you always have to do when you come to Anfield as a United team is respect.,caring,0.2212
Saaul who lost it is annoyed with himself for doing so. Inside back on the ball again.,annoyance,0.2375
Milner. Now Coutinho and Walker is visibly struggling here.,confusion,0.1515
"Been good travellers this season, Manchester City, they're only away loss in any competition at Tottenham back at the end of September.",optimism,0.0991
No yellow cards so far from Gonzalez Gonzalez.,disapproval,0.0913
To make sure they don't concede cause. And imagine the two goal cushion wouldn't forgo that.,caring,0.0861
"Plenty of time here for Hernanes, and then the Swiss international Stefan Lichtsteiner.",excitement,0.1031
"Bonaventura closed down by Man City side on his 90th league appearance. Mário Rui, again without real any. Concentration. Is cluttered in the back by. Croce. Adil Rami.  de Jong for Ménez. Poli. Bocchetti b ut it was too far away from him.",disappointment,0.0964
And they link up here. Front two again threatening Barcelona.,anger,0.1954
"About this time in the game at Anfield that he scored that wonderful opening goal on second round, Madrid on the way to that three nil victory. Fellow centre of gravity here of Isco.",excitement,0.1164
"Clichy gathering up to support Silva on the outside, they combine here. Wilfried Bony's very good in the air to go for.",caring,0.1167
Offside byDiego Costa. Lovren the goal scorer and you see it here again at the back post. I mean they're all at sea in the middle. That's not a set up. You see they come out.,confusion,0.0904
[commentor]He mentioned his record. His disciplinary record is poor.,disappointment,0.1554
"He's been in goal after the injured Loris Karius in preseason, when he broke his hand following a collision with Dejan Lovren.",caring,0.085
Taken by David Silva and the header by Fernando.,curiosity,0.08
"Here's Bastian Schweinsteiger, not sure of his place Every week for Bayern these days. Muller's.",confusion,0.3482
Took it quickly with Otamendi in the vicinity.,realization,0.1045
Shows how important tonight is to Manuel Pellegrini. He knows he's got to close the gap on Leicester.,realization,0.2713
"He has taken on, of course, a lot of the responsibility of the departed captain.",realization,0.152
"That is, this time denying the ball forward from Raheem Sterling. Here is Hernanes now Cuadrado, who's allowed to turn again, and he can line one up here, Cuadrado. Plenty of power from his boot, but not quite the direction. Yeah, Joe Hart had it covered.",desire,0.0736
And that's. Time for the one major summer signing with the greatest respect to Rob Holden. Xhaka . [commentor] Coquelin all of a su dden.,excitement,0.1251
Clichy on the move. And Flanagan with the footing.,excitement,0.1326
"Honestly, Young is certainly and well, Manchester had a",realization,0.117
"The goal has definitely liven in this game, but.",desire,0.1218
This will be his final group stage game of the Champions League for Barcelona on who's played more Champions League matches than anybody else. A couple ahead now have Iker Casias. Didn't play for Real Madrid last night.,desire,0.1108
That's the modus operandi of Simeone.,pride,0.0663
"Right after a false start. Off we go, Paris Saint-Germain with the kick off playing from right to left.",excitement,0.1181
And he's done well to make sure that it's a throw rather than a corner.,caring,0.1437
And here is Monreal's 90th minute. Cleared by Stewart. Still time for Arsenal. Chambers.,excitement,0.0899
"I think that's a fined in Barcelona, isn't it? You might have given it away twice tonight.",confusion,0.1102
Referee didn't see anything wrong with that and play will restart with a Liverpool throw rather than a Tottenham free kick. A bright smile from Mane.,optimism,0.1608
"On either side. Alberto Moreno on Walcott. It was inside the box, and it's a penalty to Arsenal that rashness.",curiosity,0.0693
Costa scored maps to incredible goal against Wolfsburg from a similar area.,excitement,0.1291
"And Smalling on the way back, he does commit the foul now. Michael Oliver and Chris Smalling have history and the last Derby here thhis referee sent this player off.",excitement,0.1043
Henderson. Taken down by David Luiz.,disappointment,0.0877
They have never won in the Premier League years after being two nil down at half time.,disappointment,0.128
Can runs on to Joe Allen here. And Varane does well again. Kroos. Just put it.,excitement,0.0818
Here's Silva. Fernando. Navas.,realization,0.084
"Trying to make his side more offensive and risking, and the team being much more open through midfield and at the back here. It's going to be hard work. Yeah, yeah.Yaya Toure and Fernando are gonna have to get through a lot of running and might find themselves outnumbered sometimes. They've always got Aguero though.",desire,0.07
Little closer to his goal than he intended.,desire,0.1468
His bail from the Real Madrid right.,realization,0.0851
Typical of him.He got a foot on the ball. It's frantic as we would expect.,nervousness,0.2703
"Promising set piece position for Spurs, they actually tried to take it quickly, but Bobby Madley has asked for it to be retaken.",optimism,0.1278
He's already received a yellow card Mane. He's just been spoken to here by Bobby Madley.,disapproval,0.1515
"Ibrahimović. Looks so easy, it's gave way. And Mascherano panics a clearance and as far as Lucas.",nervousness,0.1623
Back by Rabiot. It's Marquinhos. Van der Wiel.,caring,0.0854
There is definitely an area you think you could get out. Barcelona from free kicks and corners got to utilise the height you've got in the team. I'm missing the first defender.,caring,0.1065
"But I must say they've been very self contained. The two bosses in the dugout? Yeah, there's plenty of potential for friction, should we say.",curiosity,0.0819
Manchester City are expecting the ball to go back to them.,excitement,0.1004
James Rodriguez. Just got there the pass.,realization,0.0944
Navas with the signal So the corner. It's Comfortable. Sagna for David De Gea.,relief,0.1287
Some good fortune you think came up. Was it the heel of Chambers that just took it away? Just there. It's important touch.,caring,0.1065
In it goes from Ozil and dealt with in the near post by Alonso.,curiosity,0.0928
"Great, isn't he? John Flanagan tonight really has good experience. He's had three players to play against. Started with Sterling, Silva, went out there and nowIheanacho and good experience for a young player to play against different talents.",caring,0.1164
"Firmino, doesn't need to take a touch and he just sweeps it into the far corner, uses the angle of the ball to bend it inside that far post. Just a natural strike of the ball when it's coming from that angle, will curl it and you see here, perfectly knocks it to the side of Hart. Beautiful goal.",caring,0.1332
Forcing them to concede possession. Verratti finds Marquinhos.,realization,0.0757
Silly bits of petulance from players kicking balls away and still wastes of yellers. He has his physical presence.,annoyance,0.2111
You couldn't even say they were coasting to victory. Because they've been ineffective today.,disappointment,0.1488
Here's down with Silva now. Kolarov off Sturaro getting across there Kolarov still gets the crossing towards Bony Chiellini did enough. And then Evra is able to clear.,annoyance,0.0837
Sluggish. Liverpool so bright. Scorer of the first goal Dejan Lovren,surprise,0.0992
"In the second half or managed 45 minutes of the of the second leg, I should say in the Newcap was never fit. So foul by Kompany on Suarez.",disappointment,0.1606
"Here's Navas. De Bruye, it's a loose ball really from De bruyne, who hasn't been at his best so far. It just came off Navas seeing De Bruyne was trying to pick up Bacary Sagna out and Navas was standing and it just come off his foot and diverted out of play.",curiosity,0.0766
"Firmino can spin away there from Fernandinho and then take on Fernando. Liverpool flowing forward, Clichy in the right place. Fantastic feat from Otamendi not bad for a centre back, although Liverpool get bodies around him and then Fernandinho goes in.",excitement,0.1287
Sterling has a very little impact so far.,neutral,0.0894
Mandanda looking back with some relief as that ball flashed wide.,relief,0.4151
"They're moving into second spot, a point behind LYon, but.",curiosity,0.1092
Ruddy Buquet getting the PSG war back 10 yards. Sirigu getting the. The rubbish out of his six yard box.,disappointment,0.181
"Card is out for Bernat who felt he was needed in the middle and he tried to match him. In a race, Bernat",desire,0.0839
Mignolet Penalty save only accounting for so much as the same at the time. Free kick given Arsenal's way. Not really going for it.,disappointment,0.1331
"So that result source for the evening, you would suggest some. Still all to play for in this game. Borussia Mönchengladbach",caring,0.1214
Thiago Motta's header. Morel's control.,realization,0.1151
"Well, he's got a few wrong if I am honest, and the problem is. Especially.",disappointment,0.1309
It's a key element to how they play. Having two such good footballing centre halves,caring,0.112
"Well, he was at the far post Mathieu trying and he's up above Mathieu. Can't drag them on target.",confusion,0.0759
In to Yaya Toure from Martin Demichelis.,admiration,0.1076
" Great little pass from Silva to pull it back to him on the edge of the box and a good block from Mascherano. Get the quality of this corner right, put him under pressure again.",caring,0.0985
"One thing I would say about that last shot is that he's experienced and his quality means he just steps across, anticipates and captures it. Makes it look easy. Yeah.",caring,0.1112
Just ran out of play in the end by Bocchetti. Bocchetti came on to replace Alex who.,disappointment,0.1408
Fouled Sergio Ramos. Ramos just dropping in. To contest that ball into Mandzukic.,excitement,0.1313
"Ibrahimović. Lucas quickens the pace, darts brilliantly into the area, Pique comes across, doesn't stop him again. ter Stegen does, cleared off the line. Will it go in? Matuidi. Scrambled.",excitement,0.1605
Handball. Oh draw. The playback very late that Martin Atkinson. Unlucky there Suarez. Doesn't argue too much with suggest that maybe the referees got it right. Let's have a look. Handball interview there. ,disappointment,0.0854
"Really positive start, though, isn't it, Glenn, from Liverpool? A really great start. We were here when they started like this against Arsenal. They came out the tracks really quick. Same tonight and they look like they're doing business, aren't they tonight? I think they've been a revenge in their in their play at the moment. They really are on the front foot. Here's Lallana and one of the five players changed by Jurgen Klopp from the weekend. And with Joe Hart.",optimism,0.217
Looking fresh again at the start of this second half.,optimism,0.2384
"Hazard's made the runoff him down the Chelsea left this side, he was looking instead for Willian and here's Xhaka.",disappointment,0.2018
"Raúl García, just dropping in on the right here.",surprise,0.1232
Just a little too close to fancy Coutinho put it in the corner. He sets himself that standard in that Lallana try to think it over him. Bellerin got in. [commentor] The Injured player is Alex Iwobi.,caring,0.0877
Marcelo in the refuge absolutely spot on as well because Marcelo is just looking to leave something on Raheem Sterling here.,caring,0.0918
Important they get the rest relaxation travel.,relief,0.3894
"Such a good run from Bacca as well because he knew he was on side, took a step back, got back on, never, never stopped still was able to receive it from Aleix Vidal and that's what you gotta do. Put it in at pace, Antonio Reyes. Just a step away maybe two years or so ago, he would have got on the end of that.",excitement,0.1334
Sagna you can see again the work rate of Mario Mandzukic's to get back and make a challenge in his own left back position from centre forward.,curiosity,0.1052
Registering here in the knockout phase.,realization,0.1871
"Got up the tempo, Tottenham. They've got to find some energy and some spirit to geet back in this game.",excitement,0.1836
"Pushing the ball into his path. To go to the other side of Paletta, if he was going to find some Massimo Maccarone. Empoli here.",excitement,0.0835
"Still, it's not an accurate one. They've got an awful lot going down that left hand side with Clichy and De Bruyne tonight.",disappointment,0.1956
"De Bruyne is going to swing this one in with his right foot and nearly an equalizer as it bounced off the foot of Yaya Toure. He's claiming that he's punted him. He's not gonna get that, I don't think. Well. Nearly.",excitement,0.1339
"Flick towards Giroud. It bounces around dangerously. Campbell plays it back. Giroud was waiting for the folly, but he wouldn't come down for him and it was broken up by Thiago. Look at Thiago, great cover in there. Look at that cover. Technically it's just so good, Thiago.",excitement,0.1831
He looks like he's tweaked a hamstring. David Luiz.,confusion,0.1008
bring him down. It's as simple as that. And then when Ozil plays the one-two.,annoyance,0.0662
"You would sound likely from what we've seen so far, but Pep Guardiola.",curiosity,0.0744
Here's Nasri. Morata working very hard and as his Mandžukić to drop back into midfield to make the extra man. Yaya Touré. Fernandinho.,admiration,0.1118
"Here's Alexis Sanchez. Mesut Ozil is supporting him out wide. Iwobi's made a good run through the middle, Walcott forward as well. It's into Walcott who couldn't gather it.",caring,0.0814
Hasn't yet produced his best football with OM and Lemina's beaten to that one by Pastore.,curiosity,0.0863
Dani Alves again brilliant from Messi. Nearly.,excitement,0.125
"Look at Matic, Ivanovic. They looked really leggy. Really legggy.",annoyance,0.0874
"Every time he gets it, the crowd wants him to pull the trigger. Here's Iwobi Ozil. Xhaka No one's putting any pressure on the ball.",excitement,0.1792
"There's one thing, certainly for all played well, Liverpool for 60 minutes, you can't trust them defensively. Still no clean sheet in the Premier League this season for them. It's a big let down. It really is because they are fantastic to watch, particularly when the play with the quick combinations, the movements when you see things like that. it really does let them down. Massive frustration and anger.",annoyance,0.1627
"This nonsense, Lavezzi, unnhappy. He's got a laser on his face. He's getting bits of paper chucked at him.",disappointment,0.1489
"Bad news for PSG with a cup semifinal coming up on Wednesday in Santa Tien, a League Cup final next weekend against Bastia and then the Barcelona first leg. A few days later.",disappointment,0.2978
You see just. Was it that contact at the end?,curiosity,0.3424
"The Lallana, for Mane who has had such an excellent start to his Liverpool career. He wins the free kick here from Jan Vertonghen",admiration,0.2169
"About penalty takers, they would all take a penalty after training after every training session.",realization,0.1483
And Leicester keeping in the title race at Everton yesterday.,excitement,0.1508
"He got there Xabi Alonso, but he wasn't allowed to relax.",annoyance,0.0906
"[commentor] Surely you say. Let's go again, you know, get the lead back and go on and win it. [commentor] And you certainly can say that because quite often as you know, it just feels a little bit deflating and hollowing.",annoyance,0.1188
In the previous seasons under this structure of football in England. Clyne Pushing Hazard.,realization,0.0831
Cahill scored the winner incidentally when their sides met in a preseason match in Pasadena in the USA in July. Just one nil.,realization,0.0951
Azpilicueta sends it up towards the Diego Costa and away by Mustafi.,excitement,0.1048
Arsenal move the ball at the end of the pitch against Liverpool in the last 2-3 minutes. They have been able to stop that. And the clock down a little bit. Making substitutions. substitutions.,caring,0.1139
Messi. Xavi. Suarez. Adriano. Now Xavi.,confusion,0.1297
"By Blaise Matuidi, who will now complete the clearance.",caring,0.0832
Foward by Jordi Alba. Neymar couldn't keep it. Here's Lewandowski trying to play Muller through the middle.,annoyance,0.091
"How he's seen that from there, I don't know. But if he has got it right, what a wonderful decision. But it's tight. Really tight. Tottenham are lucky. Could be out of this game by now.",curiosity,0.0909
Ivanovic leaving it to Hazard as you would. Fabregas. Hazard,realization,0.0747
Bayern still waiting at home. Probably always saying they want to go through in style. So far they are against CSK. Manchester City going so well for them. Nazri's goal means that Roma have to score twice to prevent Manchester City as things stand going through from that group.,desire,0.1559
"Have been his most assured game, for Barcelona especially when you take into account the quality of your position and the strikers he's been trying to keep quiet tonight. I think he's done better at right back than Mathieu.",approval,0.0874
"I must say I like Gary Cahill, I really do. Today. His mind not there. He's made a really big mistake for the goal. He made another mistake over there. And again, his concentration wasn't there, was it?",confusion,0.1415
Already 2 tough calls. This is Matuidi,disappointment,0.0726
"Waiting for Ronaldo, this looks an awfully long way out. But the way that he strikes the border, like the way he likes to get it up and down the long distance, is the problem for him. You know, he's got the power, just wants to get it to dip in front of me. You're like there's a distance. Here's your man.",desire,0.1015
Rakitic as well as the attacking midfield player. The other one would be Monier. [inaudible],confusion,0.1406
"Enemies for one night, that's what. Blaise Matuidi said this week.",anger,0.1056
"Really close. Good play from Man City pressing High, winning the ball back in the last third. Neymar. Messi.",excitement,0.1505
"Chiellini, by the way, missed the final you might remember with a calf injury last year, so he'll be desperate to try to get there this time and play.",desire,0.1382
We're hoping that his team could just carve out one chance in his closing moments. Listened to be then.,desire,0.1581
"Zieliński. Not able to influence the game, as much as they did in the first half. Cross deflected in Tavano, tries the overhead kick. It's come to blows with. Palleta trying to get it. Block the shot.",disappointment,0.205
Threaded back from Lallana. What comes for Coutinho? Cleaed by Blind Blind again.,curiosity,0.0829
Varane. That's wonderful play pressure. What pressure? Modric. Isco. Ronaldo. He's not gonna outrun Raheem Sterling. There's a wiry young man and. The.,caring,0.0938
"Alexis Sanchez. Hector Bellerin has stayed well forward down the Arsenal right, the right back. Now Iwobi, Monreal had stayed forward too. Here he is. Now Coquelin",realization,0.0907
"From the fact he didn't get the free kick on the counterattack. Pique, Dani Alves and now Neymar for Barcelona. He throws his right leg towards Thiago. It's not a foul.",curiosity,0.0707
Goodbye. In between. He can't cover it. The force look up front. It's a 4-2-4. Just gets one on one with David Luiz. How many times will David Lewis in that little nutmegs snaps it past him? And then Marquinhos is in trouble.,confusion,0.1076
"Dani Alves had never will get forward to lock down that right hand side, just tossed in towards the head of.",disappointment,0.1584
Real Madrid could it just be some tiredness setting in for a Bacca? Could we see Gameiro come on imminently?,curiosity,0.1803
"Pushed on his backside and the referee actually in the end, he played the advantage and Juan Mata is saying, well, I've got the ball in space. Did you really need to stop it?",confusion,0.1074
Someone looks for options further forward. There aren't too many of them. He's picked a decent ball here for Ozil. Sanchez.,curiosity,0.1433
"Neat passing as soon as Origi plays out wide, though, he's got to get in the box and I think Firmino was just in an offside position, even if he had. Latched onto it.",caring,0.0968
Doesn't look at the moment that they will be needed. Marquinhos. Cabaye. Maxwell.,disappointment,0.0851
"Mendy. Lemina. Morel, now finding Rod Fanni",excitement,0.1129
"Of course, we are speculating that there's a problem. There might not be a problem, it could be tactical from Pellegrini, but you would be surprised if that's the case. Listen, there's a problem. There's no way you take your skipper.",curiosity,0.1404
"More confident in his own ability this year, and there's been the odd injury that's been able to. Just put on a more solid. The first good performance.",optimism,0.133
"For Arsenal and inside 15 minutes they lead 2-0 here against a Chelsea side, Steve who they found it really hard to win against in recent seasons. Yeah, Glenn's right. I mentioned Chelsea's deficiencies. But you have to say Arsenal's passing was excellent. Crisp, precise.",caring,0.128
Just figured for the last three and a half weeks. Sanga.,realization,0.1451
"Coming in a little bit of now, understandable hesitation, Lovren got there first as he had to do in the end. [commentor] Yeah. It was a really good first time delivery from Bellerin, just guides it back across goal and.",nervousness,0.1275
"Rico there, he did everything right.",realization,0.1216
"Brazil could have done with him the 2014 World Cup, couldn't they? Well, and he looked to sniff at £22 million as well. The Campbell is down injured here, by the way.",curiosity,0.1168
[commentor] Bit of dealing with another Liverpool by Mignolet. There's still 25 minutes to go here. [commentor]They looked dead Arsenal.,disappointment,0.1093
"Committed a foul, Ibrahimovich. Another good save by Mandanda who's keeping OM in this? Payet. Romao",curiosity,0.0741
Still struggling to give Casillas anything to bother him.,confusion,0.1996
"As you rightly said, Flex Junventus look nice and comfortable.",approval,0.1527
So let's see how they play this. It might be a case of a the old false number nine for want of a better phrase. Clichy.,curiosity,0.1598
"Just on the edge of it. Marquinhos, maybe in the middle a little deeper. Is Barcelona. Recovery Challenge Thiago Silva.",curiosity,0.0849
To stop Bernat getting forward. Now Xabi Alonso.,annoyance,0.0968
"But when they went 2-0, you just sense that they could just let Chelsea come on to them and hit them on the break.He gets a bitof good fortune there. He doesn't catch it right, but it's a great ball from Sanchez. But for me, Kante, if you're the holding player, you don't commit, you buy time, so your team can get back. That's his job. It's alright, you are saying Conte said to you go and play a little bit more, but that's his job to stop that ball. Don't commit. He goes to the wrong side and they break. Arsenal break too easily. And Glenn, when you commit, I'm sorry, but you bring him down. If he takes you on you",caring,0.0686
Don't know if it was a tactic from Chelsea or they've just been driven back. But certainly. Retreated in the game.,confusion,0.2027
"Yeah, good play. I think that was a corner actually. I'm pretty sure this takes a little deflection. Referee's given a goal kick but.",caring,0.1071
"No problem that time. The shout from Joe Hart to Otamendi, that's mine.",approval,0.0979
Felt blood in the course almost saw the same colour on the card.,realization,0.1114
"Marc-André ter Stegen here has played all the Champions League group games, but they.",curiosity,0.0705
And it's back from Alba. Neymar lets it run. Xavi wasn't expecting him to let it run.,surprise,0.1382
"Who started tonight 10 points behind the league leaders Leicester City, with games starting to run out and it's a long way back from here 2-0 down with three minutes of the first half to go. Fantastic skill by Can. Liverpool playing with real confidence now.",optimism,0.0946
"So when you're switching it from left to right Fletch, it has to go in either one touch 40 yard pass to open up the defence, and that won't let the the right midfielder or the left midfielder have one on one with the defender. But when you come across like this slow, slow, slow, the everybody just shuffles across.",confusion,0.0997
Mathieu. This is the incident. His foot in there again. Thiago Silva.,embarrassment,0.083
"So more football coming up for you next week in the Europa League, the last 16 first leg, Liverpool against Manchester United next Thursday, 7:15 BT Sport Europe and Ultra HD.",excitement,0.162
Fernandino is a lucky boy there because just let Rakitic run off him.,relief,0.1176
"There is a bit of a feeling, Gary, that Luis Enrique has made Barcelona just a little bit fitter than they were before. He's like the strict schoolmaster that you only really appreciate when you've left school.",caring,0.09
"Yeah, coupled with Pogba who likes to get forward, certainly in this game. Cuadrado, of course we associate with being a forwards, is a very attacking line, but when I saw it. But they haven't looked in.",confusion,0.1073
"Here's Bacary Sagna, who's done well here. Good strong run from Sagna. It'll be a corner off Chiellini.",excitement,0.1213
Working from a wider position as well.,realization,0.1552
"Origi Lallana wanting a runner to the left, but there wasn't one. Liverpool controlling the game. with possession in the middle of the pitch. Chelsea have nothing to do about it. Coutinho",desire,0.1539
Can is closed down quickly by Fernandinho Henderson out to Flanagan.,curiosity,0.0606
"You mentioned quite early in the night about keeping the crowd involved, keeping the volume pumped up, keeping the atmosphere special, and now it is a game. Now there's a little bit of belief about the.",excitement,0.2081
"Piquét, again strong tactic to play offside like that, will look from the halfway line.",excitement,0.074
"Mandžukić it saying, ""Why didn't you back at it on for me?"" But yeah, eyes in the back of the head came to mind.",confusion,0.1315
The real opportunity there for Sevilla must be the best of the game.,realization,0.0955
Milner face down and not moving.,disappointment,0.1227
"Still, a couple of big games between the top teams coming up. We of course mentioned earlier Athletico Madrid, Barcelona, Real Madrid, as you say, also have to entertain Valencia. Two tremendous games. The league is not over. Whatever happens here today. Aleix Vidal.",excitement,0.1541
To this much changed side.,realization,0.178
Cleared for a throw into the all whites of Sevilla. We're into the last quarter.,excitement,0.1014
The intercepted by Leonardo Bonucci.,curiosity,0.0724
So highlights tonight at 10:00 o'clock on the BT Sport Europe of all the Champions League action.,excitement,0.1303
"The plays from Lucas [commentor]Rob[commentor] on the right hand side is going to be a p[commentor]Rob[commentor]lem. I'm telling you now. That was Mascherano that was out there trying to stop the cross coming in. He couldn't, and the height advantage they've got with Ibrahimovic and Cavani at the far post, there's another p[commentor]Rob[commentor]lem. Suarez to Neymar.",caring,0.0825
Looks a little bit more expensive.,curiosity,0.1127
Here's Piqué. Now Mascherano.,curiosity,0.0762
"They did this so regularly, they were ahead of them for so many Premier League seasons. Trophy winning seasons. So much in recent times.",excitement,0.1275
"Looked to me, like Cavani went in late on Busquets. Official sort.",realization,0.0848
" Again Flex. This is all nice and easy, isn't it for Juventus? Buffon rolls it out. Chiellini splints 50 yards up the fields.",caring,0.0958
90 seconds time to go to half time in the sunshine here in north London.,excitement,0.1463
"It won't be easy because we've seen some some stupendous play in this competition so far, haven't we?",disappointment,0.0964
He's not got the grace of Xavi obviously. His work rate's immense. He's a good player.,surprise,0.0704
"He's not looking to play the ball, he's looking to catch the youngster. He does that and he's right to be booked.",desire,0.1136
"Picks, wasted time, Ohh!. Do you know what? It's Lallana that's offside. Probably a boot. Not sure. Supposed to be.",confusion,0.1875
Just caught Reyes. Reyes booked for a similar offence just moments ago and felt there should have been the yellow. See the replay then. No. Penalty. At all. Ball came off Carriço's side,excitement,0.0664
Gets in the way of the shots of Croce. Honda.,excitement,0.1048
"Mascherano ter Stegen. We say is the modern goalkeeper so good with his feet ter Stegen cleverly, gets himself out of a sticky situation.",approval,0.0751
Looks like the one that means business Schweinsteiger has moved away.,realization,0.1141
Busquets. Here is Alba.,amusement,0.0663
But he's given away the free kick. Oh dear me! all day. His arm. Following through.,confusion,0.0989
Wijnaldum . Ball forward by Alderweireld for Kane to renew his battle with Lovren .,excitement,0.1015
"And this is a ball. He's passing it into the box, it's laid off, and it's the first time finish on the left foot and the margin is awful.",excitement,0.0966
"Soldier on. Otherwise, though, the City football played into from David Silva. Messes up the layout.",confusion,0.2233
An attack with the midfield. It's a good covering tackle from Alex which could lead to the head through just stops the game accordingly.,caring,0.1191
"That would have been Sturaro's first goal of the season, by the way. Here's morata. He has pitched Juve up.",excitement,0.1141
"David Silva. Here's Dzeko has drifted out to that left hand side a lot Edin Dzeko. Started its way to Gaël Clichy, Mascherano attacking the ball Dani Silvas, got it back. Wait by Jordi Alba. As far as James Milner.",curiosity,0.0851
"The creator supreme, Dimitri Payet. Putting it",realization,0.121
Well played by Coquelin to get the boot in. Big job for him as the holding midfield player Coquelin a year ago tonight. He was making his debut for Charlton Athletic on loan. Müller.,admiration,0.1089
He's no concept of awareness of what's around him of composure and his defending.,confusion,0.1683
"Wijnaldum, Henderson, Lallana, turning neatly. Wijnaldum again.",realization,0.0877
"Ball around the corner from Yaya Toure wasn't a bad idea there, hoping Sterling might have just broken in behind now. Now then Morata has got the better of Otamendi here. He's got Dyvala up there with him. Is Morata still Morata and Joe Hart, whether he's injured or not makes a vital save.",caring,0.0776
"the right price. He hadn't developed, Had he? Physically looked a little bit",curiosity,0.1268
"They just look so good going forward. Create somebody overloads and if the wingers don't track back, you haven't seen Alexis Sanchez track back like he did at the Emirates.",excitement,0.1029
"Huge decision already in Porto it is a penalty for Porto to be taken by Quaresma. Manuel Noyer has brought down Jackson Martinez only shown a yellow card, could well have been a red. Porto with a chance to go one up against Bayern Munich and they lead by a goal to nil. Manuel Noyer is still on the pitch. Will show you that incident at half time. To Messi.",excitement,0.0704
"It's a clever ball from Clyne, using Mane's pace to try and get him behind Vertonghen because that's the one little weakness Vertonghen's got is his pace.",caring,0.0983
It's a fairway out to start thinking about playing for penalties. But I think he's doing it. That's one thing.,curiosity,0.1012
"That should have been a second goal for Paris Saint Germain. It was a great exhibition then, wasn't it?",excitement,0.192
"Looks like he's gonna be alright. Again tomorrow by the way, we have Ruben Kazan against Liverpool from the Europa Luck BT Sport to Europe from 5:30 and after that it'll be spurs against Anderlecht from 8:00 o'clock and on BT Sport 2 HD. You can see Celtic playing moulder with a 530 start.",optimism,0.0932
"I don't know how intentional that was, but he certainly did catch him.",curiosity,0.1169
Handball is given there,realization,0.0801
"Here is Mane.First chance for him to run it to Rose, since the caution. Wanyama with a crucial stop, poor ball Mane that was. Here's Kane.",caring,0.0733
It's with great pace Busquets goes back and clears it well.,excitement,0.1145
"7:30 Sky Sports One Wednesday, October the 26th date for your diary for both of those FL tyres. Here's Ander Herrera. He's",caring,0.102
Milner through towards Lallana.,caring,0.0798
Can. The Shin pad didn't do its job. It's hard a bang.,disappointment,0.1908
Rakitic. Mascherano. And Jordi Alba. Iniesta. Busquets.,approval,0.0723
"In recent seasons, with the growth of Manchester City.",realization,0.1301
Barcelona are going to create chances in the two who takes their chances? Who?,curiosity,0.2319
"They haven't really done it with a great shape to their play. Hang on the old guard, the inspirational Silva and Toure and Aguero",curiosity,0.0763
"Wijnaldum, get it through to Lallana, almost a similar situation to the one that got to Moreno into trouble. Part of the pitch [commentor]Just got more composed of him on really stayed on his feet. He commits himself.",disappointment,0.1138
"[commentor] What Jamie Kennedy was told that us was poor defensive frailties, they conceded 50 goals last season, the most we've ever conceded in the Premier League and they have got problems defensively because this game should be out of reach.",disapproval,0.1028
Had to be dealt with rather rapidly by Sirigu. We have to say goalkeepers nowadays this is such good starting positions. Off the line.,caring,0.0879
After that big beginning to the second period from Bayern Munich.,excitement,0.0917
Alaixys run out with his foot up.,excitement,0.1372
Much better game now Juventus have to come out and search for something. Manchester City got a bit more space. Can play counter attacking football.,excitement,0.1311
Happy those two young centre backs and 40 minutes in. Coutinho runs out. Some of the times with the final ball Mane.,excitement,0.1296
"Bernat signed from Valencia, been a good acquisition.",approval,0.1281
Everybody behind the ball again. Juventus those.,excitement,0.1433
"Rest on their laurels of having made it through as a longer game to play, really.",relief,0.1615
Arda Turan. I'm in a little step. One thing about having.,realization,0.1395
Little push coming in there from Fernando and he still gets his pass away.,annoyance,0.1109
Here's Maxwell Cavani. He likes that look Cavani.,admiration,0.1895
Exploitation of a set piece. Here we put them.,embarrassment,0.0752
He really up the antique in terms of Chelsea expectations when he took over in 2003.,desire,0.0876
"Maccarone. It's only 30 round the back, which it was too far. There's no messing on this occasion. Just puts his foot through it.",annoyance,0.0722
"Mascherano. Moved on by Neymar to Rakitic. It's Alba, who's pulled it across.",curiosity,0.0638
It's amazing what difference one goal can make to a baptism in a new job 95th minute. Adam Lallana Squeezed it home.,surprise,0.356
"Dani Alve's agent who gather is his ex-wife. He's trying to persuade Barcelona to offer him a new contract. What is his ex-wife? Yeah, that's where I read.",confusion,0.1857
That was for Manchester United against Braga. And he wasn't going to miss that one. It's a lovely little one too with Gámez.,caring,0.0974
"He's not scoring 20 appearances this season, just over the halfway line.",disappointment,0.2318
"But as an art form, it's wonderful to see that was brilliant defending there. Any young defenders out there. Strength. Judging where he's going to go.  Here's Pogba.",admiration,0.1616
We'll try and run it off. They do have Jeremy Mathieu on the bench.,curiosity,0.1066
Ander Herrera. Valencia.,realization,0.0796
"Can. The question is rather the occasion has gotten to Liverpool so far, instead of making it more hostile for Manchester United with the bigger ground here. There's no doubt coming into the game with the feeling that Liverpool were big favourites. They were in great form. The expectation levels then switch. United look fully alert and have really played well.",curiosity,0.194
"Was involved in the third goal. Lovely movement, him and Mesut Ozil great performance today. On comesOlivia Giroud to make his fourth substitute appearance of the season. He's not started the game yet. He's never scored against Chelsea as an Arsenal player, he's got 11 minutes or so to do it",excitement,0.099
They've not got the tallest of players either Sevilla.,disapproval,0.0866
And they did their homework and they broke that down so well and it's on again tonight. If they get in the right positions. Lallana's ball forward here to Origi?,curiosity,0.1763
Maybe in early here around the back line in the shot gone most went. Perhaps you can see Maccarone fuming in the mid. An early goal here would have been a. Valentine's romantic treat.,desire,0.1105
Lovely piece of skill from the 18 year old.,admiration,0.1555
"Came close last game, Jimmy, I thought he did OK in that Palace game. Got himself in some good positions.",approval,0.1117
 Mignolet has been very quiet so far in this first half.,neutral,0.091
" We had a look at it back in the studio, he says it was a foul. The fifth official should have spotted it and alerted Danny, estimated the referee here tonight. So in the the opinion of Howard Webb shouldn't have been a goal. But Manchester City won't mind. They lead one nil and a win tonight against Juventus would get them off to the perfect start in the group of course. Although when you see the players think Juventus have and the way they've played tonight, they still have plenty of work to do. We're still a quarter of the match to go. Manuel Pellegrini feeling his team need a second goal before they could. Start to relax. Here's Yaya Touré.",caring,0.0875
A bit of lightning around the southeast of England.,excitement,0.1484
I think we've got two teams that are trying to be very much in the images of their managers. Arsenal are better the first 10 minutes.,confusion,0.0852
"Liverpool get Nathaniel Clyne in the right place, and Manchester City. Getting the corner.",realization,0.1378
"They'd be playing in Paris, in the Champions League in April. Few more to go That Time of the year.",desire,0.0997
He went out to the Champions League at this stage to Manchester United.,excitement,0.1004
Origi ran into Otamendi who's a tough no nonsense customer back there for Manchester City.,excitement,0.1432
"Yeah, Reyes knows exactly what he's doing. I think he had the ball under his control. Then another look about the Aleix Vidal chance.",realization,0.082
"Monreal, as the central defender. Theo Walcott standing on the right, Alexis Sanchez in the middle, player in. Of course, it's gotten Mignolet back pedalling.",approval,0.0832
Bonaventura. Was it out wide to Antonelli. He scored in the previous game. Comfortable for Antonelli. Maccarone. Has control.,caring,0.0921
Ways drifted between Rami and Paletta.,confusion,0.1571
"[commentor]You know one or two, two know his Tottenham background here? I think he got his",curiosity,0.119
"Liverpool will try and keep out of that box away from the goalkeeper, push that line up.",caring,0.0985
He has scored legally a couple of times in this stadium for Verder Bremen. Once in a 5:2 win.,caring,0.093
"The bizarre system that they employ where they have Claudio Bravo as their main man in La Liga, he's played all the games and staying, has played all of the Champions League matches.",confusion,0.1879
The high tempo you have come to.,excitement,0.1328
They are in the walls. There's a flag up against Luis Suarez.,anger,0.1615
"Chelsea finished without, Cesc Fabregas, who got sent off in that Game. Here's Willian.",disappointment,0.1247
"Very passionate, restless men in their respective dugouts Conte and Klopp",excitement,0.3483
Andre Ayew has an outlet in the form of Benjamin Mendy. Mendy's cross is blocked off.,excitement,0.0951
[inaudible] as Ramsey goes down. This is the nature of this. Produced for the culprit. It is That is the nature of the challenge. Follow through- WitLallana wasn't it? Follow through.,confusion,0.0739
Really tempted Arda Turan. I think if he hadn't been booked.,desire,0.1836
"But he can work at a team if he wants to change this going forward. I think they've got the players to do it defensively has been, they're gonna really have to get that right.",desire,0.1264
35 of 89 goals in all competitions this season have come from restarts. Koke. Tiago.,caring,0.078
"But you can't meet an English team, so you know it would help, wouldn't it? Pogba with some lovely play. Alex. Sandro again. This time Otamendi's defending was excellent. Very good clearance from him. Now then, Fernandinho.",caring,0.0995
"Suppose Sanchez. You'd say he's got a big personality and character, but the big leaders who you think would potentially get a grip of this for them aren't really there. [commentor] there's Mignolet to run the Chambers. He's doing just that. Sadio Mané wanting a goal for himself. Yeah, what a glorious goal he's got that is game over.",desire,0.1214
"There's always a possibility that this could be it, but it's a six man wall from Mignolet, but Ronaldo takes on the goalkeeper.",confusion,0.1607
Straight into the arms of. For Maccarone. Caught late. First yellow card of the day.,desire,0.0883
Fans feeling Real Madrid are taking too long.,annoyance,0.1234
"Evra fits that one in towards Morata. It's amazing, isn't it, how some nations are able to develop players of certain types, and they've always been good, haven't they? Italian club sides for developing fantastic central defenders.",admiration,0.1295
"Arsenal. Fans needed that I was just about to say, could become a very difficult and awkward last 25 minutes.",desire,0.0742
"Matip, will deflect from Sturridge.",annoyance,0.1094
Flanagan combining nicely there with Milner.,caring,0.1035
"It's a fantastic touch from Ashley Young before that to bring that David De Gea's kick down, he swings onto the back post. It's never a good sign.",excitement,0.0805
Paris looking to build as Marquinhos's passes deflected it to touch.,excitement,0.1546
Pedro. But they have worked the situation nicely and then Pedro. With a wild effort.,excitement,0.1272
If it's all going to be settled by then could be crucial for both Real Madrid and Sevilla.,realization,0.0971
"Well, he was there to be here, wasn't it?  Pogba keeps his eye's on it, just slices at the anguish.",sadness,0.2497
The first opposition. Just think he needs to know his best shape and his best team.,disapproval,0.1223
"Chambers. [commentor] We started with arguably the story of the weekend up at Hull, beating the Champions with no sort of preparation for the home team at all. All sorts of difficulties getting a line up out. Well done Mickey Phelan and his coaching staff and his players. Still got one more game to go in his round of inaugural fixtures. We've certainly had the game of the weekend here at the Emirates to this point.",approval,0.0853
"Tap in 2-0. Well deserved. That's what happens when you've got winners that have to track fullbacks and they will go asleep. There'll be seconds in the game when they'll go to sleep. But when that ball shifted so quickly, it's a wonderful goal from Arsenal. It's 4-5 passe really quickly. That's when offensive players get caught out, they go to sleep. It's Theo Walcott's third goal of the season. He scored his first Arsenal goal against Chelsea nine years ago and on the day that Alexis Sanchez scored on his 100th appearance for the club feel Walcott scored on his 350th.",approval,0.0921
"You know he'll be disappointed, but not too surprised. Maybe.",disappointment,0.277
"Kompany back there for Manchester City. His fitness, of course, will be a big key for them the rest of the way. It's his third successive start for the back tonight.",caring,0.1049
"Attack up, pass it back, move up.",anger,0.1677
"All these injuries needs must, Zabaleta and Mangala, the latest into the City casualty ward.",caring,0.0737
Here's Lahm Boateng,excitement,0.067
Warning signs to Manchester City to wake it up.,nervousness,0.1678
"No organisation at all. Mane just stands in the middle, stops. Wijnaldum can't just get there. It's a shot from Daniel Sturridge.",confusion,0.1118
"As in the end not going to take any risks with Mandzukic around, you know, I dealt with it well Varane really did well, Garcia.",caring,0.0907
New arrival in the summer. Back to Thiago. And a wonderful chance early on.,optimism,0.2261
"The timing of the run and the pass, not quite in harmony. A great move from Sanchez.",surprise,0.125
[inaudible] as it so often can.,confusion,0.1759
"Well, he can get the team up Griezmann with his pace on the counter. He's he's the outlet.",realization,0.0869
It was always on the move. Put into the areas that he's been charging into it.,excitement,0.1642
"Jose Moreno Needing all the good news he can get, of course.",optimism,0.1238
"We've been a little lucky not to be punished for some of this sloppiness. De Bruyne this time Boucci gets it away and Navas, with the effort trying to end what is a 14 month goal drought.",relief,0.1076
"Close the game down. Well, here's the change to counter the introduction of Aguero.",anger,0.0641
"Jeremy Mathieu, the French International is a bit of a rarity for Barcelona. He's tall. Bringing him on.",excitement,0.1221
Tavano. Tavano lost his footing.,disappointment,0.1331
"It's been an attritional game with two pictures here so far since Liverpool won 4-1 against Leicester, 5-1 against Hull",curiosity,0.0755
That's a good ball in that was beat the first man. Isco. Be another corner.,excitement,0.0984
Plenty of targets. Kompany and Demichelis are in there with Fernando. It's headed away by Luis Suarez.,excitement,0.1192
"And the margins for error against the player of that pace are obviously very small, so.",realization,0.0977
Chance not to be scarred by the result. I think you put your centre backs in the wall where Adam Lallana is and Wijnaldum Just put your centre back in he's gonna shoot. Let them look big. Matcic looks okay on this side.,caring,0.0722
Allegri on the bench here. Sorry. On the sidelines. Just telling the team to calm it down.,remorse,0.2327
For the Bundesliga leaders.,gratitude,0.1714
Nobody of real skill and pace and.,disappointment,0.2352
can be followed right around the continent.,realization,0.1197
"They are bringing on the Kevin Stewart for Wijnaldum, who has been showing signs of fatigue.",nervousness,0.0802
"What's been going on between these two clubs throughout the season at regular intervals, Real Madrid must feel that this is their chance for.",realization,0.1092
Here's Flanagan. Henderson to Milner r and then Lallana. Origi had made the run ahead of him. Lallana can bring it forward and some help from him through for Liverpool.,caring,0.1206
"The battle between the two England right backs today, one on either side of the field. Clyne and Walker.",anger,0.1099
But I'd be happy to give away free kicks this far from goal.,desire,0.2071
His goals the weekend against Espanyol's latest hatrick. It's also inclusive of a right-fotted goal.,caring,0.0918
He's a player that was deemed surplus to requirements initially by Marcelo Bielsa. He then. Really caught Bielsa's eye. In the pre season campaign.,realization,0.1022
"Counterattack. What a good move that was David Silva, as you'd expect wonderful awareness. I'm sure he does get the shout from Raheem Sterling. and he duly obliges.",caring,0.1101
"And only two, Vincent Kompany forward by Touré. Even the flag was up anyway against Wilfried Bony .",desire,0.073
Here's Matic Willian,approval,0.089
He's got it to midfield. Certainly not handball.,realization,0.0871
Dier. Lamela.,realization,0.0811
"The subs down on the touchline, tells us that Raheem Sterling is being warmed up now by Manchester City. They have a corner to defend. First of all though.",excitement,0.1269
"Mbia Again, it's Ronaldo, the target man inside the box. Players looking to find him defense.",confusion,0.1058
"Both teams come into the match warming up by scoring four goals in the League Cup in East Midlands in midweek, Arsenal winning 4-0 at Forest and Chelsea coming from behind to knockout. Leicester and Chelsea have had the upper hand in recent games. They won seven of the last 10 meetings, including here last season when Per Mertesacker was sent off and Diego Costa got the winning goal.",excitement,0.1186
"You can't really underestimate the importance of Fabio Borini tonight for Liverpool. Of course. It's about scoring goals. He's the centre forward but his hold up play his movement has to be good. If the service into Borini is good, he needs to hold that ball up well. More encouraging from Liverpool, Lallana. Moreno is cross. Falls to Lallana's way. Comes down to Emry Chan.",caring,0.0918
"If they carry on defending like this, City, they might be busy today.",pride,0.0966
Real Madrid able to clear the danger Ramos.,realization,0.1319
"So don't forget next Thursday. Don't miss this one. Liverpool against Manchester United in the Europa League 7:15am. The build up starts the first time that these two sides have played against them each other in European competition Tuesday the 15th of March, Manchester City, back in the Champions League with a 3-1 lead at home against Dinamo Kiev in the second leg in the last 16.",caring,0.0893
I wonder if the referee's going to book him for that because that looked like a blatant dive really. He doesn't.,curiosity,0.1605
"Passing at the moment isn't particularly good. Dja Djédjé getting the better of Matuidi, getting the cross in as well. This is Payet.",disappointment,0.2799
"Draw here would suit quite nicely, but it might well come down to trying to win by two goals in the last game in Greece. You really wouldn't want that. It would be a very, very tall order. You'd think, but not impossible. Gabriel comes in with the challenge.",desire,0.1053
Coming up to the last the minute of every regulation time before half time. The angle of three pick is probably the most dangerous. Coutinho takes and nothing in danger,caring,0.1123
"It's a game that you watch in 20 minutes and I think definitely been the better team, but picking up what Jamie said there. I think if Liverpool could somehow put three or four passes together in around the Arsenal midfield with the way in which Chambers and Holding are pushing up, I think we really would get some joy. Just haven't been able to do it yet.",excitement,0.1019
"Game management. We need a bit more than that at the moment Arsenal, but Oxlade Chamberlain has just breathed some life back into the contest. Firmino. [commentor] Trouble. [commentor] Coutinho. Oh he thought the goal keeper was coming.",confusion,0.1121
A little bit of applause there from Brendan Rodgers down in the technical area.,excitement,0.1933
"I think Buffon thought it was fading away, but I think he was coming oh,  fading away.",confusion,0.1932
"Well, Suarez has come on for the home side. Diogo. Well Sevilla. Plenty of time here.",caring,0.0842
"Once they realised they've gone two down, Chelsea, it's roll up your sleeves time for the Blues.",realization,0.2232
Sergio Ramos going for it with Danny Carvajal.,excitement,0.1485
Instead of trying to put a hole in the back of the net.,annoyance,0.1072
Here's Iheanacho. Here's Flanagan again and then Toure. Liverpool preparing to send on Joe Allen.,excitement,0.1494
What you don't do is create an event that lifts the crowd.,excitement,0.1515
Taking the steam out the game. Nathaniel Clyne taking his time with the throw in. Keep it away. from your own defensive 3rd and just.,excitement,0.1013
David Silva. Gaël Clichy.,approval,0.0971
"It's the second time the teams have met in Europe. Juv beat City on route to be away for cup final back in 1976 and Brian Kidd is on the the city bench alongside Pellegrini tonight. Scored in that tie and they drew both meetings. The sides in the Europa League five years ago. The likes of Kompany, Toure, Kelechi were all involved in those matches. It's Juves 45th game against English opposition and they've won 16 of them. In fact, they've only lost one of their last nine. So despite the fact they don't bring good form here to Manchester, they will be formidable.",approval,0.0897
"Well, it's fantastic from Suarez. It's horrific. 5 minutes from David Luiz. He's just put him on toast.",desire,0.0703
"Here's more good work from Lallana, although he runs into Clichy.",curiosity,0.0719
"No Sakho tonight, no Lucas either. So Jurgen Klopp has had to change both of his central defenders. Emry Can, quickly on Fernandinho and he's won his side the free kick as well, which Henderson gets on with. Here's Flanagan.",disapproval,0.0759
"Manchester City, enjoying their best spell of possession they've had so far tonight.",excitement,0.1494
"Here's Can and Fernando was quickly there for Manchester City. Now Flanagan, Origi with the touch to Henderson.",excitement,0.1112
Silva then hit it straight at Henderson.,anger,0.1717
"It's a silly foul because he doesn't need to. He's in trouble anyway, Lovren.",embarrassment,0.1265
"Kolarov who should give them a bit more going forward and with less than 16 minutes to go, and Roberto Firmino's night is done.",annoyance,0.0772
Neuer has come out. And saying that maybe there's something behind the goal. It's concerning him. Will keep an eye on that for you. Thiago.,caring,0.0804
"And it looks to press like a two up front and that's allowing Liverpool to get out easily. They've got three against two in midfield. Sterling gets a shove this time from the Flanagan. The early indications are there won't be far apart tonight, those two. Now look at the pace there of Sterling. He burst clear and Flanagan gives a silly free kick away really facing away from goal and his eagerness to actually please this Anfield faithful. I think to really give him a good.",excitement,0.1302
"In between the two games against Juventus, then up against Espanyol in the final run. Sevilla play almost all of the same teams as Valencia, Real Madrid of course have to play Valencia and then it is Celta Vigo for Sevilla. Fiorentina still in European action.",approval,0.0971
"Obviously, the teams that you selected didn't do the job for you, so it's it's difficult for managers. Of course, big games in in a week. It's it's difficult to get it absolutely right. You play against top-quality opposition in Real Madrid. Chelsea not always easy to find the right balance.",disappointment,0.2107
"The important ones in the top left of the screen, but that tells a story in the bottom right.",confusion,0.097
And in the first half… I mean he's offside.,disapproval,0.1108
Messi's escaped Milner giving it straight to Zabaleta.,annoyance,0.0637
Who attempted the incident? Return that Mascherano did enough with? Better from Lavezzi more intense.,curiosity,0.118
Lack of self discipline in response to the referee's decision.,disapproval,0.1768
"Sanchez, who was dispossessed quickly by Thiago.",disapproval,0.0805
"Coquelin's gone down again off the ball. Yeah, he's coming off, Fletch.",excitement,0.0983
"Yeah, I don't mind shouting that your teammates because you need a bit of help. But look, where's the goalkeeper, feet and nail to the floor. That's why Gary Cahill's so upset. Give me a bit of help.",anger,0.0925
Rashford and Martial have either switched off. Both would have been offside and they have got players that can chase those kind of channel balls.,curiosity,0.0678
"In that run, you can't underestimate the value of the captain.",realization,0.1174
"Wayne Rooney, back in his hometown, of course.",excitement,0.0986
nd the Foul. On the Bernat,annoyance,0.1005
"And Otamendi does well, certainly settled down a lot, hasn't he? As a Premier League centre back now, Nicholas Otamendi, after a difficult start. Yeah, when you playing alongside Vincent Kompany, I think it gives you a little bit more confidence. The pair that have been playing for most of this season have been a little bit shaky. Kompany's come in and calm the whole back four down.",relief,0.1411
"Very effective for Ibrahimovic. Three times he's had the ball n,ow Marcus Rashford. He's made three mistakes. Can Well, he got within range, but.",caring,0.09
"It's gonna be a long od final stretch for Real Madrid. We knew after the second goal, but they'd have it tough towards the end of the game. Sevilla going to be pushing all the way to keep up that undefeated record.",desire,0.081
Got caught coming forward Gerard Pique. Once he committed himself. He felt like he wanted to hit the yellow card.,desire,0.1264
"A corner and you see once again the French full back, this time Trémoulinas asking the fans to lift.",excitement,0.1105
Fellaini breaks it up for United. Now Blind,confusion,0.1556
"Still a great percentage, though. David De Gea's better safe from the first half.",relief,0.0968
"Mane's bach heel, It's a strong one as it nearly reached Sturridge. It was good from Herera sensing danger. Better from Liverpool, a little bit like them. Coutinho getting on the ball slipping through the lines. It's been a bit harder for Manchester United to keep Liverpool.",excitement,0.1173
"Yeah, almost instinctively led towards the flight of the ball.",excitement,0.1724
[commentor]Good movement by Roberto Firmino. Liverpool looking to choke,excitement,0.131
Tiago. On the tentative side from Saaul.,nervousness,0.1039
"I think he's their best defender. One by one. I think he's so aggressive and physical. I think he's here replaceable for this Arsenal team. But Gabrielle, another athletic, aggressive defender, great opportunity for him this evening.",excitement,0.1244
"I think he's given a very simple instruction, Jose Mourinho. Don't allow yourselves to be pressed. What do you make of Jurgen Klopp's selection? He's moved Coutinho back. He's moved Firmino out wide. Daniel Sturridge, obviously the next in line to come into the team, but let's not lose a little bit of the energy that they've had in their successful start to the season. There's no doubt the United player coach fan learning that Lallana and Wijnaldum weren't playing. I think that you feel your chances have gone up.",curiosity,0.0933
It's intended for Silva. Neatly done by Henderson. And now Firmino. Good tracking back there by Fernando.,caring,0.1313
More freely now loops it back somewhere between Mathieu and Piqué. Between the Barcelona defenders.,confusion,0.1377
I certainly wouldn't be taking Harry Kane off the field.,disapproval,0.1104
"Yeah, it's better in the sense that they don't concede, of course, because Manchester City did last.",realization,0.146
"7 or 8 minutes really well, Liverpool. Crowd have been.",excitement,0.1138
"But what about Aguero's chance? Well, they had two really. Wilfried Bony after that. This was probably the most clear cut. At the far post with his head.",curiosity,0.1106
Varane. Pepe. Sergio Ramos. Intricate from Real Madrid.,curiosity,0.0889
Only had the 3000 the minority in the stadium questioning the referee as to. That might have been. A penalty decision in their favour.,curiosity,0.1336
You do feel that for the first night in the Champions League it's actually quiet in the stadium?,curiosity,0.2535
Inside the 1-2 with Aleix Vidal not coming off.,disappointment,0.1168
"Turning teams over 2/3 making twenty chances. Again, this is early quiet today.",relief,0.1014
Iniesta trying to free Luis Suarez. He's got to try and break free now of Gregory Van der Wiel.,desire,0.0814
Been very conspicuous in the first third of the game.,realization,0.1141
"Just to get through the challenge of Carzola now, Willian, Ivanovic. Kante Matic Now David Luiz.",curiosity,0.0835
"Clumsy more than anything from Rodriguez, but brilliant work from Markovitz, they want him to try and get over the halfway line and affect the game in an attacking sense. But Liverpool are so deep he's having to really run the ball out. Nothing ahead of him to pass to. He's got to do it all himself.",desire,0.1009
"Henderson outwards Milner, just can't quite reach it.",confusion,0.2274
Ibrahimovic has lost out. Ocampos now.,disappointment,0.1336
Keepers love it at that height. It's nice to be able to push away.,relief,0.1299
Not sure why Pogba didn't go over a hunt on him and chase him down.,confusion,0.2556
"Here's Ngolo Kante, Diego Costa away by Koscielny. Now Mesut Ozil. Xhaka",excitement,0.0692
"Particularly after the first pass, that was a little nervy.",annoyance,0.2203
 It will be a goal kick to be taken by Casillas,realization,0.0908
Fernandinho is going to be the first of those substitutes to be used. I rather expected him to be in the starting lineup. Has started the last four games.,desire,0.1184
Football for Sparta Prague and Vitas Arnhem and Swansea City but this? Is his first time on the mainstage.,confusion,0.1569
Thankfully so far. Croce. Zieliński.,relief,0.2769
Costa has taken up the position just outside the six yard box of Arsenal. It was defended comfortably though and then Ivanovitc with the last touch.,caring,0.0809
Isco just gets the ball back to Marcelo. Good one-two with Cristiano Ronaldo. Marcelo inside James. James goes down. It's a good position. It's. a similar position. First half with Ronaldo.,approval,0.0945
"Pellegrini won the League Cup for the second time on Sunday, says the experience will be the key the rest of the way. Vincent Kompany talked about it being hunting season for Manchester City in the build up to this one. Here's Navas.",excitement,0.1255
"And they've also won a trophy in that run as well, the League Cup.",realization,0.1074
Klavan headed it in the first half. This time Callum Chambers just gets that crucial little touch. Klavan just behind him. I think he just gets he tripped up. Not sure.,confusion,0.146
